{"type":"FeatureCollection","name":"pennsylvania_cities","crs":{"type":"name","properties":{"name":"urn:ogc:def:crs:OGC:1.3:CRS84"}},"features":[{"type":"Feature","properties":{"NAME":"Aliquippa","FULLNAME":"Aliquippa city","TYPE":"City","COUNTY":"Beaver","STATE":"Pennsylvania","GEOID":"4200820","TERRITORY":"PA West"},"geometry":{"type":"Polygon","coordinates":[[[-80.292488,40.608152],[-80.287878,40.610142],[-80.285529,40.613017],[-80.28655,40.615056],[-80.289894,40.617364],[-80.287699,40.620292],[-80.285628,40.617026],[-80.282576,40.618117],[-80.281657,40.616396],[-80.278272,40.618115],[-80.271582,40.617394],[-80.262411,40.620251],[-80.262606,40.621592],[-80.257437,40.623092],[-80.257222,40.622646],[-80.25373,40.623854],[-80.252872,40.624759],[-80.252497,40.630992],[-80.25225,40.631336],[-80.249085,40.629991],[-80.246963,40.630041],[-80.247057,40.631221],[-80.245688,40.631992],[-80.246306,40.633933],[-80.246905,40.633944],[-80.24717,40.644567],[-80.250425,40.649399],[-80.247007,40.650714],[-80.244431,40.646343],[-80.242985,40.645766],[-80.242925,40.644154],[-80.242681,40.64307],[-80.241582,40.640066],[-80.24046,40.637825],[-80.23907,40.636161],[-80.235676,40.632926],[-80.235269,40.632126],[-80.23335,40.63227],[-80.233328,40.631794],[-80.233082,40.631766],[-80.232983,40.626249],[-80.234682,40.615466],[-80.235682,40.603867],[-80.236176,40.602166],[-80.236599,40.598861],[-80.236044,40.59236],[-80.235182,40.585867],[-80.234963,40.585231],[-80.237829,40.584841],[-80.239975,40.591643],[-80.240435,40.5916],[-80.240601,40.592128],[-80.241319,40.594823],[-80.241729,40.597796],[-80.241867,40.600669],[-80.242122,40.600574],[-80.242163,40.600944],[-80.242459,40.609928],[-80.244284,40.60986],[-80.244273,40.608901],[-80.247039,40.606574],[-80.252448,40.605891],[-80.251709,40.603176],[-80.252315,40.602985],[-80.251728,40.600975],[-80.252018,40.600913],[-80.253244,40.597809],[-80.254933,40.597796],[-80.257289,40.60307],[-80.262085,40.603072],[-80.262267,40.604348],[-80.27087,40.603511],[-80.27481,40.600911],[-80.279127,40.602951],[-80.280851,40.60451],[-80.281681,40.604298],[-80.282336,40.605948],[-80.284733,40.605114],[-80.285842,40.606879],[-80.286527,40.606534],[-80.289067,40.603793],[-80.290066,40.604065],[-80.292488,40.608152]]]}},{"type":"Feature","properties":{"NAME":"Allentown","FULLNAME":"Allentown city","TYPE":"City","COUNTY":"Lehigh","STATE":"Pennsylvania","GEOID":"4202000","TERRITORY":"PA East"},"geometry":{"type":"MultiPolygon","coordinates":[[[[-75.529835,40.604417],[-75.512581,40.609186],[-75.513328,40.610786],[-75.506055,40.612792],[-75.506402,40.616071],[-75.506004,40.616079],[-75.500061,40.613433],[-75.498676,40.613817],[-75.50087,40.618383],[-75.498029,40.617363],[-75.494839,40.616465],[-75.488582,40.615261],[-75.487055,40.612188],[-75.476759,40.617983],[-75.476721,40.618155],[-75.478516,40.619624],[-75.479729,40.622096],[-75.48053,40.622483],[-75.481555,40.622704],[-75.481629,40.622857],[-75.482818,40.623086],[-75.483577,40.623093],[-75.485843,40.622658],[-75.485306,40.623328],[-75.486756,40.623972],[-75.488994,40.624062],[-75.488996,40.624356],[-75.487123,40.624988],[-75.487109,40.624658],[-75.484939,40.623924],[-75.481997,40.623627],[-75.481841,40.623473],[-75.479568,40.62319],[-75.477036,40.623003],[-75.476859,40.623109],[-75.476028,40.621245],[-75.476171,40.619729],[-75.475075,40.619106],[-75.474132,40.618984],[-75.472781,40.61939],[-75.472413,40.619198],[-75.46865,40.619385],[-75.466613,40.618927],[-75.465905,40.61911],[-75.463839,40.619143],[-75.467301,40.622411],[-75.465912,40.623278],[-75.465413,40.622802],[-75.459556,40.623967],[-75.460387,40.624717],[-75.460409,40.625303],[-75.460952,40.625929],[-75.462595,40.628571],[-75.462895,40.628794],[-75.462728,40.628946],[-75.461427,40.628997],[-75.460924,40.629198],[-75.449941,40.631161],[-75.445673,40.631596],[-75.423744,40.636006],[-75.422054,40.634333],[-75.419638,40.616097],[-75.421192,40.615748],[-75.422415,40.615056],[-75.426813,40.608298],[-75.427852,40.60725],[-75.437817,40.601764],[-75.441851,40.599996],[-75.440624,40.596148],[-75.440335,40.596168],[-75.44038,40.595816],[-75.436758,40.596565],[-75.436107,40.592512],[-75.438268,40.591978],[-75.437819,40.588608],[-75.443594,40.588184],[-75.443435,40.586605],[-75.450176,40.586146],[-75.449535,40.581739],[-75.448943,40.581558],[-75.447817,40.581577],[-75.446371,40.577143],[-75.445999,40.573288],[-75.447657,40.572245],[-75.446495,40.572534],[-75.445859,40.571342],[-75.44698,40.570851],[-75.447561,40.571585],[-75.447779,40.5715],[-75.448153,40.571908],[-75.454197,40.567704],[-75.459499,40.573816],[-75.462659,40.572431],[-75.461507,40.57091],[-75.461184,40.571043],[-75.460913,40.570387],[-75.459297,40.568574],[-75.460588,40.568135],[-75.457784,40.56495],[-75.461582,40.562064],[-75.474924,40.553804],[-75.475686,40.553777],[-75.478534,40.554718],[-75.483216,40.556541],[-75.483272,40.556681],[-75.487737,40.558763],[-75.488827,40.556739],[-75.498603,40.559614],[-75.498469,40.561627],[-75.499681,40.560771],[-75.501487,40.561752],[-75.498555,40.563906],[-75.498689,40.566738],[-75.498894,40.567795],[-75.4998,40.567535],[-75.505794,40.564765],[-75.511464,40.563559],[-75.511082,40.562165],[-75.507723,40.559528],[-75.507305,40.559506],[-75.505588,40.558622],[-75.505996,40.557119],[-75.506978,40.557866],[-75.507818,40.556937],[-75.507662,40.556398],[-75.505726,40.555728],[-75.50502,40.556478],[-75.504163,40.556247],[-75.502811,40.556315],[-75.501858,40.556175],[-75.501044,40.555783],[-75.499635,40.55451],[-75.498639,40.554141],[-75.498296,40.553847],[-75.498158,40.553406],[-75.498413,40.552029],[-75.499165,40.551231],[-75.500527,40.550611],[-75.501709,40.552579],[-75.501817,40.552532],[-75.50064,40.550578],[-75.501721,40.550176],[-75.503495,40.551184],[-75.504131,40.551083],[-75.504889,40.5528],[-75.503333,40.554277],[-75.504837,40.554958],[-75.507701,40.555767],[-75.50838,40.556205],[-75.509393,40.557055],[-75.508461,40.557997],[-75.50879,40.558516],[-75.509531,40.558591],[-75.509989,40.558879],[-75.509634,40.559333],[-75.512604,40.56059],[-75.513209,40.561005],[-75.513449,40.561245],[-75.513387,40.562088],[-75.513772,40.562584],[-75.514778,40.562803],[-75.51647,40.562414],[-75.515435,40.564297],[-75.514175,40.565451],[-75.508042,40.566912],[-75.505843,40.567279],[-75.504312,40.568357],[-75.500879,40.569066],[-75.500207,40.569381],[-75.499757,40.569855],[-75.499521,40.570414],[-75.498785,40.573588],[-75.499363,40.574158],[-75.499606,40.574163],[-75.497851,40.576409],[-75.497301,40.576286],[-75.496371,40.577076],[-75.495165,40.579909],[-75.494613,40.580211],[-75.492126,40.580712],[-75.491363,40.580452],[-75.490701,40.58051],[-75.488114,40.58146],[-75.487517,40.581894],[-75.486565,40.583197],[-75.48462,40.584229],[-75.48439,40.584691],[-75.485055,40.586377],[-75.489303,40.587076],[-75.490222,40.588788],[-75.491594,40.588892],[-75.492975,40.58811],[-75.494218,40.587927],[-75.495858,40.587141],[-75.496673,40.587366],[-75.496789,40.587533],[-75.49749,40.587112],[-75.497436,40.586973],[-75.497696,40.586684],[-75.499309,40.585942],[-75.501189,40.584276],[-75.503209,40.58411],[-75.512275,40.582325],[-75.512421,40.582647],[-75.513794,40.582553],[-75.517006,40.583666],[-75.516301,40.584191],[-75.516065,40.584009],[-75.514727,40.584971],[-75.514972,40.585166],[-75.513851,40.585991],[-75.514033,40.586113],[-75.517941,40.583174],[-75.519476,40.581724],[-75.519783,40.582454],[-75.52181,40.581135],[-75.523166,40.585475],[-75.52123,40.588411],[-75.523087,40.588014],[-75.523167,40.588112],[-75.523934,40.587634],[-75.524284,40.587861],[-75.5245,40.587808],[-75.525057,40.588468],[-75.524712,40.588604],[-75.524927,40.589338],[-75.522345,40.589783],[-75.524081,40.593401],[-75.5254,40.592284],[-75.525594,40.592339],[-75.525819,40.592928],[-75.524381,40.594291],[-75.524511,40.594563],[-75.524097,40.594693],[-75.523841,40.594415],[-75.523408,40.594544],[-75.523259,40.594231],[-75.522459,40.594972],[-75.52492,40.600151],[-75.528272,40.599326],[-75.529835,40.604417]],[[-75.498895,40.612858],[-75.498257,40.61256],[-75.498024,40.612462],[-75.498296,40.613021],[-75.498895,40.612858]]],[[[-75.548038,40.595516],[-75.54744,40.596888],[-75.546317,40.598446],[-75.54713,40.600534],[-75.545556,40.600946],[-75.545736,40.601767],[-75.529586,40.6027],[-75.528004,40.597434],[-75.527843,40.597475],[-75.525959,40.592903],[-75.524927,40.589338],[-75.525661,40.589182],[-75.526548,40.588746],[-75.528028,40.589198],[-75.528614,40.588588],[-75.530495,40.589028],[-75.531698,40.58709],[-75.530394,40.586283],[-75.531329,40.585664],[-75.531901,40.586297],[-75.532744,40.585916],[-75.533199,40.586798],[-75.533569,40.586696],[-75.541946,40.589112],[-75.546506,40.589972],[-75.545431,40.592172],[-75.545671,40.592703],[-75.54537,40.592785],[-75.545751,40.593585],[-75.544785,40.593644],[-75.544259,40.594765],[-75.548038,40.595516]]]]}},{"type":"Feature","properties":{"NAME":"Altoona","FULLNAME":"Altoona city","TYPE":"City","COUNTY":"Blair","STATE":"Pennsylvania","GEOID":"4202184","TERRITORY":"PA West"},"geometry":{"type":"Polygon","coordinates":[[[-78.432978,40.47906],[-78.429477,40.482944],[-78.430879,40.483643],[-78.430116,40.484837],[-78.429478,40.48484],[-78.429368,40.484346],[-78.429122,40.484339],[-78.42905,40.484561],[-78.428972,40.484337],[-78.428675,40.484838],[-78.428069,40.484536],[-78.425064,40.487424],[-78.427775,40.48803],[-78.426973,40.489624],[-78.425559,40.49372],[-78.425073,40.494705],[-78.422862,40.496499],[-78.423368,40.4971],[-78.424272,40.496403],[-78.42598,40.497604],[-78.424386,40.49909],[-78.425179,40.499697],[-78.423672,40.501193],[-78.419863,40.503977],[-78.418203,40.504737],[-78.422079,40.506678],[-78.42168,40.507176],[-78.424785,40.509476],[-78.416162,40.514147],[-78.419978,40.51645],[-78.418605,40.517792],[-78.418847,40.518007],[-78.416614,40.519494],[-78.415727,40.520287],[-78.417157,40.521229],[-78.416266,40.522076],[-78.417991,40.523255],[-78.412394,40.528265],[-78.413174,40.528612],[-78.411599,40.531508],[-78.410369,40.534293],[-78.410669,40.535289],[-78.408024,40.537924],[-78.409669,40.538383],[-78.411378,40.539283],[-78.411081,40.540782],[-78.411537,40.541334],[-78.411353,40.541587],[-78.40947,40.543281],[-78.40902,40.543249],[-78.407811,40.542812],[-78.407967,40.54257],[-78.407071,40.54227],[-78.406864,40.542665],[-78.406168,40.542369],[-78.406467,40.542067],[-78.405861,40.541868],[-78.405563,40.542264],[-78.40426,40.541666],[-78.403954,40.541865],[-78.402752,40.540965],[-78.400944,40.540462],[-78.401336,40.53986],[-78.399534,40.539358],[-78.398332,40.538658],[-78.397029,40.538357],[-78.396424,40.537956],[-78.395783,40.538487],[-78.39534,40.538251],[-78.394424,40.539274],[-78.393029,40.538547],[-78.39123,40.540603],[-78.39033,40.540118],[-78.389804,40.540737],[-78.389307,40.540635],[-78.388728,40.541273],[-78.388233,40.541071],[-78.387897,40.54143],[-78.38696,40.540963],[-78.386597,40.541332],[-78.385693,40.541125],[-78.384078,40.541144],[-78.382663,40.543231],[-78.381645,40.544393],[-78.382482,40.544813],[-78.38168,40.54571],[-78.38289,40.546212],[-78.380583,40.549701],[-78.38209,40.549598],[-78.381686,40.550995],[-78.384605,40.551404],[-78.384103,40.553999],[-78.382295,40.553792],[-78.381786,40.554785],[-78.370955,40.553368],[-78.371232,40.554065],[-78.370252,40.553967],[-78.36995,40.552071],[-78.370954,40.552074],[-78.371052,40.551375],[-78.371451,40.550976],[-78.372855,40.547887],[-78.375261,40.5433],[-78.377056,40.540413],[-78.37856,40.537417],[-78.380167,40.535924],[-78.383176,40.535733],[-78.383897,40.535375],[-78.3867,40.532098],[-78.389167,40.528782],[-78.387177,40.527657],[-78.388179,40.526562],[-78.385668,40.525093],[-78.384749,40.52577],[-78.384475,40.525489],[-78.382932,40.526932],[-78.382261,40.526551],[-78.384216,40.524306],[-78.380964,40.522556],[-78.377356,40.52665],[-78.374936,40.52913],[-78.368915,40.526221],[-78.365299,40.52482],[-78.364695,40.524418],[-78.369708,40.517342],[-78.369201,40.516444],[-78.371106,40.514851],[-78.370608,40.514452],[-78.369532,40.513979],[-78.374995,40.508411],[-78.375935,40.50887],[-78.380327,40.505092],[-78.37671,40.502388],[-78.377612,40.501493],[-78.382488,40.497455],[-78.383157,40.497881],[-78.38413,40.496818],[-78.385232,40.496221],[-78.390771,40.499705],[-78.392535,40.49587],[-78.39414,40.496379],[-78.395458,40.494406],[-78.395556,40.494243],[-78.392157,40.493442],[-78.394059,40.489652],[-78.39104,40.48755],[-78.391238,40.48717],[-78.389895,40.48612],[-78.392147,40.484859],[-78.39315,40.484461],[-78.395753,40.478781],[-78.39665,40.479981],[-78.397451,40.477483],[-78.396592,40.476741],[-78.396753,40.475791],[-78.397971,40.473301],[-78.398429,40.471164],[-78.399144,40.470693],[-78.398246,40.469503],[-78.400051,40.468509],[-78.401153,40.468212],[-78.402564,40.470013],[-78.400727,40.470878],[-78.400997,40.471238],[-78.402668,40.470823],[-78.406181,40.472614],[-78.407086,40.473315],[-78.408091,40.475214],[-78.418014,40.469447],[-78.417416,40.468745],[-78.416812,40.469045],[-78.415709,40.468052],[-78.415408,40.467446],[-78.416907,40.466153],[-78.41791,40.466253],[-78.426544,40.470162],[-78.432347,40.477915],[-78.432978,40.47906]],[[-78.405054,40.486885],[-78.404191,40.485383],[-78.403585,40.484883],[-78.403385,40.484186],[-78.402273,40.483084],[-78.402076,40.483682],[-78.401228,40.483071],[-78.401171,40.482981],[-78.402273,40.482684],[-78.401675,40.482085],[-78.40041,40.481458],[-78.397914,40.480732],[-78.39706,40.482876],[-78.397637,40.48316],[-78.397261,40.484368],[-78.400155,40.485272],[-78.399624,40.486372],[-78.398644,40.486076],[-78.398466,40.486668],[-78.399338,40.486962],[-78.398656,40.488365],[-78.395458,40.487461],[-78.394258,40.489454],[-78.395361,40.490353],[-78.397168,40.491408],[-78.397687,40.490364],[-78.398876,40.490664],[-78.399778,40.489563],[-78.400032,40.489654],[-78.39945,40.490984],[-78.399946,40.491184],[-78.400777,40.489128],[-78.401127,40.488684],[-78.402329,40.489282],[-78.403407,40.490387],[-78.402733,40.491776],[-78.401887,40.491866],[-78.401988,40.493464],[-78.400986,40.493857],[-78.398978,40.492855],[-78.398474,40.494353],[-78.399181,40.496649],[-78.400592,40.496751],[-78.403602,40.497953],[-78.404502,40.496262],[-78.401891,40.494859],[-78.404698,40.492569],[-78.404904,40.491267],[-78.404497,40.488581],[-78.404991,40.48787],[-78.405054,40.486885]],[[-78.392603,40.53236],[-78.390505,40.531568],[-78.390529,40.531744],[-78.389188,40.531356],[-78.387812,40.533047],[-78.389427,40.533631],[-78.390896,40.532355],[-78.392207,40.533056],[-78.392603,40.53236]]]}},{"type":"Feature","properties":{"NAME":"Arnold","FULLNAME":"Arnold city","TYPE":"City","COUNTY":"Westmoreland","STATE":"Pennsylvania","GEOID":"4203088","TERRITORY":"PA West"},"geometry":{"type":"Polygon","coordinates":[[[-79.77437,40.569767],[-79.774001,40.575771],[-79.773331,40.580758],[-79.772285,40.583788],[-79.770371,40.586366],[-79.769154,40.585685],[-79.766673,40.585212],[-79.762448,40.586211],[-79.761314,40.585947],[-79.760093,40.586251],[-79.759134,40.586145],[-79.758334,40.585878],[-79.759485,40.58412],[-79.757932,40.5836],[-79.758143,40.583259],[-79.751951,40.582562],[-79.750593,40.580311],[-79.757155,40.581077],[-79.75675,40.5792],[-79.757302,40.57915],[-79.756851,40.577778],[-79.755306,40.578671],[-79.754485,40.577868],[-79.760342,40.574382],[-79.76021,40.57396],[-79.765438,40.572558],[-79.765504,40.57236],[-79.766849,40.571887],[-79.77437,40.569767]]]}},{"type":"Feature","properties":{"NAME":"Beaver Falls","FULLNAME":"Beaver Falls city","TYPE":"City","COUNTY":"Beaver","STATE":"Pennsylvania","GEOID":"4204792","TERRITORY":"PA West"},"geometry":{"type":"Polygon","coordinates":[[[-80.335141,40.78832],[-80.334045,40.78913],[-80.333077,40.789577],[-80.331198,40.790128],[-80.329263,40.790335],[-80.326184,40.784866],[-80.323983,40.782567],[-80.319062,40.779219],[-80.316581,40.766968],[-80.316613,40.766361],[-80.316183,40.763967],[-80.314984,40.762566],[-80.312785,40.760765],[-80.310704,40.758646],[-80.309832,40.757672],[-80.308936,40.756129],[-80.308582,40.753152],[-80.309539,40.750968],[-80.312964,40.74789],[-80.315522,40.744775],[-80.318672,40.740374],[-80.319341,40.739071],[-80.319833,40.739246],[-80.319954,40.73884],[-80.331842,40.749056],[-80.331754,40.761783],[-80.328256,40.762078],[-80.323433,40.762136],[-80.323719,40.763285],[-80.324405,40.76457],[-80.328397,40.769421],[-80.328994,40.769916],[-80.330278,40.771763],[-80.330763,40.77364],[-80.330561,40.778627],[-80.330609,40.779927],[-80.330987,40.781752],[-80.331853,40.783752],[-80.334622,40.787325],[-80.335141,40.78832]]]}},{"type":"Feature","properties":{"NAME":"Bethlehem","FULLNAME":"Bethlehem city","TYPE":"City","COUNTY":"Northampton","STATE":"Pennsylvania","GEOID":"4206088","TERRITORY":"PA East"},"geometry":{"type":"Polygon","coordinates":[[[-75.431256,40.644215],[-75.43074,40.645438],[-75.430335,40.647198],[-75.430258,40.64926],[-75.428831,40.650981],[-75.428877,40.651203],[-75.430028,40.651103],[-75.42954,40.653052],[-75.428835,40.654968],[-75.425936,40.655195],[-75.42605,40.655864],[-75.422704,40.656983],[-75.423061,40.657989],[-75.420288,40.658684],[-75.419569,40.65802],[-75.419067,40.658342],[-75.416268,40.655617],[-75.413659,40.652771],[-75.406783,40.646306],[-75.399791,40.640108],[-75.392891,40.634415],[-75.391852,40.633849],[-75.387464,40.633122],[-75.387615,40.633971],[-75.388317,40.634899],[-75.39258,40.639373],[-75.39311,40.639251],[-75.393409,40.639857],[-75.395938,40.639569],[-75.396869,40.644551],[-75.387272,40.645921],[-75.386981,40.646419],[-75.386362,40.646935],[-75.385195,40.6474],[-75.381644,40.647324],[-75.380553,40.647541],[-75.37974,40.647997],[-75.379539,40.648401],[-75.380354,40.649361],[-75.380506,40.649831],[-75.381673,40.651591],[-75.381646,40.65289],[-75.381783,40.653029],[-75.381595,40.653639],[-75.381101,40.65412],[-75.380158,40.65581],[-75.380193,40.656204],[-75.379697,40.65712],[-75.38144,40.660601],[-75.381368,40.66088],[-75.379706,40.662635],[-75.379456,40.663128],[-75.379254,40.663252],[-75.378699,40.66319],[-75.377716,40.664019],[-75.377336,40.66415],[-75.376207,40.665275],[-75.376004,40.665861],[-75.375613,40.666257],[-75.374763,40.666517],[-75.37283,40.666271],[-75.373046,40.66778],[-75.362385,40.672732],[-75.342712,40.667198],[-75.341777,40.662092],[-75.341403,40.662023],[-75.338239,40.65393],[-75.336261,40.652066],[-75.338308,40.649899],[-75.344498,40.645125],[-75.344602,40.644529],[-75.342292,40.629714],[-75.350192,40.629146],[-75.349391,40.622796],[-75.347405,40.622984],[-75.347004,40.620342],[-75.344827,40.620715],[-75.342305,40.620798],[-75.335624,40.620602],[-75.333955,40.622174],[-75.327636,40.622324],[-75.326799,40.616664],[-75.326295,40.616365],[-75.323583,40.617884],[-75.316582,40.618485],[-75.314139,40.619185],[-75.312267,40.620074],[-75.311762,40.619713],[-75.311224,40.619719],[-75.31146,40.617762],[-75.312257,40.617733],[-75.31204,40.616292],[-75.308885,40.616104],[-75.308788,40.615662],[-75.307993,40.615514],[-75.307544,40.614773],[-75.305689,40.61512],[-75.30611,40.616399],[-75.306063,40.616875],[-75.303421,40.617282],[-75.302996,40.606191],[-75.306794,40.605052],[-75.314023,40.603573],[-75.319478,40.601361],[-75.330804,40.593757],[-75.340085,40.5932],[-75.340413,40.596157],[-75.343645,40.59639],[-75.34452,40.593083],[-75.344241,40.588017],[-75.344886,40.588004],[-75.345014,40.587375],[-75.346772,40.587315],[-75.347142,40.587157],[-75.348227,40.585767],[-75.348119,40.585326],[-75.347358,40.58428],[-75.346533,40.584022],[-75.345721,40.583385],[-75.34545,40.58298],[-75.344133,40.582299],[-75.344049,40.581683],[-75.344157,40.581505],[-75.343958,40.580963],[-75.34492,40.579791],[-75.345097,40.579166],[-75.344987,40.578961],[-75.358821,40.578004],[-75.359861,40.578992],[-75.360415,40.579304],[-75.363063,40.579926],[-75.363682,40.580236],[-75.364261,40.585048],[-75.361787,40.585197],[-75.3617,40.585308],[-75.362893,40.591795],[-75.36317,40.593197],[-75.363495,40.593166],[-75.363509,40.59347],[-75.366838,40.599647],[-75.367456,40.599669],[-75.367519,40.600663],[-75.390635,40.600677],[-75.388559,40.614423],[-75.40413,40.61237],[-75.406584,40.612196],[-75.407307,40.612276],[-75.408068,40.612824],[-75.408618,40.614197],[-75.409382,40.61524],[-75.41152,40.616443],[-75.4134,40.616877],[-75.415242,40.616925],[-75.417336,40.616835],[-75.419638,40.616097],[-75.422054,40.634333],[-75.425685,40.638122],[-75.426516,40.642627],[-75.431256,40.644215]]]}},{"type":"Feature","properties":{"NAME":"Bradford","FULLNAME":"Bradford city","TYPE":"City","COUNTY":"McKean","STATE":"Pennsylvania","GEOID":"4208040","TERRITORY":"PA West"},"geometry":{"type":"Polygon","coordinates":[[[-78.670723,41.946554],[-78.668258,41.949276],[-78.665718,41.951378],[-78.666112,41.955119],[-78.666384,41.955637],[-78.664289,41.956907],[-78.664247,41.957128],[-78.662384,41.957182],[-78.662517,41.958761],[-78.663221,41.960032],[-78.663666,41.960164],[-78.667437,41.959551],[-78.667068,41.961613],[-78.666784,41.961705],[-78.666491,41.962057],[-78.666795,41.962186],[-78.666493,41.962414],[-78.666424,41.962787],[-78.66692,41.962732],[-78.666775,41.963117],[-78.666528,41.963084],[-78.666355,41.963309],[-78.665071,41.963146],[-78.665199,41.962879],[-78.664799,41.962784],[-78.664531,41.963059],[-78.664045,41.962932],[-78.664065,41.962617],[-78.662912,41.961935],[-78.662901,41.965304],[-78.65674,41.965361],[-78.646989,41.966087],[-78.641226,41.966305],[-78.64148,41.969227],[-78.646228,41.969007],[-78.646182,41.968579],[-78.647715,41.968528],[-78.648165,41.976869],[-78.646185,41.976083],[-78.64593,41.976361],[-78.645354,41.976088],[-78.645568,41.975829],[-78.644158,41.97459],[-78.643173,41.974245],[-78.642987,41.973196],[-78.641735,41.973264],[-78.641729,41.973648],[-78.635953,41.973748],[-78.635959,41.973918],[-78.635319,41.973952],[-78.63541,41.974924],[-78.630483,41.976317],[-78.630594,41.976698],[-78.629413,41.976849],[-78.626346,41.976901],[-78.627347,41.974],[-78.626857,41.973921],[-78.625727,41.976921],[-78.624292,41.97693],[-78.624184,41.975306],[-78.623594,41.973781],[-78.619285,41.972416],[-78.615044,41.970714],[-78.621764,41.957617],[-78.635428,41.957601],[-78.635339,41.953102],[-78.635674,41.953068],[-78.635392,41.948772],[-78.637381,41.948661],[-78.637127,41.943245],[-78.641233,41.943074],[-78.644301,41.943864],[-78.646739,41.942871],[-78.648217,41.942851],[-78.648274,41.942598],[-78.65187,41.942521],[-78.651958,41.942218],[-78.652172,41.942229],[-78.652488,41.941388],[-78.653935,41.941681],[-78.653945,41.941525],[-78.656029,41.941246],[-78.655502,41.94479],[-78.654267,41.948246],[-78.656939,41.948231],[-78.657106,41.953005],[-78.657505,41.954014],[-78.657133,41.954469],[-78.658747,41.954221],[-78.662049,41.952567],[-78.662192,41.952513],[-78.662179,41.952854],[-78.664905,41.95156],[-78.667044,41.950019],[-78.67042,41.94645],[-78.670723,41.946554]]]}},{"type":"Feature","properties":{"NAME":"Butler","FULLNAME":"Butler city","TYPE":"City","COUNTY":"Butler","STATE":"Pennsylvania","GEOID":"4210464","TERRITORY":"PA West"},"geometry":{"type":"Polygon","coordinates":[[[-79.914582,40.869721],[-79.91263,40.869752],[-79.909434,40.867758],[-79.909461,40.868069],[-79.908747,40.86816],[-79.908659,40.868586],[-79.908834,40.869385],[-79.909048,40.869377],[-79.909194,40.868933],[-79.909386,40.869815],[-79.909916,40.869798],[-79.910195,40.875384],[-79.908884,40.875445],[-79.909122,40.87732],[-79.9084,40.877355],[-79.908523,40.87832],[-79.906661,40.878506],[-79.906665,40.878771],[-79.905832,40.878787],[-79.905743,40.878958],[-79.903463,40.879168],[-79.902396,40.878941],[-79.900864,40.879074],[-79.900831,40.878261],[-79.901977,40.878201],[-79.905099,40.875564],[-79.906072,40.875533],[-79.905829,40.87238],[-79.894912,40.872674],[-79.895162,40.874171],[-79.89489,40.875142],[-79.89372,40.874565],[-79.893461,40.873415],[-79.893545,40.872811],[-79.881935,40.873236],[-79.881572,40.865233],[-79.881121,40.865503],[-79.880892,40.865269],[-79.879867,40.865888],[-79.87953,40.866426],[-79.878916,40.866268],[-79.880328,40.863429],[-79.880884,40.862748],[-79.881433,40.862515],[-79.881069,40.857388],[-79.881008,40.853996],[-79.878007,40.853838],[-79.877912,40.855011],[-79.875345,40.854511],[-79.876454,40.854],[-79.879817,40.851239],[-79.879726,40.848351],[-79.883319,40.848233],[-79.88328,40.849048],[-79.887993,40.848881],[-79.88809,40.850151],[-79.889846,40.850091],[-79.889886,40.847658],[-79.890368,40.847932],[-79.890424,40.848379],[-79.896164,40.848199],[-79.896331,40.850274],[-79.895478,40.850412],[-79.895496,40.850679],[-79.912373,40.850123],[-79.911428,40.856558],[-79.910847,40.859366],[-79.910803,40.860412],[-79.911812,40.860634],[-79.91214,40.86057],[-79.912216,40.862705],[-79.91183,40.863138],[-79.913537,40.863847],[-79.912826,40.864375],[-79.911178,40.866265],[-79.912397,40.867849],[-79.913561,40.868626],[-79.914582,40.869721]]]}},{"type":"Feature","properties":{"NAME":"Carbondale","FULLNAME":"Carbondale city","TYPE":"City","COUNTY":"Lackawanna","STATE":"Pennsylvania","GEOID":"4211232","TERRITORY":"PA East"},"geometry":{"type":"Polygon","coordinates":[[[-75.530744,41.557692],[-75.513735,41.584229],[-75.498484,41.584991],[-75.481442,41.586382],[-75.48864,41.575038],[-75.484522,41.573164],[-75.489078,41.565475],[-75.492206,41.559232],[-75.49988,41.559617],[-75.515971,41.558452],[-75.530744,41.557692]]]}},{"type":"Feature","properties":{"NAME":"Chester","FULLNAME":"Chester city","TYPE":"City","COUNTY":"Delaware","STATE":"Pennsylvania","GEOID":"4213208","TERRITORY":"PA East"},"geometry":{"type":"Polygon","coordinates":[[[-75.408051,39.843696],[-75.407059,39.843629],[-75.404616,39.843877],[-75.402156,39.842992],[-75.398714,39.843828],[-75.397709,39.844477],[-75.396648,39.844553],[-75.395825,39.843585],[-75.396143,39.843313],[-75.39409,39.841742],[-75.39334,39.840988],[-75.39333,39.840698],[-75.392917,39.840242],[-75.391316,39.839813],[-75.390124,39.839231],[-75.388829,39.839924],[-75.389557,39.84076],[-75.384894,39.843227],[-75.387496,39.846311],[-75.387268,39.846412],[-75.387341,39.846504],[-75.384723,39.847512],[-75.386467,39.849489],[-75.386377,39.85007],[-75.385381,39.85039],[-75.383572,39.850635],[-75.38226,39.850217],[-75.381331,39.850128],[-75.381047,39.850368],[-75.380625,39.851599],[-75.379394,39.852888],[-75.379017,39.853697],[-75.378331,39.854562],[-75.376932,39.855668],[-75.376433,39.855835],[-75.376028,39.855854],[-75.373271,39.854526],[-75.371337,39.852676],[-75.369964,39.852294],[-75.367615,39.853664],[-75.366081,39.854204],[-75.366191,39.854716],[-75.366075,39.856333],[-75.365673,39.856935],[-75.364958,39.857448],[-75.366013,39.857209],[-75.370426,39.857513],[-75.369564,39.859295],[-75.376253,39.861362],[-75.374455,39.865928],[-75.375105,39.866218],[-75.37612,39.872464],[-75.376161,39.87358],[-75.378389,39.874882],[-75.378262,39.875122],[-75.377185,39.875116],[-75.375357,39.875822],[-75.374789,39.875793],[-75.373497,39.875346],[-75.373771,39.874641],[-75.368949,39.872931],[-75.369218,39.87257],[-75.371569,39.87314],[-75.371866,39.872739],[-75.372772,39.872916],[-75.373118,39.872371],[-75.373032,39.872312],[-75.368692,39.870502],[-75.366661,39.870216],[-75.36639,39.870238],[-75.365761,39.871522],[-75.366607,39.872823],[-75.366203,39.873231],[-75.365703,39.873232],[-75.361922,39.872254],[-75.35957,39.872595],[-75.358773,39.872879],[-75.35841,39.873432],[-75.356789,39.873927],[-75.355828,39.873837],[-75.355827,39.873659],[-75.356634,39.872656],[-75.356371,39.871646],[-75.356881,39.870685],[-75.356727,39.86983],[-75.356102,39.869301],[-75.353385,39.868444],[-75.351557,39.86823],[-75.351367,39.868095],[-75.351352,39.867845],[-75.351607,39.867302],[-75.351658,39.866833],[-75.351522,39.866593],[-75.349608,39.86538],[-75.34884,39.864642],[-75.348753,39.863474],[-75.348506,39.862849],[-75.346848,39.861353],[-75.346445,39.860583],[-75.346634,39.857809],[-75.347338,39.855357],[-75.347295,39.854846],[-75.341433,39.846112],[-75.342621,39.845769],[-75.346315,39.844159],[-75.353532,39.839902],[-75.354401,39.839917],[-75.367866,39.830442],[-75.37173,39.827559],[-75.389849,39.815948],[-75.393101,39.822135],[-75.393961,39.823161],[-75.396809,39.828781],[-75.398937,39.833812],[-75.401463,39.832827],[-75.401987,39.832913],[-75.402912,39.83459],[-75.403133,39.835744],[-75.40373,39.836193],[-75.404875,39.837763],[-75.403703,39.838322],[-75.408051,39.843696]]]}},{"type":"Feature","properties":{"NAME":"Clairton","FULLNAME":"Clairton city","TYPE":"City","COUNTY":"Allegheny","STATE":"Pennsylvania","GEOID":"4213704","TERRITORY":"PA West"},"geometry":{"type":"Polygon","coordinates":[[[-79.900743,40.312036],[-79.900145,40.312464],[-79.899589,40.312099],[-79.8973,40.314253],[-79.898853,40.316569],[-79.899209,40.31636],[-79.899744,40.31702],[-79.900467,40.317195],[-79.900379,40.317408],[-79.900586,40.318261],[-79.900425,40.318403],[-79.900468,40.318973],[-79.899253,40.318654],[-79.899138,40.318922],[-79.898667,40.31926],[-79.898791,40.319549],[-79.896675,40.319746],[-79.895009,40.317783],[-79.89139,40.314728],[-79.884144,40.311503],[-79.880719,40.310527],[-79.876217,40.308706],[-79.871528,40.305112],[-79.869734,40.303502],[-79.868453,40.302003],[-79.86778,40.300231],[-79.867309,40.298298],[-79.867021,40.295989],[-79.86748,40.292926],[-79.86832,40.291141],[-79.870686,40.287896],[-79.872086,40.286611],[-79.876178,40.283596],[-79.878312,40.285029],[-79.880129,40.285376],[-79.882034,40.283411],[-79.883708,40.282836],[-79.888347,40.283189],[-79.892702,40.28091],[-79.897918,40.281],[-79.900475,40.283211],[-79.899901,40.291801],[-79.90037,40.29563],[-79.895856,40.296674],[-79.89376,40.296741],[-79.887781,40.297432],[-79.883666,40.298136],[-79.889186,40.300709],[-79.891228,40.299871],[-79.895365,40.29889],[-79.899632,40.301915],[-79.897068,40.303365],[-79.895285,40.305005],[-79.895259,40.304881],[-79.894698,40.30558],[-79.900743,40.312036]]]}},{"type":"Feature","properties":{"NAME":"Coatesville","FULLNAME":"Coatesville city","TYPE":"City","COUNTY":"Chester","STATE":"Pennsylvania","GEOID":"4214712","TERRITORY":"PA East"},"geometry":{"type":"Polygon","coordinates":[[[-75.841504,39.977089],[-75.838682,39.978075],[-75.836374,39.979143],[-75.835751,39.979658],[-75.835011,39.979829],[-75.835513,39.980651],[-75.835682,39.980639],[-75.837512,39.983716],[-75.838535,39.983414],[-75.840362,39.984132],[-75.838786,39.985924],[-75.838004,39.987927],[-75.83604,39.988341],[-75.833924,39.988199],[-75.833146,39.98762],[-75.83272,39.987532],[-75.831709,39.987713],[-75.83199,39.98846],[-75.831449,39.988572],[-75.831449,39.989231],[-75.830414,39.989054],[-75.829841,39.989033],[-75.829681,39.989162],[-75.829135,39.988563],[-75.828949,39.987549],[-75.829826,39.988152],[-75.831004,39.987971],[-75.830797,39.984614],[-75.826304,39.986116],[-75.826921,39.986852],[-75.827044,39.988202],[-75.82725,39.988728],[-75.828946,39.990398],[-75.829994,39.99105],[-75.829774,39.991249],[-75.828351,39.991713],[-75.826964,39.992653],[-75.826014,39.991137],[-75.82387,39.992142],[-75.824481,39.993116],[-75.82268,39.993035],[-75.822702,39.994192],[-75.822038,39.994493],[-75.821608,39.994887],[-75.820864,39.996555],[-75.821077,39.997405],[-75.822022,39.998502],[-75.822942,39.999063],[-75.8246,39.999494],[-75.825238,40.000025],[-75.825435,40.00088],[-75.824733,40.002294],[-75.824776,40.003122],[-75.825404,40.003878],[-75.826921,40.004728],[-75.825047,40.005211],[-75.821001,40.004116],[-75.821384,40.001157],[-75.821357,40.00027],[-75.821175,39.999683],[-75.820179,39.998326],[-75.81982,39.996697],[-75.820042,39.995384],[-75.820844,39.993974],[-75.820557,39.990152],[-75.812463,39.992097],[-75.811683,39.989642],[-75.810741,39.989926],[-75.806615,39.990601],[-75.806372,39.988638],[-75.804169,39.988611],[-75.798744,39.987982],[-75.797819,39.98174],[-75.822674,39.975839],[-75.822802,39.978211],[-75.823041,39.978433],[-75.832301,39.975717],[-75.833354,39.977145],[-75.841075,39.974807],[-75.841504,39.977089]]]}},{"type":"Feature","properties":{"NAME":"Connellsville","FULLNAME":"Connellsville city","TYPE":"City","COUNTY":"Fayette","STATE":"Pennsylvania","GEOID":"4215776","TERRITORY":"PA West"},"geometry":{"type":"Polygon","coordinates":[[[-79.608486,40.018937],[-79.60687,40.019606],[-79.606261,40.020128],[-79.603569,40.02162],[-79.602243,40.021714],[-79.60147,40.022455],[-79.600502,40.023876],[-79.599462,40.023443],[-79.598884,40.024392],[-79.597912,40.026697],[-79.597573,40.027182],[-79.596995,40.027439],[-79.595694,40.027555],[-79.592515,40.027235],[-79.589775,40.026349],[-79.589367,40.026443],[-79.584626,40.025336],[-79.58047,40.02451],[-79.580326,40.024616],[-79.576922,40.020774],[-79.575538,40.021399],[-79.57536,40.021935],[-79.575803,40.022064],[-79.575745,40.022637],[-79.576179,40.023419],[-79.574862,40.024694],[-79.575492,40.025079],[-79.57403,40.026799],[-79.57457,40.027736],[-79.57385,40.027869],[-79.569242,40.026146],[-79.567394,40.027299],[-79.566463,40.027501],[-79.566415,40.026447],[-79.564476,40.025412],[-79.566212,40.023603],[-79.568221,40.023627],[-79.569379,40.021364],[-79.569307,40.020462],[-79.57102,40.02004],[-79.57143,40.02108],[-79.571458,40.021899],[-79.571753,40.022038],[-79.5731,40.022],[-79.57344,40.02176],[-79.574292,40.021624],[-79.574505,40.021247],[-79.572743,40.020622],[-79.57383,40.01871],[-79.573588,40.018648],[-79.574453,40.017053],[-79.573805,40.017123],[-79.573121,40.016114],[-79.572517,40.016319],[-79.572189,40.015788],[-79.572756,40.015683],[-79.573198,40.016096],[-79.574584,40.015653],[-79.573921,40.014503],[-79.575381,40.014081],[-79.576054,40.014947],[-79.579816,40.012994],[-79.581027,40.014417],[-79.583583,40.013246],[-79.584793,40.011576],[-79.581689,40.008231],[-79.58166,40.003023],[-79.590463,40.002946],[-79.590457,40.002592],[-79.59207,40.00268],[-79.595303,40.001587],[-79.596299,40.001526],[-79.596622,40.002425],[-79.597796,40.004081],[-79.598223,40.005425],[-79.596676,40.009195],[-79.600547,40.003335],[-79.603041,40.003829],[-79.60257,40.005212],[-79.6024,40.007424],[-79.60391,40.008141],[-79.60709,40.016042],[-79.607951,40.017989],[-79.608197,40.018095],[-79.608486,40.018937]]]}},{"type":"Feature","properties":{"NAME":"Corry","FULLNAME":"Corry city","TYPE":"City","COUNTY":"Erie","STATE":"Pennsylvania","GEOID":"4216296","TERRITORY":"PA West"},"geometry":{"type":"Polygon","coordinates":[[[-79.658843,41.916683],[-79.658489,41.940332],[-79.646044,41.940203],[-79.653799,41.945201],[-79.652248,41.949547],[-79.650726,41.949617],[-79.650664,41.951674],[-79.647804,41.951727],[-79.648158,41.952322],[-79.649309,41.953306],[-79.651835,41.95402],[-79.652385,41.954409],[-79.652709,41.954993],[-79.644842,41.955277],[-79.645137,41.948988],[-79.64464,41.948706],[-79.644098,41.947392],[-79.642514,41.947331],[-79.642444,41.947677],[-79.64063,41.947322],[-79.639867,41.947327],[-79.631777,41.940028],[-79.611042,41.939825],[-79.611171,41.907576],[-79.63252,41.907709],[-79.650591,41.908187],[-79.65877,41.908245],[-79.658843,41.916683]]]}},{"type":"Feature","properties":{"NAME":"DuBois","FULLNAME":"DuBois city","TYPE":"City","COUNTY":"Clearfield","STATE":"Pennsylvania","GEOID":"4220136","TERRITORY":"PA West"},"geometry":{"type":"Polygon","coordinates":[[[-78.785369,41.117831],[-78.771568,41.128699],[-78.77011,41.1278],[-78.766882,41.129557],[-78.766635,41.130147],[-78.76643,41.131524],[-78.765857,41.13153],[-78.765275,41.13236],[-78.7648,41.132507],[-78.764262,41.132413],[-78.763499,41.132856],[-78.763189,41.133156],[-78.76331,41.133307],[-78.763219,41.133762],[-78.762832,41.133831],[-78.762948,41.134273],[-78.762808,41.134524],[-78.762326,41.134711],[-78.760653,41.13477],[-78.757558,41.135668],[-78.736772,41.135477],[-78.736631,41.133406],[-78.738924,41.131876],[-78.739305,41.131449],[-78.739611,41.127496],[-78.73923,41.125606],[-78.740572,41.12465],[-78.72921,41.122528],[-78.731774,41.116939],[-78.734764,41.117992],[-78.735606,41.117962],[-78.737722,41.117442],[-78.738171,41.115019],[-78.739747,41.115216],[-78.739874,41.114696],[-78.740623,41.11479],[-78.740738,41.114355],[-78.74041,41.114294],[-78.740791,41.112774],[-78.744812,41.113247],[-78.74437,41.115269],[-78.743568,41.115162],[-78.74353,41.115685],[-78.745259,41.115915],[-78.745345,41.115391],[-78.746384,41.115528],[-78.746704,41.114037],[-78.747143,41.114107],[-78.747053,41.114516],[-78.747415,41.114555],[-78.749733,41.112524],[-78.761442,41.109471],[-78.774138,41.112858],[-78.785369,41.117831]]]}},{"type":"Feature","properties":{"NAME":"Duquesne","FULLNAME":"Duquesne city","TYPE":"City","COUNTY":"Allegheny","STATE":"Pennsylvania","GEOID":"4220432","TERRITORY":"PA West"},"geometry":{"type":"Polygon","coordinates":[[[-79.868805,40.381953],[-79.854501,40.38877],[-79.853495,40.388332],[-79.849252,40.385304],[-79.845887,40.382637],[-79.841155,40.378408],[-79.838592,40.375179],[-79.837348,40.372548],[-79.836459,40.369511],[-79.836188,40.367129],[-79.836169,40.364992],[-79.836463,40.363522],[-79.836966,40.362152],[-79.837964,40.361031],[-79.839085,40.360158],[-79.843281,40.357971],[-79.847944,40.356932],[-79.846969,40.360337],[-79.85345,40.361311],[-79.854275,40.361012],[-79.855674,40.36397],[-79.856795,40.365627],[-79.859515,40.36702],[-79.859599,40.368041],[-79.858216,40.367836],[-79.857774,40.369198],[-79.857829,40.370494],[-79.857288,40.370852],[-79.861938,40.37587],[-79.861674,40.376095],[-79.868805,40.381953]]]}},{"type":"Feature","properties":{"NAME":"Easton","FULLNAME":"Easton city","TYPE":"City","COUNTY":"Northampton","STATE":"Pennsylvania","GEOID":"4221648","TERRITORY":"PA East"},"geometry":{"type":"MultiPolygon","coordinates":[[[[-75.245687,40.698888],[-75.244734,40.698934],[-75.244762,40.69915],[-75.238496,40.699578],[-75.238429,40.694303],[-75.239755,40.694211],[-75.239122,40.692361],[-75.24041,40.691839],[-75.24295,40.691536],[-75.24341,40.693946],[-75.244955,40.69368],[-75.245687,40.698888]]],[[[-75.283738,40.642419],[-75.273637,40.644602],[-75.263199,40.649389],[-75.262053,40.65013],[-75.258498,40.653043],[-75.255407,40.655197],[-75.2477,40.658317],[-75.246774,40.658853],[-75.246001,40.659572],[-75.245753,40.659441],[-75.245188,40.659702],[-75.244869,40.660016],[-75.245001,40.660074],[-75.24553,40.659713],[-75.245678,40.659768],[-75.245253,40.659962],[-75.244717,40.660529],[-75.243863,40.661914],[-75.242455,40.661508],[-75.241306,40.662401],[-75.239729,40.664162],[-75.239371,40.664598],[-75.239431,40.664811],[-75.238121,40.666298],[-75.236696,40.669836],[-75.234278,40.673608],[-75.230726,40.678194],[-75.231464,40.684725],[-75.231327,40.684771],[-75.233419,40.70308],[-75.221284,40.7046],[-75.221383,40.705152],[-75.22012,40.705594],[-75.220084,40.705039],[-75.220452,40.704715],[-75.211904,40.705605],[-75.209099,40.707459],[-75.210719,40.709557],[-75.208975,40.710273],[-75.20881,40.709711],[-75.207698,40.709156],[-75.207418,40.7086],[-75.20183,40.712229],[-75.202926,40.713208],[-75.200712,40.714604],[-75.197903,40.715698],[-75.19675,40.714488],[-75.1944,40.716659],[-75.192883,40.715648],[-75.194006,40.714658],[-75.19442,40.714018],[-75.19498,40.71285],[-75.19582,40.709798],[-75.19872,40.705298],[-75.203081,40.694525],[-75.203921,40.691498],[-75.202023,40.687192],[-75.200922,40.685501],[-75.196921,40.681297],[-75.193076,40.680259],[-75.191124,40.679459],[-75.190158,40.679414],[-75.190604,40.678072],[-75.193055,40.676501],[-75.193491,40.675876],[-75.194127,40.675639],[-75.194582,40.6764],[-75.197028,40.675829],[-75.196959,40.676662],[-75.194409,40.67675],[-75.194482,40.67933],[-75.19781,40.676652],[-75.199402,40.67647],[-75.199323,40.675438],[-75.20947,40.674537],[-75.209143,40.672432],[-75.211526,40.672436],[-75.211877,40.674241],[-75.215358,40.674007],[-75.216688,40.671823],[-75.221637,40.671488],[-75.221901,40.673324],[-75.228432,40.67272],[-75.229195,40.671643],[-75.230266,40.671492],[-75.231168,40.67104],[-75.231175,40.672582],[-75.232195,40.672944],[-75.234949,40.6692],[-75.236699,40.666367],[-75.236878,40.66544],[-75.236724,40.66394],[-75.237284,40.662886],[-75.238252,40.661978],[-75.242298,40.658904],[-75.24428,40.656892],[-75.248704,40.652865],[-75.250793,40.651332],[-75.253591,40.650071],[-75.267008,40.645358],[-75.267302,40.64551],[-75.26802,40.645106],[-75.269784,40.643397],[-75.27087,40.642758],[-75.272674,40.642114],[-75.274066,40.641764],[-75.27858,40.641424],[-75.282086,40.640735],[-75.282692,40.642328],[-75.283699,40.642218],[-75.283738,40.642419]]]]}},{"type":"Feature","properties":{"NAME":"Erie","FULLNAME":"Erie city","TYPE":"City","COUNTY":"Erie","STATE":"Pennsylvania","GEOID":"4224000","TERRITORY":"PA West"},"geometry":{"type":"Polygon","coordinates":[[[-80.138715,42.116696],[-80.13715,42.117207],[-80.13702,42.117573],[-80.136602,42.117474],[-80.134076,42.118123],[-80.131947,42.11897],[-80.131702,42.119439],[-80.13168,42.119877],[-80.133184,42.122262],[-80.133116,42.122495],[-80.13268,42.122664],[-80.132551,42.12246],[-80.132802,42.122265],[-80.132351,42.121548],[-80.131962,42.121907],[-80.132153,42.121308],[-80.131758,42.12074],[-80.131422,42.121033],[-80.131657,42.120617],[-80.131285,42.119984],[-80.130779,42.120148],[-80.131124,42.120701],[-80.130986,42.120778],[-80.130612,42.120221],[-80.130201,42.12037],[-80.130659,42.120961],[-80.131253,42.120999],[-80.130719,42.121079],[-80.131146,42.121739],[-80.131788,42.121999],[-80.131215,42.122204],[-80.13049,42.121335],[-80.129576,42.121304],[-80.128887,42.12159],[-80.12878,42.121708],[-80.129719,42.123124],[-80.130186,42.12336],[-80.132252,42.122574],[-80.132374,42.122784],[-80.130277,42.123608],[-80.129711,42.12357],[-80.128095,42.121256],[-80.126829,42.121693],[-80.126493,42.121683],[-80.126111,42.121343],[-80.123724,42.122338],[-80.119574,42.123349],[-80.117688,42.124142],[-80.116054,42.125054],[-80.115336,42.12526],[-80.115031,42.125538],[-80.114757,42.125492],[-80.114048,42.125932],[-80.113519,42.125997],[-80.113395,42.126148],[-80.113538,42.126801],[-80.114003,42.126605],[-80.114081,42.127037],[-80.113578,42.127553],[-80.11259,42.127978],[-80.11225,42.128318],[-80.11331,42.12992],[-80.11297,42.130129],[-80.112682,42.130173],[-80.110787,42.127303],[-80.109913,42.127419],[-80.110256,42.130339],[-80.109052,42.130807],[-80.108777,42.131219],[-80.106537,42.131704],[-80.102336,42.133256],[-80.100426,42.130434],[-80.099337,42.130879],[-80.098521,42.131425],[-80.09824,42.132088],[-80.097609,42.132416],[-80.098139,42.133364],[-80.097144,42.133735],[-80.096851,42.13337],[-80.096119,42.133759],[-80.0956,42.133492],[-80.095851,42.133946],[-80.095599,42.133805],[-80.095111,42.134096],[-80.095952,42.135457],[-80.095316,42.136281],[-80.095485,42.136474],[-80.095421,42.136828],[-80.094994,42.137038],[-80.095211,42.137625],[-80.094221,42.137956],[-80.093509,42.136829],[-80.093005,42.136646],[-80.090907,42.137528],[-80.091783,42.138771],[-80.091628,42.138821],[-80.092181,42.139757],[-80.088251,42.141829],[-80.084542,42.145916],[-80.085399,42.146348],[-80.084819,42.147702],[-80.084704,42.148438],[-80.079926,42.150371],[-80.078775,42.151608],[-80.078166,42.151814],[-80.077356,42.150678],[-80.076836,42.15041],[-80.0763,42.15051],[-80.076133,42.150393],[-80.076166,42.149957],[-80.075915,42.149622],[-80.075245,42.149622],[-80.0763,42.148986],[-80.075212,42.147998],[-80.074642,42.14711],[-80.073841,42.146535],[-80.073222,42.146504],[-80.070566,42.145371],[-80.069124,42.145516],[-80.066896,42.145287],[-80.066156,42.145013],[-80.065987,42.145064],[-80.06595,42.145347],[-80.06556,42.144938],[-80.065219,42.145082],[-80.065339,42.145344],[-80.06579,42.145539],[-80.065419,42.145595],[-80.06502,42.145172],[-80.064654,42.145072],[-80.061391,42.144972],[-80.058839,42.145813],[-80.055497,42.147195],[-80.054484,42.147916],[-80.05237,42.149041],[-80.047845,42.150486],[-80.046174,42.151177],[-80.045295,42.151718],[-80.043984,42.15308],[-80.042991,42.152992],[-80.041396,42.153636],[-80.031777,42.139103],[-80.031941,42.139057],[-80.031404,42.138244],[-80.021929,42.14173],[-80.015486,42.132396],[-80.012717,42.133429],[-80.007365,42.125622],[-80.008383,42.125263],[-80.003376,42.117256],[-80.020781,42.111098],[-80.062596,42.095615],[-80.069878,42.093067],[-80.069413,42.092372],[-80.067528,42.09127],[-80.066994,42.090415],[-80.067177,42.09045],[-80.067765,42.089027],[-80.067803,42.088195],[-80.068085,42.087726],[-80.068779,42.087135],[-80.069924,42.086765],[-80.070694,42.086185],[-80.0709,42.085845],[-80.070939,42.085269],[-80.072014,42.085147],[-80.073418,42.087421],[-80.076956,42.086148],[-80.077484,42.086915],[-80.077812,42.086781],[-80.078325,42.087575],[-80.07792,42.087699],[-80.079176,42.089498],[-80.112313,42.077191],[-80.121753,42.091504],[-80.138715,42.116696]]]}},{"type":"Feature","properties":{"NAME":"Farrell","FULLNAME":"Farrell city","TYPE":"City","COUNTY":"Mercer","STATE":"Pennsylvania","GEOID":"4225360","TERRITORY":"PA West"},"geometry":{"type":"Polygon","coordinates":[[[-80.518793,41.20993],[-80.518893,41.219357],[-80.518148,41.219851],[-80.517494,41.220676],[-80.508615,41.220793],[-80.508398,41.217684],[-80.507962,41.217633],[-80.507617,41.219455],[-80.507078,41.220739],[-80.504729,41.220905],[-80.496926,41.221013],[-80.496792,41.214496],[-80.493274,41.214449],[-80.493362,41.219761],[-80.486887,41.216131],[-80.486941,41.218189],[-80.479147,41.214004],[-80.478287,41.214551],[-80.477421,41.213971],[-80.475213,41.212966],[-80.470996,41.210703],[-80.471017,41.212159],[-80.468803,41.212209],[-80.468852,41.211465],[-80.467777,41.211464],[-80.467808,41.209517],[-80.46846,41.209506],[-80.468586,41.206489],[-80.47083,41.207718],[-80.470937,41.209432],[-80.473948,41.209412],[-80.472001,41.208345],[-80.472461,41.207831],[-80.472034,41.207591],[-80.472258,41.207303],[-80.470952,41.207308],[-80.470908,41.204453],[-80.485368,41.204594],[-80.485477,41.20265],[-80.486625,41.20279],[-80.486706,41.205563],[-80.485338,41.205602],[-80.485329,41.20816],[-80.484585,41.208144],[-80.484595,41.208281],[-80.485068,41.209187],[-80.48528,41.209331],[-80.486012,41.209334],[-80.491393,41.205539],[-80.497862,41.205454],[-80.49785,41.20394],[-80.498977,41.203936],[-80.499059,41.200557],[-80.503074,41.198818],[-80.505505,41.198831],[-80.505491,41.199912],[-80.505962,41.200557],[-80.507937,41.201263],[-80.509615,41.202752],[-80.509715,41.203113],[-80.509083,41.204367],[-80.509005,41.205655],[-80.509392,41.206378],[-80.510104,41.207025],[-80.512025,41.208013],[-80.514161,41.207558],[-80.515045,41.20791],[-80.516206,41.209068],[-80.517191,41.209652],[-80.518793,41.20993]]]}},{"type":"Feature","properties":{"NAME":"Franklin","FULLNAME":"Franklin city","TYPE":"City","COUNTY":"Venango","STATE":"Pennsylvania","GEOID":"4227456","TERRITORY":"PA West"},"geometry":{"type":"Polygon","coordinates":[[[-79.872759,41.400393],[-79.871202,41.406533],[-79.870919,41.406821],[-79.867976,41.406403],[-79.86777,41.406501],[-79.867233,41.407713],[-79.86741,41.407993],[-79.870511,41.408466],[-79.87073,41.408746],[-79.869259,41.414001],[-79.862739,41.413612],[-79.857881,41.412119],[-79.85476,41.411755],[-79.853885,41.411498],[-79.853291,41.410997],[-79.853821,41.410123],[-79.856539,41.407314],[-79.856956,41.405372],[-79.856715,41.403469],[-79.856902,41.402232],[-79.855877,41.40176],[-79.855263,41.402995],[-79.855364,41.403188],[-79.853874,41.407941],[-79.854604,41.408313],[-79.853061,41.409978],[-79.852529,41.411078],[-79.85245,41.412058],[-79.852751,41.41291],[-79.852541,41.413012],[-79.85232,41.413596],[-79.850602,41.413311],[-79.850067,41.414974],[-79.849535,41.414889],[-79.849426,41.415234],[-79.849929,41.415332],[-79.849733,41.415938],[-79.848986,41.416003],[-79.848944,41.415634],[-79.847397,41.415737],[-79.847571,41.416923],[-79.839115,41.41756],[-79.838293,41.417429],[-79.836728,41.417906],[-79.833512,41.414925],[-79.833586,41.413766],[-79.833195,41.412624],[-79.83339,41.411964],[-79.836005,41.409285],[-79.835958,41.408678],[-79.83554,41.407973],[-79.833426,41.406813],[-79.832361,41.405081],[-79.832484,41.404977],[-79.828931,41.4032],[-79.827968,41.403005],[-79.826022,41.40222],[-79.826093,41.400881],[-79.825381,41.40041],[-79.824599,41.399235],[-79.823674,41.397401],[-79.822612,41.395893],[-79.821761,41.395159],[-79.821195,41.394964],[-79.820595,41.395237],[-79.821206,41.395766],[-79.81904,41.397631],[-79.817853,41.39666],[-79.820218,41.39459],[-79.820407,41.394283],[-79.820589,41.393081],[-79.821176,41.393633],[-79.821913,41.393014],[-79.821318,41.392043],[-79.821413,41.391351],[-79.820654,41.390286],[-79.820158,41.387629],[-79.820151,41.386168],[-79.820719,41.385081],[-79.820734,41.384235],[-79.819961,41.381831],[-79.819742,41.380282],[-79.819902,41.379931],[-79.819654,41.378449],[-79.819129,41.377515],[-79.818881,41.376198],[-79.818517,41.375484],[-79.817461,41.374709],[-79.82032,41.372496],[-79.821631,41.37454],[-79.822306,41.373754],[-79.822947,41.372418],[-79.836541,41.372178],[-79.836571,41.372918],[-79.847827,41.372914],[-79.847831,41.373102],[-79.849552,41.374315],[-79.853536,41.376001],[-79.853281,41.376512],[-79.856577,41.376514],[-79.858231,41.375048],[-79.858857,41.374167],[-79.859814,41.374235],[-79.860494,41.373246],[-79.86333,41.373255],[-79.863715,41.3787],[-79.867669,41.379641],[-79.866913,41.381723],[-79.862668,41.380867],[-79.862816,41.382205],[-79.859891,41.38223],[-79.859901,41.383014],[-79.859381,41.383031],[-79.858995,41.383847],[-79.857754,41.383852],[-79.857631,41.385014],[-79.856497,41.385231],[-79.856373,41.383542],[-79.853996,41.383458],[-79.853961,41.382586],[-79.849949,41.382415],[-79.849706,41.383493],[-79.843609,41.383486],[-79.843629,41.386585],[-79.841176,41.3866],[-79.841423,41.389382],[-79.839955,41.389741],[-79.840038,41.400313],[-79.84072,41.400411],[-79.840873,41.401472],[-79.844906,41.401081],[-79.851392,41.399663],[-79.854591,41.398202],[-79.857667,41.399954],[-79.858645,41.398326],[-79.870893,41.39933],[-79.872536,41.399956],[-79.872759,41.400393]]]}},{"type":"Feature","properties":{"NAME":"Greensburg","FULLNAME":"Greensburg city","TYPE":"City","COUNTY":"Westmoreland","STATE":"Pennsylvania","GEOID":"4231200","TERRITORY":"PA West"},"geometry":{"type":"Polygon","coordinates":[[[-79.575314,40.299764],[-79.574951,40.30488],[-79.574997,40.305853],[-79.575194,40.30636],[-79.574377,40.306287],[-79.573499,40.306752],[-79.572132,40.307119],[-79.570876,40.306973],[-79.56945,40.306272],[-79.5686,40.304212],[-79.568603,40.302723],[-79.56417,40.303174],[-79.562203,40.300289],[-79.55988,40.301404],[-79.559819,40.301578],[-79.560106,40.301643],[-79.560309,40.303213],[-79.561215,40.303273],[-79.56159,40.305212],[-79.561105,40.305267],[-79.56107,40.30505],[-79.560537,40.30512],[-79.560829,40.30652],[-79.559007,40.305772],[-79.559038,40.306322],[-79.560052,40.306749],[-79.561254,40.307873],[-79.562017,40.310642],[-79.561141,40.313277],[-79.558876,40.313526],[-79.560263,40.314551],[-79.560354,40.315538],[-79.562419,40.316498],[-79.56152,40.317604],[-79.560183,40.318068],[-79.559571,40.317306],[-79.558928,40.315956],[-79.559333,40.315593],[-79.560194,40.315525],[-79.56022,40.31495],[-79.560084,40.314703],[-79.559095,40.31412],[-79.558597,40.313569],[-79.556308,40.313857],[-79.556526,40.314843],[-79.555607,40.315092],[-79.555763,40.316354],[-79.555434,40.317553],[-79.553751,40.317794],[-79.554365,40.318634],[-79.550288,40.318682],[-79.550483,40.326121],[-79.548327,40.326703],[-79.545987,40.326871],[-79.546009,40.327221],[-79.544884,40.327167],[-79.544181,40.32731],[-79.542973,40.328002],[-79.542316,40.328096],[-79.54206,40.329146],[-79.539159,40.32911],[-79.539126,40.329978],[-79.541966,40.329903],[-79.541337,40.332512],[-79.542889,40.333159],[-79.545131,40.336679],[-79.546639,40.336623],[-79.546981,40.342096],[-79.533219,40.342435],[-79.532968,40.339389],[-79.53206,40.339163],[-79.530606,40.341113],[-79.530123,40.34214],[-79.52647,40.341006],[-79.526622,40.336608],[-79.529409,40.336811],[-79.53291,40.337912],[-79.533798,40.336606],[-79.534452,40.336868],[-79.534503,40.335351],[-79.534755,40.334515],[-79.534998,40.332327],[-79.534797,40.330125],[-79.535031,40.32912],[-79.53538,40.330072],[-79.537424,40.330023],[-79.537138,40.328415],[-79.535227,40.328451],[-79.535374,40.327466],[-79.536047,40.327511],[-79.536192,40.326396],[-79.5355,40.326371],[-79.536118,40.322697],[-79.536724,40.322781],[-79.536982,40.321762],[-79.536367,40.321699],[-79.536565,40.320113],[-79.53708,40.320089],[-79.53701,40.319725],[-79.53649,40.319747],[-79.536309,40.318596],[-79.537685,40.315132],[-79.536453,40.315267],[-79.536485,40.315453],[-79.535777,40.315513],[-79.535735,40.315348],[-79.532991,40.315652],[-79.533004,40.31553],[-79.532474,40.315444],[-79.532522,40.315177],[-79.531939,40.315129],[-79.532352,40.312978],[-79.533453,40.31214],[-79.533721,40.311219],[-79.534282,40.310446],[-79.532565,40.310967],[-79.53069,40.311175],[-79.530798,40.309596],[-79.530661,40.308621],[-79.534197,40.307806],[-79.534506,40.308506],[-79.53597,40.30796],[-79.536577,40.30869],[-79.536752,40.308595],[-79.536951,40.308861],[-79.536831,40.308929],[-79.537046,40.309064],[-79.537455,40.308646],[-79.538271,40.308871],[-79.538487,40.307663],[-79.539175,40.307613],[-79.53921,40.306999],[-79.539051,40.306936],[-79.5393,40.306613],[-79.539214,40.306254],[-79.538023,40.306489],[-79.538136,40.305094],[-79.534694,40.304951],[-79.534644,40.305352],[-79.535158,40.305391],[-79.535126,40.305787],[-79.534448,40.305665],[-79.532841,40.306099],[-79.532849,40.304852],[-79.531987,40.304806],[-79.531963,40.305192],[-79.529342,40.30505],[-79.529729,40.306092],[-79.525769,40.307792],[-79.524363,40.305739],[-79.523659,40.30601],[-79.523013,40.305136],[-79.524317,40.304551],[-79.524049,40.303131],[-79.523478,40.303092],[-79.523518,40.302267],[-79.523877,40.302161],[-79.52576,40.302289],[-79.524755,40.301404],[-79.525399,40.301014],[-79.526101,40.30008],[-79.527027,40.299783],[-79.526802,40.299346],[-79.526355,40.299457],[-79.526259,40.299129],[-79.526747,40.298809],[-79.527307,40.297932],[-79.526802,40.297699],[-79.526782,40.297461],[-79.525408,40.296847],[-79.524565,40.298184],[-79.523502,40.297614],[-79.524863,40.295669],[-79.528009,40.294521],[-79.523075,40.290415],[-79.522966,40.290308],[-79.523095,40.290156],[-79.525159,40.290185],[-79.525307,40.289482],[-79.52822,40.290136],[-79.530036,40.293782],[-79.529875,40.293845],[-79.529707,40.293407],[-79.529026,40.293643],[-79.529233,40.294071],[-79.528623,40.294404],[-79.53043,40.295771],[-79.530873,40.297352],[-79.533224,40.295757],[-79.535362,40.298585],[-79.535549,40.298604],[-79.536304,40.29723],[-79.533513,40.293353],[-79.535732,40.291055],[-79.538283,40.285534],[-79.538456,40.285243],[-79.538884,40.285312],[-79.540454,40.285666],[-79.543449,40.287255],[-79.543082,40.28766],[-79.54384,40.288039],[-79.54277,40.29013],[-79.542133,40.294087],[-79.543227,40.29611],[-79.5462,40.297719],[-79.546883,40.298572],[-79.552838,40.295122],[-79.554878,40.293459],[-79.555689,40.29466],[-79.555524,40.294757],[-79.556854,40.296274],[-79.557462,40.296057],[-79.557892,40.296653],[-79.562311,40.296365],[-79.563283,40.299749],[-79.567054,40.298332],[-79.568836,40.300761],[-79.570877,40.301015],[-79.57222,40.300987],[-79.572204,40.299863],[-79.575314,40.299764]]]}},{"type":"Feature","properties":{"NAME":"Harrisburg","FULLNAME":"Harrisburg city","TYPE":"City","COUNTY":"Dauphin","STATE":"Pennsylvania","GEOID":"4232800","TERRITORY":"PA East"},"geometry":{"type":"Polygon","coordinates":[[[-76.924489,40.291533],[-76.924422,40.29256],[-76.924087,40.293029],[-76.924118,40.295422],[-76.923835,40.296035],[-76.923196,40.300196],[-76.922134,40.302743],[-76.903636,40.300842],[-76.897106,40.300331],[-76.897157,40.299918],[-76.893499,40.299754],[-76.893969,40.304044],[-76.893871,40.305727],[-76.89455,40.305826],[-76.893908,40.308223],[-76.894413,40.308295],[-76.894205,40.309232],[-76.894489,40.311122],[-76.894019,40.311111],[-76.893936,40.311241],[-76.894063,40.312805],[-76.893805,40.322094],[-76.894489,40.324353],[-76.895235,40.325751],[-76.894407,40.32592],[-76.888859,40.32624],[-76.887842,40.324501],[-76.883737,40.321295],[-76.882732,40.321332],[-76.881112,40.320984],[-76.880893,40.31864],[-76.882305,40.318627],[-76.880378,40.309933],[-76.87958,40.310086],[-76.879827,40.309041],[-76.879338,40.308788],[-76.878114,40.308608],[-76.878806,40.305969],[-76.879088,40.304124],[-76.878498,40.303226],[-76.877041,40.302279],[-76.87719,40.301256],[-76.878195,40.301072],[-76.879308,40.300443],[-76.879949,40.299695],[-76.880453,40.298433],[-76.880777,40.296885],[-76.881077,40.293545],[-76.882129,40.289204],[-76.881445,40.285502],[-76.881701,40.285465],[-76.881163,40.283053],[-76.878088,40.283636],[-76.876134,40.279484],[-76.869439,40.281091],[-76.867034,40.276173],[-76.86107,40.27785],[-76.85787,40.270954],[-76.852763,40.272354],[-76.852293,40.271364],[-76.850655,40.27192],[-76.85045,40.272331],[-76.85113,40.273152],[-76.850107,40.273216],[-76.847648,40.272581],[-76.845021,40.273213],[-76.842365,40.272999],[-76.842379,40.272432],[-76.838922,40.271996],[-76.838284,40.271738],[-76.838051,40.271039],[-76.838799,40.270881],[-76.838853,40.270717],[-76.83799,40.270224],[-76.837746,40.269926],[-76.837698,40.269308],[-76.837211,40.268663],[-76.836867,40.267318],[-76.841401,40.267762],[-76.839638,40.258495],[-76.851551,40.257618],[-76.851847,40.254757],[-76.852417,40.254756],[-76.85069,40.251208],[-76.853249,40.248403],[-76.850547,40.242945],[-76.873248,40.237681],[-76.876836,40.241924],[-76.878738,40.243913],[-76.884571,40.247222],[-76.887272,40.24835],[-76.888354,40.248652],[-76.888801,40.249],[-76.889986,40.249436],[-76.891163,40.250466],[-76.89233,40.251085],[-76.892471,40.251402],[-76.894426,40.25233],[-76.896109,40.253659],[-76.897771,40.254665],[-76.900206,40.256911],[-76.903143,40.259311],[-76.903658,40.25991],[-76.90452,40.26051],[-76.90801,40.264326],[-76.907999,40.264682],[-76.908178,40.264896],[-76.910442,40.266994],[-76.913752,40.271129],[-76.913911,40.271938],[-76.913651,40.272141],[-76.913583,40.27298],[-76.914372,40.275326],[-76.915074,40.276808],[-76.915402,40.278359],[-76.91604,40.279896],[-76.917348,40.280974],[-76.91748,40.280927],[-76.918902,40.2819],[-76.920159,40.28301],[-76.921523,40.284704],[-76.922985,40.286945],[-76.924152,40.289166],[-76.924489,40.291533]]]}},{"type":"Feature","properties":{"NAME":"Hazleton","FULLNAME":"Hazleton city","TYPE":"City","COUNTY":"Luzerne","STATE":"Pennsylvania","GEOID":"4233408","TERRITORY":"PA East"},"geometry":{"type":"Polygon","coordinates":[[[-75.996337,40.956373],[-75.987185,40.957797],[-75.995426,40.966081],[-75.98914,40.967168],[-75.990175,40.97151],[-75.969844,40.974953],[-75.969808,40.974803],[-75.969563,40.974866],[-75.967478,40.967373],[-75.956034,40.969166],[-75.945795,40.934605],[-75.988704,40.928014],[-75.995818,40.95405],[-75.996337,40.956373]]]}},{"type":"Feature","properties":{"NAME":"Hermitage","FULLNAME":"Hermitage city","TYPE":"City","COUNTY":"Mercer","STATE":"Pennsylvania","GEOID":"4234064","TERRITORY":"PA West"},"geometry":{"type":"MultiPolygon","coordinates":[[[[-80.491393,41.205539],[-80.486012,41.209334],[-80.48528,41.209331],[-80.48476,41.20879],[-80.484585,41.208144],[-80.485329,41.20816],[-80.485345,41.206703],[-80.489381,41.206627],[-80.489387,41.205578],[-80.491393,41.205539]]],[[[-80.519105,41.268003],[-80.506084,41.268195],[-80.497054,41.268133],[-80.496509,41.268337],[-80.48006,41.268589],[-80.480928,41.268351],[-80.483233,41.266243],[-80.484795,41.265554],[-80.487608,41.264823],[-80.489088,41.26463],[-80.490904,41.264034],[-80.492663,41.263915],[-80.49334,41.263627],[-80.493902,41.263157],[-80.494497,41.261528],[-80.496105,41.260201],[-80.496183,41.25913],[-80.49825,41.25748],[-80.500131,41.254353],[-80.498799,41.253974],[-80.496636,41.253991],[-80.495377,41.254574],[-80.495287,41.256563],[-80.487921,41.256725],[-80.48775,41.24979],[-80.471823,41.249895],[-80.472047,41.257116],[-80.467605,41.257162],[-80.467599,41.259023],[-80.468385,41.259139],[-80.468442,41.260988],[-80.468923,41.260982],[-80.46901,41.261533],[-80.471012,41.261533],[-80.471062,41.262237],[-80.472236,41.262241],[-80.472941,41.262431],[-80.47345,41.263284],[-80.471508,41.264128],[-80.472589,41.264934],[-80.472302,41.266017],[-80.47,41.26787],[-80.469826,41.268757],[-80.458819,41.268914],[-80.458369,41.269834],[-80.458066,41.269862],[-80.458062,41.270222],[-80.38689,41.271272],[-80.386236,41.234997],[-80.386117,41.201069],[-80.392435,41.20095],[-80.392156,41.19282],[-80.409349,41.192154],[-80.422505,41.191292],[-80.452734,41.189749],[-80.455671,41.189737],[-80.461514,41.189398],[-80.471509,41.189326],[-80.480871,41.188887],[-80.497955,41.187782],[-80.496237,41.188182],[-80.494858,41.188257],[-80.492022,41.188927],[-80.489617,41.189246],[-80.48962,41.199783],[-80.487689,41.199659],[-80.486307,41.199309],[-80.486625,41.20279],[-80.485477,41.20265],[-80.485368,41.204594],[-80.470908,41.204453],[-80.470952,41.207308],[-80.472258,41.207303],[-80.472034,41.207591],[-80.472461,41.207831],[-80.472001,41.208345],[-80.473948,41.209412],[-80.470937,41.209432],[-80.47083,41.207718],[-80.468586,41.206489],[-80.46846,41.209506],[-80.467808,41.209517],[-80.467777,41.211464],[-80.468852,41.211465],[-80.468803,41.212209],[-80.471017,41.212159],[-80.470996,41.210703],[-80.475213,41.212966],[-80.477421,41.213971],[-80.478287,41.214551],[-80.479147,41.214004],[-80.486941,41.218189],[-80.486952,41.221127],[-80.482778,41.221195],[-80.483009,41.229718],[-80.481441,41.229646],[-80.481434,41.231128],[-80.48112,41.231147],[-80.48084,41.232205],[-80.481783,41.232361],[-80.481687,41.234216],[-80.481251,41.234239],[-80.481284,41.234689],[-80.480746,41.234689],[-80.480826,41.237189],[-80.480053,41.237208],[-80.480112,41.239135],[-80.475464,41.239229],[-80.475537,41.242378],[-80.47949,41.242258],[-80.479448,41.24254],[-80.487469,41.242487],[-80.487625,41.246816],[-80.490028,41.246725],[-80.489951,41.24495],[-80.492313,41.244943],[-80.492458,41.24908],[-80.496644,41.249487],[-80.496798,41.25036],[-80.496658,41.250361],[-80.496641,41.252025],[-80.497327,41.253203],[-80.499811,41.253137],[-80.5007,41.253278],[-80.500153,41.254137],[-80.50315,41.255613],[-80.503795,41.254968],[-80.504015,41.254198],[-80.503877,41.253412],[-80.505916,41.250797],[-80.506932,41.249872],[-80.508534,41.247671],[-80.508952,41.246395],[-80.508941,41.245944],[-80.508437,41.244779],[-80.509468,41.24507],[-80.51062,41.24569],[-80.512956,41.242834],[-80.519106,41.243108],[-80.519064,41.249003],[-80.518705,41.249811],[-80.518894,41.265153],[-80.518793,41.265655],[-80.519105,41.268003]]],[[[-80.519151,41.208469],[-80.518793,41.20993],[-80.517191,41.209652],[-80.516206,41.209068],[-80.515045,41.20791],[-80.514161,41.207558],[-80.512025,41.208013],[-80.510104,41.207025],[-80.509392,41.206378],[-80.509005,41.205655],[-80.508959,41.204985],[-80.509083,41.204367],[-80.509715,41.203113],[-80.509615,41.202752],[-80.507937,41.201263],[-80.505962,41.200557],[-80.505491,41.199912],[-80.50541,41.199332],[-80.505845,41.197047],[-80.505555,41.196323],[-80.506367,41.193827],[-80.505241,41.193786],[-80.505594,41.19307],[-80.505885,41.193092],[-80.506832,41.192095],[-80.506771,41.191308],[-80.506042,41.190826],[-80.503654,41.190933],[-80.503121,41.190586],[-80.501006,41.190654],[-80.500427,41.190484],[-80.500105,41.190199],[-80.49898,41.18806],[-80.498501,41.187761],[-80.502842,41.187575],[-80.51116,41.187618],[-80.518956,41.187425],[-80.519151,41.208469]]]]}},{"type":"Feature","properties":{"NAME":"Jeannette","FULLNAME":"Jeannette city","TYPE":"City","COUNTY":"Westmoreland","STATE":"Pennsylvania","GEOID":"4237784","TERRITORY":"PA West"},"geometry":{"type":"Polygon","coordinates":[[[-79.636352,40.328664],[-79.636387,40.329504],[-79.636025,40.329594],[-79.63618,40.330342],[-79.632076,40.331117],[-79.629601,40.331328],[-79.629562,40.33349],[-79.626607,40.332872],[-79.625868,40.334369],[-79.629537,40.335062],[-79.629532,40.336297],[-79.624948,40.335922],[-79.622932,40.336937],[-79.62162,40.33735],[-79.62021,40.33708],[-79.620023,40.337536],[-79.618536,40.337325],[-79.618463,40.33763],[-79.617866,40.337283],[-79.617977,40.337768],[-79.616328,40.339497],[-79.612892,40.339348],[-79.613302,40.341781],[-79.610095,40.3421],[-79.609822,40.340071],[-79.610184,40.33978],[-79.60818,40.340605],[-79.608,40.340337],[-79.60544,40.34157],[-79.605969,40.341583],[-79.605969,40.342737],[-79.602061,40.342814],[-79.601461,40.342143],[-79.60207,40.34172],[-79.599335,40.341865],[-79.597081,40.337111],[-79.597821,40.336286],[-79.595494,40.335202],[-79.595849,40.334468],[-79.59835,40.33561],[-79.59937,40.33411],[-79.59976,40.33289],[-79.59955,40.3311],[-79.5996,40.3291],[-79.599275,40.328267],[-79.599464,40.328133],[-79.600547,40.327556],[-79.601458,40.327373],[-79.603539,40.328309],[-79.605965,40.327968],[-79.60722,40.32811],[-79.611399,40.325386],[-79.611297,40.325324],[-79.611505,40.325165],[-79.609744,40.324035],[-79.609953,40.32382],[-79.607912,40.322578],[-79.608529,40.321964],[-79.60693,40.32124],[-79.60573,40.32096],[-79.603607,40.319652],[-79.604537,40.318418],[-79.607498,40.317459],[-79.604838,40.317083],[-79.604753,40.316202],[-79.602625,40.31596],[-79.601922,40.313204],[-79.604602,40.312267],[-79.604505,40.311764],[-79.604986,40.311382],[-79.605058,40.31167],[-79.607243,40.311352],[-79.611345,40.310405],[-79.61288,40.310364],[-79.612787,40.310994],[-79.612954,40.311013],[-79.614321,40.3125],[-79.617723,40.313079],[-79.617661,40.313883],[-79.619255,40.312912],[-79.619084,40.314596],[-79.618586,40.315738],[-79.621567,40.316071],[-79.623872,40.315994],[-79.62081,40.3193],[-79.625109,40.321035],[-79.625623,40.321588],[-79.6271,40.32267],[-79.62769,40.32275],[-79.62997,40.32373],[-79.62986,40.3241],[-79.628791,40.325328],[-79.629571,40.326161],[-79.630577,40.326594],[-79.630145,40.328681],[-79.630649,40.328681],[-79.632656,40.329991],[-79.633287,40.329913],[-79.634771,40.329106],[-79.636024,40.32872],[-79.636352,40.328664]]]}},{"type":"Feature","properties":{"NAME":"Johnstown","FULLNAME":"Johnstown city","TYPE":"City","COUNTY":"Cambria","STATE":"Pennsylvania","GEOID":"4238288","TERRITORY":"PA West"},"geometry":{"type":"Polygon","coordinates":[[[-78.955231,40.345755],[-78.955083,40.347496],[-78.953369,40.349001],[-78.952828,40.348956],[-78.952103,40.35222],[-78.951757,40.35292],[-78.951611,40.353972],[-78.951409,40.354263],[-78.951071,40.35401],[-78.950637,40.354362],[-78.95116,40.354708],[-78.951843,40.35559],[-78.951747,40.356979],[-78.951193,40.357983],[-78.943158,40.364153],[-78.941867,40.363866],[-78.940604,40.362957],[-78.939492,40.361909],[-78.937561,40.360548],[-78.937429,40.360085],[-78.935434,40.360007],[-78.935405,40.359431],[-78.931773,40.359677],[-78.931999,40.354292],[-78.935427,40.348988],[-78.938371,40.349841],[-78.938437,40.349216],[-78.939964,40.349167],[-78.940056,40.347981],[-78.939535,40.346691],[-78.938272,40.345659],[-78.933199,40.344102],[-78.9294,40.342609],[-78.928317,40.344071],[-78.916305,40.344558],[-78.91533,40.344994],[-78.913,40.345088],[-78.910592,40.34617],[-78.908893,40.352447],[-78.907748,40.353847],[-78.909506,40.356309],[-78.90555,40.36161],[-78.903191,40.360344],[-78.902999,40.359179],[-78.904277,40.358022],[-78.904627,40.357357],[-78.906333,40.355918],[-78.906468,40.355557],[-78.905804,40.353896],[-78.904104,40.354392],[-78.903916,40.35245],[-78.906924,40.350772],[-78.90725,40.349266],[-78.905426,40.345382],[-78.906939,40.342449],[-78.909054,40.341026],[-78.913722,40.340769],[-78.916473,40.342677],[-78.916532,40.337874],[-78.914276,40.338871],[-78.908928,40.336087],[-78.907061,40.337228],[-78.892485,40.340013],[-78.893876,40.338569],[-78.897189,40.334091],[-78.898308,40.333672],[-78.900912,40.333216],[-78.901415,40.333022],[-78.903101,40.331846],[-78.904005,40.327329],[-78.905827,40.325836],[-78.908157,40.324256],[-78.909452,40.323847],[-78.913289,40.323054],[-78.91232,40.321783],[-78.90721,40.319706],[-78.904682,40.316853],[-78.90268,40.316273],[-78.898892,40.316844],[-78.897807,40.317227],[-78.898619,40.315129],[-78.895943,40.313125],[-78.886977,40.313175],[-78.882395,40.312937],[-78.882329,40.312305],[-78.882783,40.31196],[-78.882739,40.310684],[-78.888233,40.309196],[-78.891912,40.306618],[-78.891383,40.306184],[-78.894139,40.3044],[-78.895966,40.30573],[-78.896651,40.305555],[-78.897587,40.305983],[-78.897049,40.306345],[-78.899345,40.308866],[-78.902275,40.304918],[-78.901883,40.301044],[-78.900425,40.300537],[-78.900092,40.29941],[-78.899434,40.299377],[-78.900383,40.296633],[-78.901789,40.297391],[-78.903079,40.295336],[-78.900821,40.295503],[-78.905266,40.29392],[-78.905453,40.293644],[-78.904948,40.293453],[-78.906301,40.29147],[-78.908274,40.292204],[-78.908908,40.291231],[-78.909419,40.291418],[-78.91043,40.289821],[-78.911873,40.290536],[-78.912265,40.28991],[-78.914544,40.290876],[-78.917973,40.292641],[-78.918928,40.293687],[-78.91927,40.295082],[-78.91979,40.295161],[-78.920426,40.295587],[-78.920935,40.293353],[-78.920696,40.293177],[-78.920663,40.292937],[-78.921073,40.291527],[-78.927629,40.293285],[-78.926948,40.297108],[-78.927906,40.296983],[-78.927783,40.296462],[-78.928205,40.296397],[-78.92833,40.296923],[-78.930533,40.296617],[-78.931598,40.297183],[-78.932131,40.2981],[-78.933738,40.298485],[-78.932707,40.29954],[-78.92831,40.305419],[-78.927524,40.306136],[-78.926582,40.305351],[-78.919407,40.307046],[-78.917629,40.310335],[-78.916625,40.310903],[-78.916384,40.311803],[-78.915642,40.313215],[-78.917118,40.314198],[-78.918766,40.314747],[-78.919982,40.314225],[-78.921637,40.314182],[-78.921956,40.314326],[-78.923191,40.316391],[-78.923101,40.31765],[-78.924545,40.317493],[-78.924756,40.318517],[-78.924578,40.319029],[-78.924804,40.319492],[-78.925729,40.319948],[-78.926278,40.321032],[-78.927587,40.32275],[-78.928119,40.323903],[-78.928243,40.325351],[-78.92586,40.32572],[-78.926008,40.326159],[-78.928706,40.325843],[-78.92887,40.326394],[-78.929088,40.328616],[-78.928835,40.3287],[-78.928287,40.330294],[-78.9284,40.331908],[-78.927183,40.332367],[-78.926859,40.33217],[-78.926392,40.332229],[-78.927522,40.336646],[-78.928897,40.33804],[-78.931157,40.33955],[-78.934219,40.341264],[-78.935272,40.340124],[-78.939027,40.34216],[-78.940418,40.340637],[-78.942249,40.341625],[-78.943902,40.341973],[-78.943556,40.343492],[-78.95034,40.342996],[-78.952017,40.343238],[-78.95182,40.343977],[-78.952207,40.344147],[-78.952695,40.344828],[-78.953571,40.345388],[-78.955231,40.345755]],[[-78.912873,40.31968],[-78.908112,40.31439],[-78.906592,40.312486],[-78.906189,40.309087],[-78.905301,40.305923],[-78.900936,40.308763],[-78.900824,40.313528],[-78.906862,40.315322],[-78.912676,40.320151],[-78.912778,40.319957],[-78.912647,40.319799],[-78.912873,40.31968]]]}},{"type":"Feature","properties":{"NAME":"Lancaster","FULLNAME":"Lancaster city","TYPE":"City","COUNTY":"Lancaster","STATE":"Pennsylvania","GEOID":"4241216","TERRITORY":"PA East"},"geometry":{"type":"Polygon","coordinates":[[[-76.346041,40.065416],[-76.345185,40.067243],[-76.343524,40.066976],[-76.342428,40.069769],[-76.341795,40.072657],[-76.340961,40.072618],[-76.337883,40.070659],[-76.334989,40.068],[-76.334587,40.068227],[-76.331951,40.065447],[-76.327279,40.060906],[-76.326143,40.059987],[-76.330203,40.063977],[-76.328005,40.064464],[-76.328276,40.065349],[-76.330982,40.064749],[-76.331843,40.065603],[-76.328525,40.066335],[-76.328747,40.067306],[-76.325995,40.06863],[-76.327095,40.072126],[-76.326325,40.072659],[-76.325335,40.072939],[-76.323798,40.069468],[-76.318445,40.070916],[-76.317887,40.069679],[-76.316127,40.068334],[-76.315348,40.066437],[-76.316609,40.065701],[-76.315859,40.064217],[-76.314585,40.064471],[-76.314172,40.063468],[-76.316624,40.063365],[-76.316321,40.062658],[-76.315417,40.06283],[-76.315273,40.062492],[-76.313824,40.062623],[-76.312623,40.059798],[-76.314969,40.059163],[-76.31508,40.059061],[-76.314911,40.058915],[-76.315715,40.058205],[-76.315308,40.057947],[-76.314603,40.058631],[-76.314059,40.058111],[-76.314648,40.057558],[-76.314068,40.057172],[-76.314169,40.057081],[-76.314778,40.057473],[-76.314974,40.05729],[-76.316077,40.057395],[-76.315709,40.057774],[-76.316354,40.058131],[-76.316678,40.057855],[-76.316834,40.05796],[-76.316196,40.05851],[-76.316874,40.058858],[-76.317442,40.058364],[-76.31755,40.058435],[-76.316976,40.058989],[-76.317167,40.059091],[-76.317768,40.058581],[-76.31793,40.058689],[-76.317628,40.058962],[-76.317711,40.059028],[-76.317977,40.059204],[-76.318299,40.058934],[-76.318805,40.05927],[-76.319993,40.060123],[-76.319434,40.060562],[-76.320928,40.061842],[-76.321621,40.061372],[-76.320038,40.060045],[-76.317614,40.058395],[-76.318345,40.057768],[-76.316841,40.0568],[-76.317276,40.056425],[-76.30533,40.054705],[-76.305609,40.056236],[-76.301374,40.05656],[-76.301907,40.05987],[-76.298194,40.06025],[-76.29713,40.059024],[-76.301779,40.054149],[-76.297602,40.053455],[-76.297803,40.053854],[-76.297201,40.05441],[-76.296265,40.0538],[-76.295958,40.054079],[-76.295846,40.053569],[-76.291471,40.054039],[-76.290341,40.055153],[-76.288044,40.05378],[-76.289359,40.052762],[-76.289254,40.05206],[-76.286133,40.054379],[-76.280828,40.057862],[-76.279871,40.057253],[-76.278827,40.055353],[-76.279036,40.053138],[-76.278758,40.052166],[-76.278195,40.051671],[-76.277915,40.051756],[-76.278025,40.052026],[-76.277582,40.052094],[-76.277577,40.051855],[-76.276334,40.051972],[-76.276346,40.051466],[-76.272738,40.052037],[-76.272492,40.052229],[-76.272204,40.053572],[-76.272932,40.056719],[-76.272976,40.057778],[-76.26815,40.055238],[-76.262015,40.052571],[-76.261378,40.053225],[-76.261153,40.054002],[-76.260915,40.054271],[-76.258455,40.055825],[-76.254054,40.052824],[-76.256553,40.050354],[-76.255684,40.047874],[-76.257138,40.047737],[-76.256867,40.046846],[-76.255331,40.047012],[-76.255288,40.046907],[-76.261335,40.046231],[-76.26167,40.045526],[-76.254131,40.04401],[-76.254038,40.043778],[-76.254677,40.043794],[-76.25488,40.043624],[-76.26079,40.044651],[-76.261,40.042723],[-76.258353,40.042565],[-76.258655,40.041109],[-76.259095,40.040759],[-76.259989,40.040765],[-76.260417,40.040085],[-76.26057,40.040458],[-76.261025,40.040374],[-76.260945,40.039993],[-76.26317,40.03961],[-76.262846,40.041685],[-76.26472,40.042139],[-76.264103,40.042742],[-76.265381,40.043969],[-76.264123,40.045855],[-76.266205,40.046241],[-76.271533,40.048061],[-76.278695,40.049845],[-76.279536,40.050253],[-76.28227,40.050744],[-76.284286,40.05083],[-76.287156,40.050245],[-76.28699,40.049423],[-76.28399,40.049544],[-76.282339,40.048901],[-76.282536,40.047093],[-76.28071,40.047287],[-76.280634,40.046447],[-76.279609,40.046527],[-76.278988,40.045585],[-76.280155,40.045559],[-76.28009,40.044421],[-76.283647,40.044161],[-76.283658,40.044778],[-76.284583,40.04471],[-76.284975,40.044916],[-76.28538,40.044493],[-76.285951,40.044826],[-76.286187,40.044801],[-76.286087,40.044252],[-76.286974,40.043499],[-76.287438,40.043405],[-76.287502,40.043866],[-76.287744,40.043841],[-76.287345,40.041379],[-76.287034,40.041412],[-76.287012,40.041285],[-76.28727,40.041257],[-76.286014,40.034416],[-76.284609,40.036555],[-76.284254,40.03674],[-76.28327,40.036819],[-76.282173,40.036259],[-76.281585,40.035245],[-76.281313,40.032915],[-76.281601,40.03219],[-76.279754,40.031857],[-76.279238,40.033164],[-76.277982,40.033518],[-76.278012,40.03315],[-76.276753,40.033031],[-76.276795,40.032755],[-76.275712,40.032653],[-76.276417,40.029019],[-76.27732,40.029103],[-76.277285,40.029376],[-76.27791,40.029435],[-76.278042,40.028527],[-76.275932,40.028348],[-76.275886,40.028579],[-76.274676,40.028441],[-76.274491,40.028934],[-76.271249,40.02915],[-76.271063,40.027939],[-76.269641,40.02825],[-76.269454,40.028107],[-76.2687,40.028233],[-76.267594,40.027338],[-76.266954,40.02771],[-76.267172,40.027882],[-76.263737,40.029581],[-76.266321,40.032767],[-76.267122,40.03255],[-76.267218,40.032741],[-76.267586,40.032636],[-76.267753,40.032969],[-76.268312,40.032811],[-76.268703,40.03359],[-76.268469,40.033646],[-76.268302,40.033233],[-76.267811,40.033367],[-76.268025,40.033734],[-76.26822,40.03368],[-76.268297,40.033839],[-76.269325,40.033566],[-76.269514,40.03394],[-76.268502,40.034242],[-76.268387,40.034023],[-76.267914,40.034155],[-76.267386,40.033074],[-76.266449,40.033336],[-76.266308,40.033021],[-76.265866,40.036029],[-76.263962,40.036542],[-76.261773,40.03635],[-76.261703,40.036122],[-76.261495,40.036159],[-76.261288,40.037005],[-76.25815,40.036509],[-76.259152,40.034812],[-76.260669,40.033803],[-76.258106,40.028823],[-76.267002,40.026771],[-76.26742,40.027199],[-76.269135,40.02664],[-76.268978,40.026303],[-76.271573,40.02567],[-76.275042,40.026572],[-76.275386,40.025739],[-76.277888,40.026015],[-76.277904,40.025549],[-76.279088,40.025677],[-76.279407,40.025376],[-76.279046,40.02474],[-76.279151,40.024395],[-76.279784,40.024134],[-76.279565,40.024047],[-76.27925,40.023197],[-76.279377,40.023089],[-76.278442,40.020628],[-76.283952,40.019453],[-76.281592,40.015318],[-76.282213,40.015121],[-76.281691,40.014697],[-76.281052,40.013717],[-76.280918,40.012824],[-76.280476,40.011782],[-76.280644,40.010303],[-76.280452,40.009794],[-76.280063,40.009593],[-76.279717,40.009674],[-76.278857,40.01064],[-76.277773,40.008448],[-76.278989,40.007697],[-76.279131,40.0074],[-76.282379,40.006767],[-76.282602,40.008037],[-76.282545,40.009424],[-76.282838,40.010164],[-76.283006,40.0128],[-76.283347,40.013732],[-76.284562,40.015499],[-76.284446,40.016114],[-76.286729,40.016295],[-76.286814,40.018024],[-76.289113,40.017927],[-76.290397,40.019264],[-76.290515,40.020271],[-76.290242,40.021158],[-76.28802,40.022514],[-76.292207,40.024465],[-76.291861,40.024757],[-76.309626,40.022896],[-76.308997,40.021919],[-76.311872,40.021115],[-76.315125,40.01753],[-76.319352,40.020954],[-76.319554,40.020747],[-76.320278,40.021183],[-76.320828,40.020657],[-76.321037,40.020452],[-76.320296,40.020014],[-76.321141,40.019216],[-76.322963,40.020382],[-76.321979,40.02131],[-76.323676,40.022416],[-76.322482,40.023436],[-76.322194,40.023294],[-76.322499,40.025336],[-76.323686,40.024204],[-76.324751,40.024858],[-76.323032,40.026507],[-76.32273,40.026304],[-76.324814,40.037969],[-76.325067,40.038014],[-76.324898,40.038443],[-76.326138,40.038537],[-76.325274,40.040842],[-76.326925,40.050264],[-76.321677,40.051035],[-76.321372,40.051714],[-76.319851,40.05104],[-76.321129,40.051695],[-76.320769,40.052101],[-76.321018,40.052211],[-76.320734,40.052546],[-76.321041,40.052765],[-76.319844,40.053493],[-76.321217,40.054761],[-76.322936,40.052633],[-76.32252,40.053294],[-76.322926,40.053517],[-76.323281,40.053698],[-76.323466,40.052904],[-76.323806,40.05308],[-76.322462,40.055541],[-76.325349,40.056838],[-76.326718,40.057034],[-76.329173,40.057131],[-76.330071,40.05629],[-76.330593,40.056602],[-76.329943,40.057161],[-76.330464,40.057182],[-76.331237,40.056918],[-76.333452,40.058437],[-76.334381,40.059298],[-76.328581,40.061772],[-76.329273,40.062448],[-76.329861,40.062399],[-76.329936,40.062259],[-76.332598,40.061281],[-76.33243,40.060948],[-76.334947,40.05985],[-76.337511,40.062386],[-76.338585,40.062958],[-76.337878,40.063972],[-76.339731,40.064434],[-76.340208,40.063885],[-76.343007,40.065151],[-76.346041,40.065416]],[[-76.326498,40.061207],[-76.325727,40.061116],[-76.32565,40.061486],[-76.326636,40.061485],[-76.326498,40.061207]],[[-76.326578,40.064235],[-76.325721,40.063491],[-76.324845,40.063531],[-76.324513,40.063784],[-76.32415,40.063483],[-76.323626,40.06385],[-76.324191,40.064331],[-76.324728,40.063955],[-76.325835,40.064878],[-76.326578,40.064235]],[[-76.32436,40.062638],[-76.323936,40.062279],[-76.32327,40.06275],[-76.3237,40.063103],[-76.32436,40.062638]],[[-76.319971,40.021901],[-76.319,40.021298],[-76.318281,40.021988],[-76.319971,40.021901]],[[-76.317992,40.022002],[-76.316486,40.020771],[-76.316068,40.02106],[-76.317264,40.022039],[-76.317992,40.022002]],[[-76.317078,40.059176],[-76.316403,40.058726],[-76.315603,40.059438],[-76.316276,40.059889],[-76.317078,40.059176]],[[-76.313778,40.055655],[-76.312316,40.05488],[-76.312756,40.054521],[-76.312712,40.054192],[-76.313437,40.05412],[-76.313381,40.053752],[-76.312143,40.053851],[-76.31208,40.053479],[-76.313645,40.053332],[-76.313462,40.052176],[-76.310986,40.052378],[-76.310922,40.051982],[-76.30323,40.052829],[-76.302366,40.053571],[-76.302816,40.05389],[-76.303072,40.053636],[-76.30549,40.053968],[-76.310216,40.05343],[-76.310548,40.053664],[-76.310797,40.055152],[-76.313148,40.055444],[-76.313778,40.055655]],[[-76.300392,40.0531],[-76.299677,40.053144],[-76.299648,40.053472],[-76.300478,40.053602],[-76.300392,40.0531]],[[-76.289201,40.051893],[-76.288911,40.050057],[-76.285482,40.05094],[-76.285619,40.051328],[-76.289201,40.051893]],[[-76.288098,40.04602],[-76.287849,40.044628],[-76.287607,40.044653],[-76.287881,40.046042],[-76.288098,40.04602]],[[-76.288081,40.025166],[-76.286089,40.023639],[-76.285588,40.023939],[-76.28502,40.023374],[-76.283467,40.023548],[-76.284202,40.02559],[-76.288081,40.025166]],[[-76.26757,40.047264],[-76.263986,40.046218],[-76.261818,40.048604],[-76.263475,40.049388],[-76.264601,40.050123],[-76.26757,40.047264]],[[-76.32327,40.06275],[-76.323104,40.06261],[-76.323769,40.062138],[-76.323203,40.061651],[-76.321779,40.062835],[-76.32327,40.06275]]]}},{"type":"Feature","properties":{"NAME":"Latrobe","FULLNAME":"Latrobe city","TYPE":"City","COUNTY":"Westmoreland","STATE":"Pennsylvania","GEOID":"4241680","TERRITORY":"PA West"},"geometry":{"type":"Polygon","coordinates":[[[-79.403849,40.318842],[-79.40099,40.320336],[-79.401722,40.321064],[-79.401311,40.321261],[-79.401488,40.32243],[-79.399982,40.322511],[-79.399996,40.322876],[-79.393985,40.323148],[-79.391611,40.324731],[-79.391726,40.324875],[-79.390303,40.326006],[-79.387745,40.32848],[-79.38706,40.328786],[-79.385921,40.328816],[-79.384998,40.328412],[-79.384655,40.328034],[-79.383952,40.325372],[-79.383182,40.324799],[-79.382456,40.324491],[-79.38098,40.324381],[-79.378097,40.325229],[-79.377852,40.325178],[-79.377616,40.325017],[-79.37755,40.324743],[-79.377758,40.324139],[-79.378957,40.323403],[-79.378445,40.321678],[-79.377301,40.322312],[-79.377118,40.322249],[-79.376029,40.322964],[-79.375798,40.322794],[-79.375441,40.323004],[-79.374332,40.322876],[-79.375227,40.322117],[-79.374532,40.321622],[-79.373525,40.321949],[-79.371288,40.320672],[-79.372042,40.319849],[-79.372045,40.319534],[-79.371586,40.319531],[-79.371538,40.317837],[-79.371061,40.31785],[-79.371043,40.317038],[-79.37048,40.317048],[-79.37047,40.316636],[-79.371261,40.316599],[-79.371245,40.316169],[-79.370095,40.316186],[-79.370078,40.315783],[-79.371222,40.31575],[-79.371118,40.31292],[-79.369135,40.312935],[-79.369085,40.310336],[-79.367554,40.310091],[-79.369513,40.308161],[-79.367463,40.306903],[-79.368286,40.306084],[-79.370342,40.307317],[-79.371222,40.306528],[-79.368524,40.302712],[-79.371104,40.30023],[-79.369816,40.299371],[-79.365237,40.297326],[-79.3654,40.296618],[-79.366806,40.297061],[-79.366948,40.296401],[-79.370023,40.296347],[-79.37068,40.295797],[-79.371062,40.295992],[-79.371431,40.295694],[-79.371703,40.296958],[-79.37161,40.29711],[-79.372308,40.297032],[-79.371513,40.292135],[-79.372854,40.292811],[-79.373423,40.293568],[-79.373683,40.292602],[-79.373966,40.29231],[-79.376549,40.29397],[-79.376202,40.294619],[-79.375769,40.295027],[-79.377796,40.297332],[-79.37866,40.297925],[-79.380478,40.29874],[-79.381568,40.299512],[-79.382868,40.30004],[-79.385781,40.302842],[-79.385731,40.303331],[-79.384785,40.303677],[-79.384104,40.303641],[-79.383109,40.303177],[-79.382556,40.30311],[-79.381959,40.303121],[-79.38157,40.303357],[-79.381409,40.304393],[-79.381612,40.305336],[-79.381558,40.30651],[-79.381827,40.30671],[-79.382805,40.306789],[-79.384769,40.305961],[-79.387249,40.305676],[-79.388645,40.3061],[-79.389642,40.306828],[-79.393761,40.308023],[-79.392342,40.312037],[-79.3925,40.312158],[-79.391961,40.312926],[-79.396571,40.309597],[-79.396891,40.309678],[-79.396543,40.310369],[-79.400764,40.311632],[-79.400981,40.311308],[-79.401459,40.31145],[-79.401083,40.312094],[-79.400872,40.311957],[-79.400633,40.312449],[-79.400835,40.312737],[-79.398627,40.314476],[-79.398684,40.314706],[-79.396894,40.314981],[-79.393614,40.313215],[-79.392382,40.314152],[-79.391602,40.314107],[-79.391017,40.31451],[-79.390418,40.31404],[-79.389296,40.314884],[-79.391052,40.315521],[-79.391752,40.316053],[-79.392958,40.317901],[-79.392891,40.317584],[-79.396142,40.316625],[-79.396584,40.317166],[-79.398336,40.316223],[-79.398621,40.316522],[-79.398963,40.316344],[-79.398774,40.316146],[-79.400561,40.31528],[-79.403849,40.318842]]]}},{"type":"Feature","properties":{"NAME":"Lebanon","FULLNAME":"Lebanon city","TYPE":"City","COUNTY":"Lebanon","STATE":"Pennsylvania","GEOID":"4242168","TERRITORY":"PA East"},"geometry":{"type":"Polygon","coordinates":[[[-76.450877,40.350918],[-76.449058,40.35145],[-76.445916,40.351684],[-76.445923,40.352147],[-76.443597,40.352324],[-76.439248,40.354991],[-76.431868,40.355802],[-76.421637,40.355548],[-76.407113,40.352845],[-76.407073,40.352557],[-76.40384,40.352613],[-76.402771,40.352196],[-76.402561,40.34973],[-76.404437,40.349568],[-76.404453,40.350038],[-76.405974,40.350009],[-76.405979,40.350125],[-76.405682,40.35013],[-76.405693,40.350551],[-76.406664,40.350603],[-76.406916,40.349004],[-76.393525,40.349641],[-76.393155,40.346414],[-76.391965,40.344692],[-76.395533,40.343387],[-76.400304,40.341889],[-76.404209,40.341309],[-76.403466,40.337717],[-76.40294,40.337286],[-76.401,40.336329],[-76.399339,40.334769],[-76.403535,40.332256],[-76.403685,40.332349],[-76.405554,40.331641],[-76.406253,40.33266],[-76.408979,40.332378],[-76.409862,40.33339],[-76.419475,40.331639],[-76.418902,40.326945],[-76.417696,40.325884],[-76.41698,40.324984],[-76.416378,40.323983],[-76.415877,40.322552],[-76.418535,40.322525],[-76.418652,40.324596],[-76.420501,40.32457],[-76.421751,40.324238],[-76.419884,40.321725],[-76.424023,40.319915],[-76.425112,40.322565],[-76.426874,40.321567],[-76.430659,40.323694],[-76.431195,40.32512],[-76.431681,40.324644],[-76.432825,40.325059],[-76.433405,40.32584],[-76.434682,40.326263],[-76.434142,40.32763],[-76.433588,40.327855],[-76.434497,40.329288],[-76.43656,40.328374],[-76.436088,40.327737],[-76.440361,40.325847],[-76.43995,40.327194],[-76.44071,40.32707],[-76.441497,40.328113],[-76.447754,40.325287],[-76.448217,40.325606],[-76.447346,40.326129],[-76.448101,40.327054],[-76.442415,40.329525],[-76.443049,40.331296],[-76.440661,40.331549],[-76.440721,40.331988],[-76.441227,40.331988],[-76.441326,40.332723],[-76.438361,40.332923],[-76.438667,40.335274],[-76.440527,40.342603],[-76.442794,40.347369],[-76.44424,40.346925],[-76.444898,40.346935],[-76.447628,40.348315],[-76.449797,40.34856],[-76.449771,40.350024],[-76.450184,40.350496],[-76.450877,40.350918]]]}},{"type":"Feature","properties":{"NAME":"Lock Haven","FULLNAME":"Lock Haven city","TYPE":"City","COUNTY":"Clinton","STATE":"Pennsylvania","GEOID":"4244128","TERRITORY":"PA West"},"geometry":{"type":"Polygon","coordinates":[[[-77.47525,41.150672],[-77.470284,41.150799],[-77.471778,41.152992],[-77.468543,41.153875],[-77.460613,41.145483],[-77.459463,41.143621],[-77.459014,41.143142],[-77.456937,41.142084],[-77.453682,41.141515],[-77.451498,41.141769],[-77.449904,41.141722],[-77.442045,41.139483],[-77.438559,41.138884],[-77.434336,41.138545],[-77.425963,41.138942],[-77.426687,41.137477],[-77.426557,41.136587],[-77.424649,41.136862],[-77.424768,41.137507],[-77.418446,41.138112],[-77.418365,41.137882],[-77.416473,41.138278],[-77.416778,41.138107],[-77.416687,41.13776],[-77.416405,41.137848],[-77.416458,41.137295],[-77.415489,41.137569],[-77.414645,41.136632],[-77.413744,41.135952],[-77.413616,41.134842],[-77.420269,41.134203],[-77.419765,41.132097],[-77.425586,41.131916],[-77.425764,41.130979],[-77.432313,41.130795],[-77.438556,41.131364],[-77.439103,41.128714],[-77.444131,41.12934],[-77.444956,41.126726],[-77.449369,41.124629],[-77.449361,41.125189],[-77.45168,41.12562],[-77.453879,41.126352],[-77.454607,41.126398],[-77.457843,41.125634],[-77.461036,41.12371],[-77.465191,41.129283],[-77.465201,41.129543],[-77.466913,41.131987],[-77.47042,41.130534],[-77.470726,41.130818],[-77.4711,41.131637],[-77.473688,41.135584],[-77.469124,41.134583],[-77.474723,41.142536],[-77.47525,41.150672]]]}},{"type":"Feature","properties":{"NAME":"Lower Burrell","FULLNAME":"Lower Burrell city","TYPE":"City","COUNTY":"Westmoreland","STATE":"Pennsylvania","GEOID":"4244864","TERRITORY":"PA West"},"geometry":{"type":"Polygon","coordinates":[[[-79.765946,40.550915],[-79.765125,40.55129],[-79.765363,40.551686],[-79.761692,40.553285],[-79.761522,40.553225],[-79.761273,40.552701],[-79.757373,40.553389],[-79.75728,40.55305],[-79.75283,40.55306],[-79.751491,40.5528],[-79.750716,40.552139],[-79.74786,40.55146],[-79.746895,40.551812],[-79.747466,40.553074],[-79.744703,40.55371],[-79.744313,40.556605],[-79.743957,40.556549],[-79.744075,40.555982],[-79.743331,40.555855],[-79.743228,40.556437],[-79.737706,40.555559],[-79.734292,40.556402],[-79.734508,40.556646],[-79.734766,40.558033],[-79.734197,40.557896],[-79.732358,40.56068],[-79.732825,40.562354],[-79.733104,40.562551],[-79.733382,40.56423],[-79.732719,40.564082],[-79.73032,40.5706],[-79.73272,40.57083],[-79.73299,40.57097],[-79.73326,40.5717],[-79.73424,40.57306],[-79.7348,40.57574],[-79.73528,40.57679],[-79.7356,40.57712],[-79.73797,40.57836],[-79.7394,40.57932],[-79.74089,40.57952],[-79.74172,40.580573],[-79.737389,40.582253],[-79.739693,40.585438],[-79.74414,40.58361],[-79.74782,40.58967],[-79.748825,40.592913],[-79.749524,40.594049],[-79.749625,40.595341],[-79.749129,40.595878],[-79.749395,40.596597],[-79.749187,40.59897],[-79.74117,40.600666],[-79.73307,40.603166],[-79.728579,40.604774],[-79.724116,40.606602],[-79.72127,40.607966],[-79.717081,40.613352],[-79.715738,40.616494],[-79.714651,40.617944],[-79.712807,40.619873],[-79.711886,40.618943],[-79.709842,40.617338],[-79.703966,40.613435],[-79.681432,40.597582],[-79.680097,40.596799],[-79.671155,40.588541],[-79.674128,40.585687],[-79.674312,40.58575],[-79.674998,40.584847],[-79.676114,40.584041],[-79.715176,40.548645],[-79.721939,40.543236],[-79.722424,40.542059],[-79.724567,40.542366],[-79.729505,40.543913],[-79.730198,40.544703],[-79.731566,40.545054],[-79.732351,40.545515],[-79.732776,40.54618],[-79.732546,40.546471],[-79.733863,40.546866],[-79.734894,40.54854],[-79.736262,40.549275],[-79.740437,40.549526],[-79.741272,40.549372],[-79.742366,40.548735],[-79.742639,40.548718],[-79.743561,40.549151],[-79.745304,40.549595],[-79.746298,40.550402],[-79.748228,40.551181],[-79.751096,40.551683],[-79.752233,40.551651],[-79.752514,40.55118],[-79.753976,40.550538],[-79.756518,40.550175],[-79.758987,40.550442],[-79.760117,40.550997],[-79.760664,40.551052],[-79.762687,40.550432],[-79.765415,40.549854],[-79.765946,40.550915]]]}},{"type":"Feature","properties":{"NAME":"McKeesport","FULLNAME":"McKeesport city","TYPE":"City","COUNTY":"Allegheny","STATE":"Pennsylvania","GEOID":"4246256","TERRITORY":"PA West"},"geometry":{"type":"Polygon","coordinates":[[[-79.885612,40.345168],[-79.880846,40.351649],[-79.878293,40.353641],[-79.876551,40.354393],[-79.872957,40.355101],[-79.866528,40.356003],[-79.860618,40.356414],[-79.853111,40.356448],[-79.850476,40.356599],[-79.844622,40.357585],[-79.843281,40.357971],[-79.841117,40.359046],[-79.839085,40.360158],[-79.837964,40.361031],[-79.836966,40.362152],[-79.836463,40.363522],[-79.836169,40.364992],[-79.834186,40.361458],[-79.833783,40.361342],[-79.833404,40.361857],[-79.833434,40.362215],[-79.833204,40.362674],[-79.832059,40.362172],[-79.832129,40.363006],[-79.830819,40.363074],[-79.830741,40.362176],[-79.830473,40.3622],[-79.829876,40.361674],[-79.829376,40.361607],[-79.828994,40.360799],[-79.830298,40.359901],[-79.831226,40.359028],[-79.831976,40.358039],[-79.831678,40.357586],[-79.828562,40.356554],[-79.82647,40.355193],[-79.824398,40.354168],[-79.826386,40.352009],[-79.827988,40.352244],[-79.829697,40.351883],[-79.830121,40.350763],[-79.830285,40.34921],[-79.830971,40.347913],[-79.828611,40.344703],[-79.824572,40.344854],[-79.821767,40.34469],[-79.821951,40.343878],[-79.819121,40.34378],[-79.818827,40.338166],[-79.8203,40.338137],[-79.819994,40.332088],[-79.8196,40.330098],[-79.818144,40.32736],[-79.816905,40.328506],[-79.816206,40.32795],[-79.815887,40.327352],[-79.815834,40.326891],[-79.816242,40.324275],[-79.817478,40.322899],[-79.817691,40.322441],[-79.817696,40.322001],[-79.816069,40.319611],[-79.818472,40.318875],[-79.820007,40.318095],[-79.822979,40.322728],[-79.823576,40.323034],[-79.825607,40.321703],[-79.82718,40.320419],[-79.828122,40.320552],[-79.830013,40.320448],[-79.830779,40.320584],[-79.831703,40.320859],[-79.832874,40.324384],[-79.837059,40.321538],[-79.838928,40.320809],[-79.840955,40.320239],[-79.843954,40.326001],[-79.844336,40.326608],[-79.845185,40.327448],[-79.846899,40.328789],[-79.852709,40.332187],[-79.85481,40.333668],[-79.857388,40.336291],[-79.858166,40.336874],[-79.861574,40.338943],[-79.864827,40.340674],[-79.8667,40.34224],[-79.868155,40.344519],[-79.869955,40.349139],[-79.871242,40.349015],[-79.871673,40.347736],[-79.87344,40.347605],[-79.874375,40.347009],[-79.880966,40.341771],[-79.881796,40.343386],[-79.885612,40.345168]]]}},{"type":"Feature","properties":{"NAME":"Meadville","FULLNAME":"Meadville city","TYPE":"City","COUNTY":"Crawford","STATE":"Pennsylvania","GEOID":"4248360","TERRITORY":"PA West"},"geometry":{"type":"MultiPolygon","coordinates":[[[[-80.126184,41.636253],[-80.125479,41.636053],[-80.123841,41.635553],[-80.125597,41.634941],[-80.126184,41.636253]]],[[[-80.171501,41.64867],[-80.169581,41.648907],[-80.169925,41.651136],[-80.159443,41.653103],[-80.157485,41.64906],[-80.149962,41.650584],[-80.150631,41.652174],[-80.1492,41.65254],[-80.14909,41.65238],[-80.14767,41.65269],[-80.14676,41.65505],[-80.14729,41.6551],[-80.15026,41.65448],[-80.15069,41.65556],[-80.15174,41.65609],[-80.151913,41.655469],[-80.15343,41.65574],[-80.15355,41.65616],[-80.15435,41.65594],[-80.155539,41.65849],[-80.15791,41.657312],[-80.157657,41.656784],[-80.160219,41.65683],[-80.1605,41.65722],[-80.15889,41.65832],[-80.16011,41.6594],[-80.161907,41.658397],[-80.164974,41.661123],[-80.1681,41.664846],[-80.16636,41.66451],[-80.16567,41.66594],[-80.1602,41.664409],[-80.15891,41.66328],[-80.15773,41.664],[-80.15301,41.66314],[-80.15252,41.66475],[-80.15252,41.670169],[-80.143012,41.670754],[-80.143019,41.670943],[-80.142774,41.671026],[-80.139723,41.671553],[-80.139755,41.674043],[-80.138312,41.674041],[-80.138347,41.673109],[-80.136826,41.672989],[-80.136882,41.671543],[-80.133149,41.67147],[-80.133226,41.671288],[-80.13174,41.67128],[-80.13179,41.67064],[-80.133404,41.670898],[-80.135454,41.666425],[-80.13436,41.666029],[-80.13419,41.66662],[-80.132709,41.666189],[-80.132619,41.666329],[-80.13186,41.666009],[-80.131989,41.665039],[-80.131443,41.664741],[-80.13104,41.66517],[-80.127373,41.663312],[-80.127881,41.662667],[-80.126385,41.661876],[-80.125218,41.661047],[-80.125886,41.660422],[-80.12657,41.66082],[-80.12772,41.65953],[-80.12854,41.65995],[-80.12868,41.6598],[-80.13279,41.66155],[-80.13298,41.65949],[-80.13353,41.6595],[-80.133496,41.655743],[-80.134927,41.65409],[-80.13646,41.65602],[-80.137015,41.655935],[-80.135643,41.651071],[-80.135686,41.650423],[-80.139199,41.649664],[-80.138632,41.647727],[-80.138805,41.644198],[-80.137488,41.643742],[-80.137519,41.641459],[-80.134084,41.642016],[-80.132519,41.642974],[-80.13105,41.64227],[-80.1318,41.64189],[-80.131699,41.641439],[-80.130942,41.6412],[-80.123329,41.64124],[-80.126329,41.63634],[-80.12715,41.63527],[-80.125925,41.634883],[-80.125597,41.634941],[-80.125076,41.634112],[-80.12536,41.63389],[-80.125025,41.633593],[-80.12739,41.63131],[-80.12796,41.63135],[-80.12975,41.63239],[-80.1309,41.63244],[-80.13179,41.63329],[-80.132603,41.631945],[-80.134962,41.632693],[-80.13497,41.63173],[-80.135794,41.631906],[-80.135793,41.63036],[-80.133741,41.630287],[-80.133712,41.629353],[-80.135781,41.629512],[-80.135791,41.630016],[-80.143568,41.631557],[-80.142456,41.630508],[-80.141991,41.629826],[-80.139702,41.624675],[-80.141842,41.624318],[-80.142143,41.625403],[-80.153016,41.623322],[-80.152472,41.625128],[-80.153785,41.625355],[-80.15489,41.625738],[-80.158115,41.626002],[-80.158327,41.626429],[-80.159163,41.629852],[-80.161074,41.633644],[-80.161766,41.635491],[-80.162163,41.636884],[-80.161919,41.638812],[-80.162559,41.639336],[-80.162987,41.640235],[-80.163125,41.641387],[-80.162976,41.64163],[-80.163041,41.642563],[-80.162528,41.64325],[-80.162909,41.644024],[-80.16293,41.64467],[-80.16276,41.64496],[-80.163274,41.64657],[-80.162494,41.646741],[-80.16284,41.64756],[-80.16448,41.6472],[-80.164179,41.646382],[-80.164585,41.6463],[-80.16507,41.64745],[-80.16586,41.64732],[-80.165326,41.646148],[-80.168687,41.645455],[-80.168979,41.646488],[-80.169443,41.646458],[-80.171199,41.646882],[-80.171501,41.64867]]]]}},{"type":"Feature","properties":{"NAME":"Monessen","FULLNAME":"Monessen city","TYPE":"City","COUNTY":"Westmoreland","STATE":"Pennsylvania","GEOID":"4250344","TERRITORY":"PA West"},"geometry":{"type":"Polygon","coordinates":[[[-79.90489,40.154231],[-79.904778,40.157255],[-79.904426,40.158215],[-79.903146,40.160183],[-79.901994,40.161367],[-79.900122,40.162647],[-79.897226,40.163991],[-79.895322,40.164583],[-79.893306,40.164983],[-79.890009,40.165159],[-79.887337,40.164983],[-79.877961,40.163495],[-79.870668,40.162127],[-79.871463,40.160094],[-79.868599,40.160137],[-79.868906,40.159323],[-79.869988,40.159292],[-79.87004,40.15915],[-79.86855,40.15647],[-79.86698,40.1556],[-79.86601,40.15465],[-79.8654,40.15353],[-79.86249,40.15149],[-79.86195,40.15062],[-79.86219,40.14903],[-79.8645,40.14875],[-79.866131,40.148105],[-79.861391,40.14526],[-79.861518,40.145154],[-79.86205,40.14553],[-79.86268,40.14539],[-79.86276,40.1451],[-79.86235,40.14425],[-79.86236,40.14394],[-79.86266,40.14347],[-79.86385,40.142891],[-79.86862,40.138099],[-79.869064,40.137826],[-79.870947,40.139355],[-79.872098,40.140065],[-79.8708,40.141321],[-79.871964,40.141954],[-79.8722,40.14015],[-79.87244,40.13949],[-79.87443,40.13683],[-79.87494,40.135345],[-79.875792,40.134692],[-79.875405,40.134219],[-79.87555,40.133486],[-79.876273,40.133059],[-79.877394,40.133087],[-79.878047,40.133482],[-79.878233,40.13406],[-79.87805,40.134495],[-79.877506,40.134968],[-79.877321,40.137407],[-79.879248,40.138162],[-79.880835,40.139526],[-79.882195,40.139908],[-79.883464,40.139847],[-79.884185,40.140148],[-79.885518,40.138944],[-79.887101,40.140235],[-79.887654,40.141357],[-79.888269,40.141777],[-79.889058,40.141834],[-79.889549,40.142557],[-79.891953,40.143872],[-79.896347,40.147546],[-79.899675,40.149272],[-79.90043,40.149782],[-79.901702,40.151121],[-79.902266,40.151147],[-79.90249,40.151435],[-79.903463,40.151315],[-79.90417,40.151967],[-79.90489,40.154231]]]}},{"type":"Feature","properties":{"NAME":"Monongahela","FULLNAME":"Monongahela city","TYPE":"City","COUNTY":"Washington","STATE":"Pennsylvania","GEOID":"4250408","TERRITORY":"PA West"},"geometry":{"type":"Polygon","coordinates":[[[-79.944807,40.198681],[-79.942558,40.200373],[-79.942376,40.202887],[-79.942078,40.203848],[-79.94117,40.205329],[-79.940544,40.207112],[-79.939934,40.20703],[-79.939497,40.207453],[-79.938683,40.209814],[-79.927883,40.206822],[-79.925657,40.205859],[-79.922923,40.204198],[-79.918346,40.200555],[-79.914949,40.198788],[-79.912586,40.197767],[-79.909082,40.196823],[-79.900246,40.195095],[-79.900811,40.193449],[-79.900855,40.192759],[-79.900009,40.191799],[-79.901194,40.189591],[-79.902122,40.187255],[-79.903277,40.182823],[-79.909657,40.184549],[-79.912913,40.18489],[-79.91587,40.184984],[-79.916394,40.184855],[-79.921243,40.184903],[-79.922139,40.186439],[-79.922939,40.187351],[-79.923995,40.188087],[-79.925211,40.188663],[-79.927035,40.189063],[-79.927643,40.188999],[-79.928627,40.188526],[-79.929373,40.188674],[-79.929666,40.1891],[-79.929674,40.189658],[-79.930504,40.190837],[-79.930569,40.191793],[-79.930339,40.192867],[-79.931475,40.19442],[-79.939355,40.196646],[-79.939355,40.194694],[-79.94246,40.196951],[-79.944428,40.198183],[-79.944807,40.198681]]]}},{"type":"Feature","properties":{"NAME":"Nanticoke","FULLNAME":"Nanticoke city","TYPE":"City","COUNTY":"Luzerne","STATE":"Pennsylvania","GEOID":"4252584","TERRITORY":"PA East"},"geometry":{"type":"Polygon","coordinates":[[[-76.024345,41.220382],[-76.018545,41.219382],[-76.01589,41.218601],[-76.015201,41.218336],[-76.012312,41.216061],[-76.009362,41.214791],[-76.007621,41.21438],[-76.003315,41.214481],[-75.998926,41.215381],[-75.995735,41.215282],[-75.992584,41.214717],[-75.975614,41.186391],[-75.979871,41.185675],[-75.979953,41.185544],[-75.992393,41.184178],[-75.993704,41.184263],[-75.996797,41.185004],[-76.002203,41.185256],[-76.004127,41.185516],[-76.009476,41.186554],[-76.010693,41.187103],[-76.011415,41.187808],[-76.012151,41.189395],[-76.012492,41.195239],[-76.012709,41.195701],[-76.0139,41.196934],[-76.014237,41.197548],[-76.014386,41.198295],[-76.023797,41.218774],[-76.024345,41.220382]]]}},{"type":"Feature","properties":{"NAME":"New Castle","FULLNAME":"New Castle city","TYPE":"City","COUNTY":"Lawrence","STATE":"Pennsylvania","GEOID":"4253368","TERRITORY":"PA West"},"geometry":{"type":"Polygon","coordinates":[[[-80.397501,40.985748],[-80.369262,40.986313],[-80.369071,40.983078],[-80.358869,40.983359],[-80.355523,40.986415],[-80.353794,40.986433],[-80.353872,40.987595],[-80.353692,40.989082],[-80.354226,40.992309],[-80.354652,40.993607],[-80.354218,40.994168],[-80.353661,40.994415],[-80.352874,40.995217],[-80.357401,40.995763],[-80.3632,40.995571],[-80.363833,40.99721],[-80.36588,40.997141],[-80.366274,41.000072],[-80.366698,41.00704],[-80.367259,41.012821],[-80.35672,41.015182],[-80.346221,41.015578],[-80.346636,41.027507],[-80.338381,41.027698],[-80.338308,41.026238],[-80.329278,41.026564],[-80.329236,41.025717],[-80.328015,41.025761],[-80.327969,41.024731],[-80.331763,41.024621],[-80.331782,41.025075],[-80.330692,41.025102],[-80.330716,41.025658],[-80.332094,41.025603],[-80.33203,41.02421],[-80.332005,41.023796],[-80.327794,41.023882],[-80.327751,41.023069],[-80.328041,41.023059],[-80.32802,41.022652],[-80.327056,41.022664],[-80.326991,41.020875],[-80.32892,41.020819],[-80.328869,41.019647],[-80.318712,41.019954],[-80.316253,41.019047],[-80.315406,41.018499],[-80.315302,41.01814],[-80.315406,41.017569],[-80.316464,41.016809],[-80.317327,41.015447],[-80.318269,41.015272],[-80.316974,40.98886],[-80.31635,40.984704],[-80.315938,40.983809],[-80.316874,40.983718],[-80.316711,40.980405],[-80.33371,40.980098],[-80.333629,40.976961],[-80.32579,40.977023],[-80.325829,40.978473],[-80.323796,40.978525],[-80.323793,40.980116],[-80.320892,40.980237],[-80.320083,40.97957],[-80.318748,40.978115],[-80.318202,40.977144],[-80.319344,40.976619],[-80.320953,40.976265],[-80.321763,40.975903],[-80.322282,40.975377],[-80.323155,40.97364],[-80.324532,40.973027],[-80.324924,40.972666],[-80.325688,40.972648],[-80.325686,40.973148],[-80.326029,40.972647],[-80.335803,40.972739],[-80.336197,40.973371],[-80.336439,40.979628],[-80.339638,40.979563],[-80.340111,40.979631],[-80.340371,40.979969],[-80.355718,40.979553],[-80.361521,40.975129],[-80.36499,40.973311],[-80.368509,40.970526],[-80.371935,40.968172],[-80.37321,40.967463],[-80.374983,40.967111],[-80.375914,40.966525],[-80.376839,40.96479],[-80.377036,40.964019],[-80.376825,40.962444],[-80.37648,40.96197],[-80.377308,40.959227],[-80.377757,40.958736],[-80.379151,40.957895],[-80.379583,40.958159],[-80.380113,40.959274],[-80.380659,40.961534],[-80.381522,40.962828],[-80.382388,40.963658],[-80.383152,40.964232],[-80.384621,40.964818],[-80.387083,40.965124],[-80.388895,40.965884],[-80.389923,40.966797],[-80.390575,40.967785],[-80.390761,40.968351],[-80.382986,40.968781],[-80.383273,40.969644],[-80.384242,40.970765],[-80.383293,40.971247],[-80.38261,40.971882],[-80.381644,40.973663],[-80.381414,40.974739],[-80.381759,40.976151],[-80.382854,40.978667],[-80.383411,40.97931],[-80.384237,40.979911],[-80.386907,40.98114],[-80.388995,40.982341],[-80.39449,40.98406],[-80.397501,40.985748]]]}},{"type":"Feature","properties":{"NAME":"New Kensington","FULLNAME":"New Kensington city","TYPE":"City","COUNTY":"Westmoreland","STATE":"Pennsylvania","GEOID":"4253736","TERRITORY":"PA West"},"geometry":{"type":"Polygon","coordinates":[[[-79.77437,40.569767],[-79.766849,40.571887],[-79.765504,40.57236],[-79.765438,40.572558],[-79.76021,40.57396],[-79.760342,40.574382],[-79.754485,40.577868],[-79.755306,40.578671],[-79.756851,40.577778],[-79.757302,40.57915],[-79.75675,40.5792],[-79.757155,40.581077],[-79.750593,40.580311],[-79.751951,40.582562],[-79.758143,40.583259],[-79.757932,40.5836],[-79.759485,40.58412],[-79.758334,40.585878],[-79.759134,40.586145],[-79.760093,40.586251],[-79.761314,40.585947],[-79.762448,40.586211],[-79.766673,40.585212],[-79.769154,40.585685],[-79.770371,40.586366],[-79.76377,40.592966],[-79.75747,40.595966],[-79.749187,40.59897],[-79.749395,40.596597],[-79.749129,40.595878],[-79.749625,40.595341],[-79.749524,40.594049],[-79.748825,40.592913],[-79.74782,40.58967],[-79.74414,40.58361],[-79.739693,40.585438],[-79.737389,40.582253],[-79.74172,40.580573],[-79.74089,40.57952],[-79.7394,40.57932],[-79.73797,40.57836],[-79.7356,40.57712],[-79.73528,40.57679],[-79.7348,40.57574],[-79.73424,40.57306],[-79.73326,40.5717],[-79.73299,40.57097],[-79.73272,40.57083],[-79.73032,40.5706],[-79.732719,40.564082],[-79.733382,40.56423],[-79.733104,40.562551],[-79.732825,40.562354],[-79.732358,40.56068],[-79.734197,40.557896],[-79.734766,40.558033],[-79.734508,40.556646],[-79.734292,40.556402],[-79.737706,40.555559],[-79.743228,40.556437],[-79.743331,40.555855],[-79.744075,40.555982],[-79.743957,40.556549],[-79.744313,40.556605],[-79.744703,40.55371],[-79.747466,40.553074],[-79.746895,40.551812],[-79.74786,40.55146],[-79.750716,40.552139],[-79.751491,40.5528],[-79.75283,40.55306],[-79.75728,40.55305],[-79.757373,40.553389],[-79.761273,40.552701],[-79.761522,40.553225],[-79.761692,40.553285],[-79.765363,40.551686],[-79.765125,40.55129],[-79.765946,40.550915],[-79.77187,40.562967],[-79.77437,40.569767]]]}},{"type":"Feature","properties":{"NAME":"Oil City","FULLNAME":"Oil City city","TYPE":"City","COUNTY":"Venango","STATE":"Pennsylvania","GEOID":"4256456","TERRITORY":"PA West"},"geometry":{"type":"Polygon","coordinates":[[[-79.732896,41.407201],[-79.730952,41.411605],[-79.730005,41.413258],[-79.729255,41.416036],[-79.728236,41.418738],[-79.727755,41.419397],[-79.727682,41.419924],[-79.726866,41.421286],[-79.726539,41.422154],[-79.725882,41.422703],[-79.725252,41.423698],[-79.728647,41.428654],[-79.730872,41.435598],[-79.727524,41.438258],[-79.714264,41.43907],[-79.704027,41.447163],[-79.700482,41.446801],[-79.696204,41.447117],[-79.697283,41.444266],[-79.697607,41.442263],[-79.687141,41.442186],[-79.68646,41.442475],[-79.686132,41.442156],[-79.686849,41.441816],[-79.685833,41.440798],[-79.686117,41.44054],[-79.685802,41.440171],[-79.687667,41.440134],[-79.687666,41.439508],[-79.689017,41.43941],[-79.688928,41.43868],[-79.688081,41.43854],[-79.688019,41.437224],[-79.687693,41.43668],[-79.678478,41.436532],[-79.676694,41.439359],[-79.675577,41.439081],[-79.676244,41.438026],[-79.673135,41.437458],[-79.67318,41.430494],[-79.675564,41.429529],[-79.674414,41.424808],[-79.675677,41.422635],[-79.677264,41.420712],[-79.679425,41.418521],[-79.681321,41.416678],[-79.685035,41.414311],[-79.687107,41.413983],[-79.689688,41.413972],[-79.692104,41.414504],[-79.693485,41.415141],[-79.694851,41.416521],[-79.69656,41.421472],[-79.698421,41.423943],[-79.701712,41.420319],[-79.705149,41.420574],[-79.70535,41.420117],[-79.705639,41.420454],[-79.706114,41.420455],[-79.706703,41.419822],[-79.709299,41.420256],[-79.709511,41.420404],[-79.710154,41.420401],[-79.710425,41.420044],[-79.712146,41.420365],[-79.713373,41.418072],[-79.71498,41.418099],[-79.717501,41.414223],[-79.72033,41.413006],[-79.716222,41.41001],[-79.717603,41.409054],[-79.722431,41.409301],[-79.725462,41.407727],[-79.726175,41.407681],[-79.727618,41.405071],[-79.733269,41.406875],[-79.732896,41.407201]]]}},{"type":"Feature","properties":{"NAME":"Parker","FULLNAME":"Parker city","TYPE":"City","COUNTY":"Armstrong","STATE":"Pennsylvania","GEOID":"4257976","TERRITORY":"PA West"},"geometry":{"type":"Polygon","coordinates":[[[-79.690206,41.079108],[-79.690272,41.103252],[-79.680964,41.10328],[-79.680863,41.102746],[-79.681158,41.102212],[-79.680429,41.098616],[-79.680057,41.09371],[-79.679365,41.091321],[-79.678394,41.088801],[-79.676949,41.08573],[-79.675885,41.084262],[-79.674244,41.082752],[-79.675494,41.082266],[-79.676866,41.081961],[-79.679561,41.081825],[-79.680519,41.081579],[-79.681086,41.081241],[-79.681716,41.080433],[-79.68275,41.079593],[-79.684706,41.079305],[-79.686917,41.07932],[-79.687927,41.078715],[-79.688496,41.0786],[-79.68933,41.078612],[-79.690206,41.079108]]]}},{"type":"Feature","properties":{"NAME":"Philadelphia","FULLNAME":"Philadelphia city","TYPE":"City","COUNTY":"Philadelphia","STATE":"Pennsylvania","GEOID":"4260000","TERRITORY":"PA East"},"geometry":{"type":"Polygon","coordinates":[[[-75.280266,39.974964],[-75.276131,39.977127],[-75.263687,39.982658],[-75.258705,39.985428],[-75.256119,39.987301],[-75.210619,40.008652],[-75.2084,40.009836],[-75.205771,40.011629],[-75.212219,40.015461],[-75.214272,40.017273],[-75.216347,40.019478],[-75.218056,40.020943],[-75.219917,40.021881],[-75.222153,40.022614],[-75.223694,40.023712],[-75.232323,40.028107],[-75.234604,40.029926],[-75.239296,40.03289],[-75.240753,40.034161],[-75.241493,40.035141],[-75.242096,40.035637],[-75.244308,40.036743],[-75.245598,40.037655],[-75.24617,40.03829],[-75.247,40.039738],[-75.249039,40.041848],[-75.254318,40.045755],[-75.255893,40.046497],[-75.257655,40.047611],[-75.259621,40.049238],[-75.264431,40.054094],[-75.254682,40.062545],[-75.252024,40.06519],[-75.252209,40.065278],[-75.243133,40.073628],[-75.22361,40.092907],[-75.21357,40.087154],[-75.212375,40.085995],[-75.211868,40.086086],[-75.209396,40.084927],[-75.20784,40.083778],[-75.188461,40.07275],[-75.176438,40.084649],[-75.163399,40.07695],[-75.135193,40.061031],[-75.12709,40.055931],[-75.109406,40.04584],[-75.108275,40.047759],[-75.106531,40.04938],[-75.094056,40.056771],[-75.093504,40.057241],[-75.093644,40.057429],[-75.087425,40.063599],[-75.096733,40.068989],[-75.09384,40.071829],[-75.093651,40.071753],[-75.086906,40.078648],[-75.081189,40.084116],[-75.077805,40.08577],[-75.058342,40.105892],[-75.057067,40.106632],[-75.057178,40.106694],[-75.020571,40.132274],[-75.016322,40.136527],[-75.015066,40.137992],[-75.00853,40.133992],[-74.997885,40.127816],[-74.993595,40.132266],[-74.992596,40.131275],[-74.992288,40.130682],[-74.992945,40.129792],[-74.993187,40.128638],[-74.993866,40.127534],[-74.993973,40.126963],[-74.993823,40.126683],[-74.993143,40.126326],[-74.99242,40.126194],[-74.990214,40.126392],[-74.989272,40.126262],[-74.988642,40.125532],[-74.988632,40.124416],[-74.98778,40.123917],[-74.98725,40.123302],[-74.986327,40.123264],[-74.984983,40.123896],[-74.983523,40.123671],[-74.982958,40.123353],[-74.982249,40.122195],[-74.982291,40.121739],[-74.982748,40.120887],[-74.982283,40.120338],[-74.980215,40.120015],[-74.979843,40.119625],[-74.979292,40.119526],[-74.977354,40.120159],[-74.976889,40.12006],[-74.97618,40.120209],[-74.973219,40.119891],[-74.972052,40.11926],[-74.970506,40.117459],[-74.969547,40.117085],[-74.968574,40.117251],[-74.964991,40.118635],[-74.964612,40.118476],[-74.964289,40.117905],[-74.96391,40.117653],[-74.963567,40.116972],[-74.963137,40.115401],[-74.963201,40.114676],[-74.96363,40.113369],[-74.963493,40.112281],[-74.96365,40.111111],[-74.963371,40.110337],[-74.963714,40.109458],[-74.965065,40.108348],[-74.965344,40.107931],[-74.96465,40.107321],[-74.963641,40.107014],[-74.963205,40.105724],[-74.962689,40.105301],[-74.962246,40.104493],[-74.961673,40.10412],[-74.960886,40.103104],[-74.961065,40.10295],[-74.960865,40.102615],[-74.961079,40.102313],[-74.961058,40.101852],[-74.960807,40.101572],[-74.961687,40.100731],[-74.961693,40.100067],[-74.961858,40.099693],[-74.961371,40.099287],[-74.961872,40.098644],[-74.961464,40.098298],[-74.961628,40.097793],[-74.961192,40.097447],[-74.95994,40.09737],[-74.958749,40.096929],[-74.958159,40.096569],[-74.957744,40.096091],[-74.956164,40.095745],[-74.955777,40.095103],[-74.956306,40.094037],[-74.956447,40.092757],[-74.957936,40.090423],[-74.957747,40.089844],[-74.958158,40.08926],[-74.95818,40.088811],[-74.9576,40.087094],[-74.958006,40.086645],[-74.958209,40.08587],[-74.95802,40.085271],[-74.958377,40.084887],[-74.958392,40.084508],[-74.958156,40.08425],[-74.958627,40.083997],[-74.958913,40.083431],[-74.958841,40.082503],[-74.959614,40.082157],[-74.960078,40.081272],[-74.961664,40.079694],[-74.961743,40.079295],[-74.962251,40.078773],[-74.962405,40.078262],[-74.963266,40.077241],[-74.963989,40.077041],[-74.966216,40.077258],[-74.96653,40.077082],[-74.966882,40.076439],[-74.967063,40.076378],[-74.96972,40.076411],[-74.970669,40.075957],[-74.97108,40.075992],[-74.971299,40.075841],[-74.97128,40.074828],[-74.971484,40.074429],[-74.971063,40.073966],[-74.971062,40.073731],[-74.972212,40.073142],[-74.972445,40.072235],[-74.97309,40.071807],[-74.973251,40.071487],[-74.974637,40.070811],[-74.975008,40.070092],[-74.976699,40.069144],[-74.977634,40.067589],[-74.979209,40.067259],[-74.97999,40.066566],[-74.980838,40.066102],[-74.981023,40.064939],[-74.980873,40.064466],[-74.981139,40.063683],[-74.980905,40.062737],[-74.981081,40.062422],[-74.980847,40.06116],[-74.980378,40.060574],[-74.980378,40.060349],[-74.982372,40.058683],[-74.984365,40.057737],[-74.984893,40.057287],[-74.984893,40.056836],[-74.984483,40.056295],[-74.98419,40.055349],[-74.983487,40.054448],[-74.982022,40.053727],[-74.979735,40.053547],[-74.979466,40.053157],[-74.977923,40.052132],[-74.973981,40.048595],[-74.977846,40.045372],[-74.980779,40.043543],[-74.983185,40.041404],[-75.000617,40.0287],[-75.003853,40.026996],[-75.010369,40.022491],[-75.013237,40.020303],[-75.016671,40.019434],[-75.019645,40.018436],[-75.024072,40.017829],[-75.0275,40.017079],[-75.034216,40.015219],[-75.041267,40.012714],[-75.044878,40.011196],[-75.04709,40.009941],[-75.049902,40.007217],[-75.053405,40.004568],[-75.0567,39.999331],[-75.058089,39.997404],[-75.058502,39.994801],[-75.059947,39.991451],[-75.064175,39.986027],[-75.067069,39.983483],[-75.071264,39.980493],[-75.075605,39.978041],[-75.0802,39.97702],[-75.085831,39.975102],[-75.090861,39.974744],[-75.096372,39.973981],[-75.102287,39.972377],[-75.108089,39.970332],[-75.119491,39.965372],[-75.123821,39.962744],[-75.125701,39.961823],[-75.129685,39.959234],[-75.130591,39.958608],[-75.131777,39.957319],[-75.133698,39.95462],[-75.135239,39.950677],[-75.136268,39.943282],[-75.136062,39.934495],[-75.136151,39.932974],[-75.135527,39.92916],[-75.134484,39.926168],[-75.13035,39.917404],[-75.129342,39.9159],[-75.128253,39.913164],[-75.128537,39.909095],[-75.12956,39.90518],[-75.130054,39.90239],[-75.131363,39.899138],[-75.134696,39.894614],[-75.1354,39.893057],[-75.137296,39.889966],[-75.138527,39.88889],[-75.140108,39.888192],[-75.143746,39.884998],[-75.147366,39.883921],[-75.150653,39.883504],[-75.162872,39.882649],[-75.181386,39.882123],[-75.185735,39.881607],[-75.187889,39.881095],[-75.190099,39.880348],[-75.192738,39.879006],[-75.195361,39.877276],[-75.199857,39.873222],[-75.204087,39.871204],[-75.211463,39.867004],[-75.216039,39.871115],[-75.215722,39.876087],[-75.219735,39.875473],[-75.223763,39.875858],[-75.229985,39.876847],[-75.234122,39.877181],[-75.235537,39.876751],[-75.23637,39.876187],[-75.236932,39.875116],[-75.2375,39.87508],[-75.23759,39.874982],[-75.237459,39.874804],[-75.23811,39.874593],[-75.239404,39.873299],[-75.240098,39.87303],[-75.240101,39.872597],[-75.24047,39.872381],[-75.242218,39.872777],[-75.246734,39.875068],[-75.248431,39.876485],[-75.252257,39.875937],[-75.262528,39.876561],[-75.263467,39.878226],[-75.263328,39.879712],[-75.264928,39.881112],[-75.264433,39.882167],[-75.262302,39.882333],[-75.261871,39.882815],[-75.262387,39.883446],[-75.264408,39.88432],[-75.264602,39.884737],[-75.264232,39.885028],[-75.263228,39.885403],[-75.262844,39.885682],[-75.262759,39.885931],[-75.26296,39.886181],[-75.264088,39.886094],[-75.264549,39.886226],[-75.265123,39.886967],[-75.265113,39.887524],[-75.264613,39.888205],[-75.264276,39.888401],[-75.262692,39.888343],[-75.262306,39.888537],[-75.262108,39.889141],[-75.262112,39.890465],[-75.261743,39.891774],[-75.261107,39.892076],[-75.258962,39.892522],[-75.256741,39.894726],[-75.256659,39.894933],[-75.256789,39.895189],[-75.257272,39.89556],[-75.257362,39.895844],[-75.255095,39.898666],[-75.25561,39.899576],[-75.251288,39.904403],[-75.253492,39.905585],[-75.25248,39.906633],[-75.251759,39.906744],[-75.250319,39.907626],[-75.249929,39.909352],[-75.251107,39.909708],[-75.251498,39.910051],[-75.251268,39.910031],[-75.250194,39.911196],[-75.248854,39.911854],[-75.248377,39.912934],[-75.247068,39.913778],[-75.247117,39.914043],[-75.247592,39.914362],[-75.247706,39.914722],[-75.246752,39.916232],[-75.24694,39.916871],[-75.2472,39.917135],[-75.247341,39.918541],[-75.247601,39.919076],[-75.24745,39.919159],[-75.247623,39.919668],[-75.247459,39.921343],[-75.247507,39.92161],[-75.247704,39.921561],[-75.247759,39.921708],[-75.247321,39.922178],[-75.247356,39.922437],[-75.246257,39.923401],[-75.245993,39.924369],[-75.24505,39.925767],[-75.244336,39.92625],[-75.244329,39.926476],[-75.244576,39.926754],[-75.244579,39.927177],[-75.244055,39.928149],[-75.243966,39.929532],[-75.244009,39.929793],[-75.244355,39.930041],[-75.244381,39.930399],[-75.243694,39.930821],[-75.243423,39.931837],[-75.242229,39.933378],[-75.241952,39.933535],[-75.2405,39.933604],[-75.239647,39.933315],[-75.238611,39.93264],[-75.23795,39.932472],[-75.237407,39.932648],[-75.236852,39.933436],[-75.236822,39.934103],[-75.236404,39.935318],[-75.234979,39.936222],[-75.234742,39.936884],[-75.2348,39.937337],[-75.235002,39.938127],[-75.235293,39.938321],[-75.236498,39.938461],[-75.23957,39.938039],[-75.240409,39.938457],[-75.240763,39.938794],[-75.240697,39.939075],[-75.239398,39.940744],[-75.239735,39.941593],[-75.240251,39.94214],[-75.2414,39.942273],[-75.243026,39.942211],[-75.243542,39.942306],[-75.243424,39.942405],[-75.243531,39.942442],[-75.24619,39.942613],[-75.246661,39.942765],[-75.247466,39.94435],[-75.248176,39.94501],[-75.248421,39.945454],[-75.249921,39.946626],[-75.250415,39.948092],[-75.251442,39.949139],[-75.251512,39.949455],[-75.251122,39.950701],[-75.25158,39.951282],[-75.251643,39.951954],[-75.251186,39.952664],[-75.251149,39.953161],[-75.250047,39.954151],[-75.249596,39.955239],[-75.249163,39.955514],[-75.249274,39.956123],[-75.248926,39.956628],[-75.249006,39.956907],[-75.249532,39.957213],[-75.250666,39.958328],[-75.250883,39.959024],[-75.248546,39.960269],[-75.247975,39.960997],[-75.247707,39.961977],[-75.247688,39.962817],[-75.247399,39.963249],[-75.247778,39.963876],[-75.250133,39.965067],[-75.251048,39.964833],[-75.251496,39.965337],[-75.253222,39.965184],[-75.25414,39.965404],[-75.254738,39.96485],[-75.255812,39.964471],[-75.256746,39.963688],[-75.257418,39.963766],[-75.257858,39.963594],[-75.258014,39.963739],[-75.257976,39.964377],[-75.25851,39.964535],[-75.258797,39.965571],[-75.2594,39.965716],[-75.259551,39.96601],[-75.260491,39.966313],[-75.261284,39.965997],[-75.262013,39.966135],[-75.262457,39.965633],[-75.263144,39.965459],[-75.263696,39.965614],[-75.264553,39.965181],[-75.265388,39.965224],[-75.266048,39.965926],[-75.267024,39.966025],[-75.268461,39.966618],[-75.269157,39.967374],[-75.269919,39.96738],[-75.270598,39.96866],[-75.271802,39.968756],[-75.272024,39.968985],[-75.272957,39.969293],[-75.275266,39.969364],[-75.275652,39.970259],[-75.276411,39.970416],[-75.276674,39.970945],[-75.276524,39.971224],[-75.27754,39.971127],[-75.277713,39.971321],[-75.277523,39.971401],[-75.277553,39.971583],[-75.277967,39.971714],[-75.278609,39.972263],[-75.279123,39.973913],[-75.279955,39.974424],[-75.280266,39.974964]]]}},{"type":"Feature","properties":{"NAME":"Pittsburgh","FULLNAME":"Pittsburgh city","TYPE":"City","COUNTY":"Allegheny","STATE":"Pennsylvania","GEOID":"4261000","TERRITORY":"PA West"},"geometry":{"type":"Polygon","coordinates":[[[-80.095509,40.459064],[-80.095296,40.45958],[-80.094858,40.459815],[-80.093856,40.459977],[-80.089806,40.459753],[-80.086782,40.459856],[-80.083702,40.459439],[-80.083157,40.459605],[-80.082273,40.459999],[-80.081453,40.460619],[-80.08089,40.461237],[-80.079934,40.463366],[-80.078059,40.464684],[-80.077031,40.46473],[-80.076265,40.464558],[-80.074759,40.463612],[-80.072334,40.461374],[-80.070327,40.460975],[-80.068577,40.460872],[-80.067227,40.461215],[-80.064622,40.462371],[-80.063378,40.462744],[-80.060988,40.464078],[-80.060313,40.464124],[-80.05835,40.46349],[-80.057965,40.463534],[-80.051178,40.465599],[-80.050963,40.467254],[-80.050265,40.469281],[-80.04965,40.469976],[-80.047097,40.471687],[-80.046841,40.472395],[-80.047126,40.474031],[-80.048476,40.4773],[-80.049741,40.479143],[-80.051722,40.481287],[-80.053179,40.48217],[-80.050098,40.484678],[-80.049828,40.485624],[-80.048592,40.48642],[-80.047927,40.486299],[-80.04702,40.487015],[-80.046444,40.487163],[-80.040712,40.491455],[-80.03749,40.490065],[-80.035759,40.490929],[-80.027784,40.4911],[-80.027794,40.496492],[-80.026035,40.496773],[-80.025485,40.495282],[-80.024725,40.495411],[-80.024218,40.495005],[-80.02294,40.495253],[-80.022009,40.49382],[-80.020977,40.494615],[-80.02025,40.495702],[-80.019944,40.496781],[-80.020079,40.497709],[-80.01783,40.497353],[-80.016984,40.499834],[-80.015759,40.499909],[-80.013257,40.49864],[-80.012373,40.498756],[-80.011673,40.500214],[-80.010817,40.501037],[-80.010681,40.499096],[-80.008913,40.499142],[-80.009228,40.498475],[-80.009124,40.497541],[-80.007789,40.497519],[-80.00776,40.497978],[-80.00746,40.497957],[-80.006336,40.49739],[-80.005009,40.49715],[-80.004022,40.497788],[-80.003188,40.482376],[-80.001767,40.482428],[-80.001683,40.480082],[-79.998778,40.479814],[-79.998539,40.478906],[-79.996517,40.479186],[-79.995346,40.477361],[-79.995987,40.477332],[-79.995833,40.474536],[-79.996431,40.474429],[-79.997611,40.474591],[-79.997545,40.472982],[-79.99186,40.473134],[-79.993286,40.474592],[-79.993414,40.476661],[-79.994392,40.477133],[-79.994167,40.477466],[-79.988931,40.47704],[-79.988092,40.476763],[-79.985881,40.471901],[-79.983868,40.466322],[-79.98296,40.467263],[-79.981813,40.469343],[-79.979695,40.470771],[-79.978792,40.47161],[-79.974678,40.469436],[-79.974109,40.469563],[-79.972852,40.470341],[-79.970767,40.470658],[-79.970036,40.471108],[-79.969312,40.471826],[-79.967371,40.474553],[-79.966413,40.475565],[-79.964635,40.478098],[-79.962997,40.479958],[-79.958568,40.483799],[-79.955351,40.485907],[-79.953195,40.486955],[-79.94933,40.488254],[-79.940911,40.490486],[-79.935572,40.491491],[-79.93218,40.491689],[-79.927922,40.491538],[-79.923567,40.490717],[-79.921036,40.490036],[-79.907511,40.487237],[-79.901679,40.485855],[-79.901626,40.488985],[-79.897604,40.487879],[-79.896912,40.492614],[-79.88724,40.491151],[-79.884604,40.490922],[-79.884556,40.486774],[-79.888175,40.48644],[-79.888213,40.483682],[-79.883772,40.483406],[-79.884665,40.479312],[-79.884983,40.478813],[-79.886561,40.478184],[-79.887722,40.473142],[-79.889992,40.461829],[-79.879314,40.459112],[-79.877366,40.45896],[-79.877281,40.459384],[-79.877493,40.459408],[-79.877399,40.45983],[-79.876295,40.459701],[-79.876902,40.461607],[-79.875531,40.461549],[-79.875644,40.459955],[-79.875272,40.459945],[-79.875344,40.459791],[-79.874504,40.459263],[-79.87314,40.460427],[-79.872284,40.460884],[-79.870573,40.46119],[-79.869102,40.460973],[-79.869222,40.460526],[-79.870632,40.460752],[-79.871591,40.460585],[-79.871771,40.459468],[-79.87162,40.458389],[-79.872644,40.457455],[-79.865794,40.455765],[-79.86714,40.449392],[-79.872685,40.449367],[-79.878312,40.449922],[-79.884029,40.448918],[-79.884087,40.449144],[-79.884576,40.449303],[-79.88593,40.446907],[-79.888366,40.447735],[-79.890444,40.449459],[-79.892423,40.450266],[-79.894915,40.438842],[-79.895038,40.437668],[-79.897111,40.427609],[-79.896629,40.427511],[-79.895096,40.428166],[-79.894251,40.427015],[-79.893762,40.426922],[-79.892878,40.428265],[-79.891006,40.427197],[-79.892085,40.426291],[-79.893474,40.425632],[-79.894694,40.425664],[-79.895246,40.42604],[-79.896712,40.42646],[-79.896749,40.426261],[-79.897324,40.426053],[-79.897805,40.423841],[-79.897978,40.423696],[-79.897759,40.423398],[-79.897928,40.423274],[-79.898049,40.422659],[-79.898304,40.422509],[-79.898127,40.422224],[-79.898269,40.421608],[-79.899001,40.420615],[-79.898575,40.420372],[-79.899542,40.415871],[-79.906272,40.415969],[-79.907358,40.415796],[-79.911536,40.414896],[-79.912693,40.414523],[-79.915403,40.413226],[-79.91727,40.411908],[-79.921198,40.408216],[-79.924057,40.404487],[-79.927225,40.400926],[-79.929157,40.399256],[-79.933008,40.397631],[-79.932357,40.391499],[-79.929619,40.389731],[-79.918244,40.399306],[-79.916598,40.398607],[-79.9164,40.398784],[-79.913306,40.396972],[-79.916912,40.393921],[-79.9149,40.39339],[-79.91637,40.391363],[-79.916688,40.391502],[-79.917091,40.390913],[-79.916785,40.390778],[-79.918466,40.388475],[-79.917786,40.388003],[-79.917163,40.384709],[-79.9174,40.38451],[-79.916084,40.382113],[-79.917314,40.381597],[-79.916241,40.380079],[-79.913979,40.380878],[-79.912933,40.38086],[-79.911689,40.380541],[-79.911484,40.379576],[-79.910398,40.378439],[-79.910293,40.378546],[-79.908347,40.378153],[-79.909336,40.376895],[-79.908844,40.376692],[-79.911818,40.372805],[-79.90854,40.370452],[-79.903438,40.371889],[-79.900295,40.365255],[-79.905252,40.362861],[-79.904944,40.362165],[-79.905993,40.362086],[-79.907207,40.361566],[-79.908208,40.363572],[-79.910821,40.362849],[-79.911292,40.364072],[-79.911898,40.365008],[-79.913313,40.364636],[-79.91373,40.365514],[-79.920665,40.365361],[-79.922285,40.368633],[-79.92236,40.370712],[-79.923438,40.370532],[-79.924682,40.373062],[-79.924982,40.375091],[-79.939439,40.373941],[-79.942734,40.375965],[-79.943666,40.374965],[-79.9455,40.376079],[-79.943332,40.378157],[-79.94406,40.378574],[-79.943152,40.379484],[-79.942889,40.379325],[-79.942535,40.37967],[-79.938278,40.38016],[-79.935473,40.38095],[-79.93553,40.382501],[-79.935384,40.383613],[-79.936124,40.3888],[-79.942093,40.388214],[-79.943647,40.389101],[-79.943841,40.389031],[-79.944395,40.390177],[-79.947073,40.390171],[-79.947282,40.390049],[-79.949202,40.390591],[-79.949154,40.391229],[-79.949502,40.39124],[-79.949522,40.390726],[-79.950099,40.390801],[-79.952436,40.390183],[-79.954023,40.39016],[-79.954913,40.389871],[-79.957731,40.389844],[-79.958074,40.39588],[-79.959961,40.396236],[-79.959822,40.397616],[-79.962989,40.398068],[-79.963476,40.398325],[-79.963904,40.399715],[-79.964795,40.399687],[-79.969054,40.400468],[-79.970865,40.402811],[-79.970961,40.403423],[-79.970736,40.403465],[-79.970106,40.404756],[-79.965887,40.40723],[-79.963884,40.408737],[-79.963563,40.408795],[-79.96303,40.407881],[-79.962227,40.408155],[-79.961354,40.408079],[-79.960909,40.407561],[-79.960393,40.407761],[-79.960098,40.408755],[-79.959311,40.408727],[-79.959292,40.409057],[-79.95907,40.409061],[-79.959048,40.40974],[-79.956582,40.410346],[-79.956131,40.410309],[-79.956112,40.409116],[-79.956644,40.408229],[-79.956625,40.407774],[-79.955971,40.406887],[-79.956032,40.406617],[-79.95492,40.406845],[-79.953288,40.403258],[-79.953492,40.403205],[-79.953201,40.402518],[-79.952921,40.40267],[-79.952555,40.402184],[-79.95284,40.401705],[-79.951517,40.400029],[-79.951053,40.400238],[-79.950608,40.399618],[-79.947379,40.396914],[-79.946078,40.395905],[-79.944933,40.395417],[-79.945308,40.394929],[-79.94439,40.394404],[-79.94387,40.394168],[-79.938156,40.39298],[-79.938793,40.395026],[-79.936713,40.395161],[-79.937112,40.395267],[-79.937496,40.395662],[-79.937758,40.39695],[-79.941109,40.397127],[-79.94259,40.397328],[-79.943941,40.397775],[-79.9455,40.398462],[-79.946805,40.399352],[-79.949021,40.401306],[-79.950849,40.403751],[-79.951621,40.405367],[-79.952613,40.408854],[-79.952955,40.410659],[-79.955976,40.410467],[-79.956782,40.41063],[-79.959055,40.409778],[-79.960142,40.409915],[-79.96377,40.409502],[-79.964419,40.409176],[-79.965259,40.408328],[-79.965212,40.407973],[-79.966455,40.407015],[-79.96889,40.405645],[-79.972225,40.405017],[-79.972606,40.404811],[-79.973135,40.404869],[-79.975308,40.404496],[-79.975946,40.404034],[-79.976555,40.40392],[-79.979577,40.401637],[-79.979994,40.400695],[-79.979867,40.399741],[-79.975788,40.393122],[-79.973903,40.393433],[-79.973638,40.392752],[-79.973226,40.392778],[-79.973035,40.392463],[-79.973565,40.392199],[-79.973246,40.39084],[-79.973083,40.388717],[-79.975413,40.38828],[-79.975756,40.387212],[-79.974081,40.384792],[-79.976472,40.385386],[-79.97765,40.384143],[-79.976845,40.382844],[-79.976142,40.381301],[-79.976755,40.381141],[-79.977093,40.381226],[-79.977345,40.381307],[-79.977645,40.381743],[-79.978028,40.381847],[-79.981947,40.380642],[-79.982754,40.381487],[-79.983342,40.381516],[-79.986032,40.377822],[-79.990873,40.378946],[-79.992881,40.378637],[-79.99358,40.378321],[-79.99411,40.376926],[-79.993999,40.375839],[-79.994401,40.375718],[-79.994945,40.375666],[-79.998051,40.376472],[-79.999123,40.377344],[-80.000627,40.375509],[-80.001439,40.374887],[-80.003772,40.374393],[-80.004125,40.373981],[-80.005606,40.374678],[-80.006708,40.374861],[-80.006136,40.37549],[-80.005361,40.377133],[-80.004869,40.377627],[-80.001728,40.379699],[-80.003335,40.38117],[-80.003653,40.382041],[-80.005121,40.383883],[-80.007676,40.383012],[-80.007158,40.381531],[-80.007356,40.380898],[-80.007685,40.38113],[-80.008135,40.380874],[-80.008948,40.381137],[-80.009027,40.381016],[-80.010028,40.380921],[-80.010382,40.380442],[-80.012579,40.380889],[-80.013174,40.382835],[-80.012316,40.383029],[-80.012577,40.383067],[-80.012492,40.383399],[-80.01339,40.383481],[-80.014158,40.385765],[-80.01361,40.385706],[-80.013567,40.38609],[-80.013819,40.386562],[-80.016418,40.385129],[-80.017108,40.386314],[-80.018159,40.38645],[-80.018907,40.386816],[-80.027827,40.391598],[-80.028678,40.391263],[-80.030767,40.395007],[-80.030698,40.395351],[-80.031144,40.396613],[-80.02939,40.397205],[-80.031757,40.400089],[-80.031468,40.400397],[-80.032482,40.401729],[-80.032666,40.401535],[-80.036697,40.400785],[-80.035622,40.401698],[-80.035471,40.404286],[-80.036416,40.404277],[-80.039764,40.401319],[-80.042078,40.399746],[-80.041827,40.399397],[-80.045051,40.399041],[-80.051202,40.401943],[-80.034827,40.428358],[-80.037463,40.428545],[-80.038371,40.427846],[-80.04169,40.428987],[-80.042491,40.428618],[-80.04315,40.428044],[-80.042705,40.428674],[-80.043289,40.428193],[-80.044628,40.429062],[-80.046643,40.42942],[-80.046809,40.427372],[-80.046592,40.427031],[-80.047396,40.42701],[-80.047381,40.425957],[-80.047803,40.425735],[-80.04946,40.426812],[-80.05146,40.427138],[-80.053773,40.427938],[-80.05434,40.42754],[-80.057235,40.426439],[-80.063787,40.426363],[-80.065514,40.425117],[-80.067202,40.422776],[-80.066882,40.420621],[-80.066096,40.417499],[-80.06643,40.416776],[-80.067282,40.416221],[-80.068046,40.416003],[-80.071775,40.415724],[-80.072808,40.414242],[-80.073862,40.413399],[-80.076672,40.415233],[-80.07715,40.415441],[-80.077353,40.415262],[-80.078693,40.416491],[-80.076357,40.417603],[-80.075838,40.418148],[-80.074818,40.420006],[-80.074853,40.420473],[-80.075199,40.42074],[-80.075648,40.420827],[-80.079227,40.420148],[-80.081569,40.420213],[-80.0836,40.419997],[-80.084326,40.420239],[-80.085207,40.421553],[-80.085596,40.422512],[-80.085709,40.42297],[-80.085542,40.423842],[-80.080519,40.423723],[-80.073882,40.425463],[-80.070567,40.428629],[-80.06858,40.431358],[-80.065546,40.430349],[-80.064364,40.428758],[-80.063173,40.427866],[-80.062166,40.429049],[-80.059745,40.42831],[-80.057907,40.431459],[-80.05752,40.431282],[-80.057336,40.431513],[-80.057565,40.434515],[-80.058025,40.434508],[-80.058103,40.435215],[-80.057918,40.436399],[-80.059123,40.437135],[-80.057596,40.437534],[-80.061216,40.440632],[-80.061001,40.441494],[-80.060664,40.442081],[-80.060127,40.442398],[-80.055371,40.443936],[-80.058497,40.444588],[-80.059957,40.445636],[-80.061869,40.447772],[-80.062611,40.447233],[-80.063661,40.44794],[-80.064013,40.447627],[-80.064323,40.447705],[-80.064288,40.448174],[-80.06532,40.448539],[-80.065367,40.449073],[-80.06631,40.449429],[-80.066682,40.44882],[-80.06714,40.44889],[-80.068359,40.447778],[-80.071587,40.448621],[-80.072945,40.448325],[-80.073149,40.448653],[-80.076534,40.448007],[-80.076352,40.447246],[-80.078505,40.446527],[-80.076352,40.441808],[-80.080234,40.440641],[-80.080511,40.440495],[-80.08073,40.43979],[-80.082407,40.440242],[-80.082305,40.440049],[-80.082521,40.440061],[-80.08249,40.440233],[-80.082863,40.440391],[-80.084068,40.441929],[-80.089237,40.443333],[-80.090165,40.444162],[-80.090399,40.44541],[-80.090108,40.446579],[-80.090273,40.447522],[-80.091024,40.44905],[-80.089601,40.449782],[-80.089583,40.450454],[-80.089949,40.450971],[-80.090621,40.451419],[-80.091708,40.451303],[-80.092726,40.450853],[-80.093375,40.450754],[-80.094024,40.450872],[-80.0945,40.451331],[-80.094654,40.45193],[-80.094508,40.45365],[-80.095196,40.456381],[-80.095369,40.45657],[-80.095235,40.456639],[-80.095509,40.459064]],[[-79.991908,40.407172],[-79.987665,40.406075],[-79.982119,40.40588],[-79.981434,40.405738],[-79.980801,40.409485],[-79.981571,40.410415],[-79.981887,40.416106],[-79.982185,40.416083],[-79.982259,40.417667],[-79.986362,40.417556],[-79.988234,40.418469],[-79.988039,40.414434],[-79.989523,40.412223],[-79.991908,40.407172]]]}},{"type":"Feature","properties":{"NAME":"Pittston","FULLNAME":"Pittston city","TYPE":"City","COUNTY":"Luzerne","STATE":"Pennsylvania","GEOID":"4261048","TERRITORY":"PA East"},"geometry":{"type":"Polygon","coordinates":[[[-75.807666,41.316212],[-75.803838,41.31888],[-75.798938,41.32158],[-75.794738,41.32268],[-75.792622,41.324083],[-75.7909,41.326485],[-75.790184,41.328508],[-75.790465,41.331238],[-75.794138,41.337679],[-75.794438,41.340479],[-75.79322,41.341085],[-75.792621,41.341617],[-75.790691,41.342797],[-75.786848,41.344174],[-75.776538,41.343173],[-75.777694,41.338609],[-75.780045,41.325053],[-75.781442,41.32358],[-75.776733,41.319402],[-75.779003,41.318802],[-75.78336,41.318121],[-75.784323,41.318146],[-75.785607,41.318783],[-75.79273,41.310543],[-75.807666,41.316212]]]}},{"type":"Feature","properties":{"NAME":"Pottsville","FULLNAME":"Pottsville city","TYPE":"City","COUNTY":"Schuylkill","STATE":"Pennsylvania","GEOID":"4262432","TERRITORY":"PA East"},"geometry":{"type":"Polygon","coordinates":[[[-76.241459,40.673909],[-76.241212,40.675107],[-76.235493,40.677041],[-76.216756,40.687138],[-76.21912,40.691204],[-76.200204,40.697322],[-76.199683,40.696513],[-76.192193,40.698775],[-76.191941,40.696705],[-76.186502,40.698393],[-76.18597,40.692909],[-76.185793,40.687706],[-76.184656,40.68549],[-76.186108,40.68328],[-76.18731,40.682857],[-76.188754,40.680501],[-76.189106,40.678231],[-76.188309,40.676809],[-76.187523,40.676059],[-76.189617,40.675329],[-76.196671,40.672158],[-76.195871,40.671052],[-76.193514,40.672001],[-76.193046,40.671289],[-76.190589,40.672195],[-76.191035,40.672952],[-76.189098,40.67374],[-76.186445,40.669942],[-76.186659,40.669386],[-76.18725,40.668732],[-76.187464,40.668787],[-76.187752,40.668283],[-76.18759,40.668169],[-76.188079,40.66776],[-76.18897,40.668712],[-76.191138,40.667887],[-76.19328,40.670418],[-76.193819,40.670111],[-76.193276,40.669428],[-76.193508,40.667136],[-76.19946,40.6644],[-76.201511,40.667402],[-76.202263,40.66776],[-76.201362,40.669714],[-76.200191,40.670085],[-76.200424,40.671479],[-76.198836,40.672342],[-76.200624,40.6754],[-76.209853,40.672371],[-76.207815,40.668975],[-76.217659,40.665811],[-76.217892,40.666489],[-76.218085,40.666644],[-76.232489,40.661555],[-76.233056,40.661842],[-76.234063,40.661921],[-76.234482,40.662232],[-76.235149,40.663126],[-76.235645,40.664337],[-76.235571,40.665339],[-76.236085,40.668926],[-76.236105,40.670052],[-76.235817,40.670461],[-76.236194,40.671628],[-76.236269,40.672483],[-76.235637,40.673525],[-76.235878,40.673748],[-76.237239,40.673778],[-76.237532,40.67364],[-76.240604,40.673382],[-76.241459,40.673909]]]}},{"type":"Feature","properties":{"NAME":"Reading","FULLNAME":"Reading city","TYPE":"City","COUNTY":"Berks","STATE":"Pennsylvania","GEOID":"4263624","TERRITORY":"PA East"},"geometry":{"type":"Polygon","coordinates":[[[-75.960708,40.354583],[-75.941372,40.36437],[-75.942268,40.36509],[-75.943591,40.365581],[-75.946485,40.366168],[-75.950572,40.366744],[-75.951947,40.367368],[-75.953338,40.368338],[-75.949749,40.369679],[-75.948043,40.370763],[-75.947161,40.369635],[-75.94305,40.370943],[-75.940627,40.367572],[-75.926711,40.367406],[-75.926604,40.367443],[-75.927403,40.368785],[-75.925572,40.369566],[-75.920555,40.371239],[-75.920037,40.370007],[-75.921561,40.367274],[-75.898635,40.366852],[-75.903176,40.35587],[-75.907343,40.350935],[-75.907102,40.345671],[-75.895665,40.345587],[-75.891132,40.342677],[-75.892308,40.341395],[-75.893505,40.340604],[-75.894362,40.340312],[-75.893837,40.339463],[-75.893625,40.338489],[-75.893762,40.336699],[-75.894227,40.336321],[-75.890362,40.333861],[-75.894866,40.329211],[-75.899601,40.329353],[-75.899812,40.322893],[-75.91616,40.323286],[-75.921658,40.321429],[-75.920551,40.320614],[-75.919896,40.319028],[-75.920525,40.313398],[-75.920329,40.311162],[-75.920849,40.309621],[-75.921148,40.309242],[-75.921956,40.30877],[-75.922597,40.307841],[-75.922692,40.306735],[-75.922457,40.306482],[-75.922434,40.305949],[-75.922075,40.305565],[-75.920081,40.304357],[-75.918356,40.302372],[-75.917181,40.301815],[-75.917016,40.301265],[-75.917322,40.301222],[-75.918199,40.301924],[-75.917323,40.300673],[-75.917014,40.299868],[-75.916811,40.299858],[-75.916805,40.300078],[-75.917142,40.300692],[-75.9168,40.300497],[-75.916478,40.300009],[-75.91677,40.299642],[-75.91649,40.299306],[-75.916094,40.299184],[-75.915715,40.298007],[-75.915472,40.297821],[-75.915312,40.297944],[-75.914598,40.297001],[-75.914936,40.297056],[-75.914059,40.296442],[-75.91449,40.296434],[-75.916055,40.297173],[-75.916614,40.297017],[-75.918178,40.297403],[-75.918959,40.298182],[-75.919605,40.298297],[-75.919907,40.298524],[-75.920125,40.299229],[-75.920828,40.300029],[-75.921978,40.300246],[-75.923008,40.30093],[-75.924318,40.302519],[-75.924845,40.303692],[-75.924445,40.305461],[-75.924453,40.306279],[-75.924598,40.306282],[-75.924601,40.306491],[-75.924481,40.306492],[-75.924544,40.306711],[-75.924034,40.30784],[-75.9256,40.308529],[-75.926081,40.308414],[-75.927466,40.30753],[-75.929462,40.308842],[-75.929836,40.308638],[-75.931085,40.307342],[-75.931845,40.306301],[-75.932746,40.305603],[-75.933554,40.305155],[-75.935329,40.304659],[-75.934578,40.305176],[-75.934941,40.305935],[-75.934911,40.306186],[-75.937076,40.307646],[-75.93961,40.31015],[-75.938569,40.311133],[-75.936309,40.31204],[-75.936277,40.312198],[-75.937159,40.313512],[-75.939641,40.314716],[-75.93972,40.314484],[-75.940073,40.31502],[-75.947368,40.312155],[-75.947742,40.312707],[-75.951841,40.310546],[-75.954508,40.31507],[-75.959501,40.322446],[-75.957827,40.323794],[-75.958464,40.324753],[-75.956162,40.326093],[-75.956633,40.326956],[-75.954614,40.327611],[-75.953385,40.328231],[-75.95279,40.328333],[-75.950305,40.327687],[-75.948676,40.326662],[-75.946656,40.326892],[-75.945456,40.327757],[-75.94393,40.328393],[-75.943033,40.328561],[-75.941838,40.328452],[-75.941307,40.328604],[-75.940878,40.329001],[-75.940255,40.329081],[-75.939149,40.330401],[-75.939511,40.332083],[-75.939298,40.332473],[-75.938425,40.333212],[-75.937772,40.334738],[-75.937445,40.334994],[-75.937696,40.334995],[-75.937604,40.335329],[-75.937939,40.336144],[-75.939699,40.337457],[-75.940496,40.337871],[-75.942192,40.338285],[-75.943341,40.338912],[-75.943795,40.339001],[-75.944404,40.339533],[-75.944647,40.339423],[-75.944648,40.339614],[-75.944967,40.339607],[-75.948704,40.340936],[-75.949384,40.34124],[-75.950357,40.341965],[-75.95084,40.344603],[-75.956299,40.350039],[-75.957887,40.351183],[-75.959759,40.354105],[-75.960708,40.354583]],[[-75.930992,40.314166],[-75.930316,40.314018],[-75.929031,40.312076],[-75.928142,40.31265],[-75.926342,40.313188],[-75.926247,40.313329],[-75.930525,40.314356],[-75.930992,40.314166]]]}},{"type":"Feature","properties":{"NAME":"Scranton","FULLNAME":"Scranton city","TYPE":"City","COUNTY":"Lackawanna","STATE":"Pennsylvania","GEOID":"4269000","TERRITORY":"PA East"},"geometry":{"type":"Polygon","coordinates":[[[-75.720016,41.419221],[-75.712007,41.428474],[-75.712104,41.428502],[-75.707481,41.43353],[-75.693282,41.450102],[-75.684638,41.459923],[-75.684542,41.459837],[-75.67673,41.469569],[-75.64429,41.453778],[-75.622291,41.442733],[-75.640293,41.430374],[-75.645864,41.423949],[-75.645454,41.423743],[-75.647197,41.421707],[-75.651636,41.417739],[-75.626928,41.405696],[-75.618065,41.40116],[-75.625149,41.392721],[-75.624872,41.392721],[-75.633933,41.38238],[-75.635665,41.382738],[-75.637154,41.383468],[-75.652043,41.36614],[-75.604439,41.342562],[-75.639367,41.341558],[-75.651325,41.340894],[-75.671002,41.339482],[-75.683242,41.338942],[-75.668224,41.3691],[-75.672693,41.371236],[-75.674484,41.371904],[-75.676443,41.36948],[-75.683823,41.372924],[-75.689177,41.375629],[-75.691073,41.373047],[-75.691375,41.371459],[-75.701495,41.377771],[-75.703619,41.379504],[-75.707236,41.383196],[-75.706874,41.383474],[-75.70549,41.38392],[-75.704729,41.38398],[-75.703194,41.384558],[-75.700585,41.385153],[-75.69883,41.385329],[-75.697945,41.385176],[-75.695263,41.385263],[-75.694318,41.385747],[-75.693949,41.386179],[-75.694159,41.388042],[-75.692847,41.389451],[-75.692414,41.38967],[-75.691593,41.389866],[-75.69078,41.38981],[-75.689044,41.389402],[-75.687412,41.388804],[-75.686973,41.388891],[-75.684707,41.390353],[-75.682586,41.392139],[-75.678102,41.393712],[-75.688097,41.398646],[-75.68916,41.39626],[-75.701689,41.402356],[-75.699934,41.404401],[-75.696966,41.402972],[-75.693699,41.406723],[-75.70115,41.410408],[-75.720016,41.419221]]]}},{"type":"Feature","properties":{"NAME":"Shamokin","FULLNAME":"Shamokin city","TYPE":"City","COUNTY":"Northumberland","STATE":"Pennsylvania","GEOID":"4269600","TERRITORY":"PA East"},"geometry":{"type":"Polygon","coordinates":[[[-76.565004,40.790925],[-76.558867,40.792557],[-76.559161,40.793196],[-76.556521,40.794366],[-76.555599,40.795223],[-76.553366,40.795399],[-76.553306,40.796714],[-76.549166,40.796708],[-76.548297,40.795759],[-76.545829,40.795709],[-76.545959,40.792376],[-76.546729,40.79235],[-76.545796,40.791249],[-76.545779,40.791007],[-76.547588,40.783046],[-76.550053,40.783034],[-76.549644,40.782289],[-76.55004,40.782194],[-76.550231,40.782575],[-76.551005,40.782594],[-76.551184,40.782974],[-76.552798,40.782945],[-76.552907,40.780903],[-76.558784,40.780666],[-76.561158,40.778856],[-76.562059,40.779452],[-76.561538,40.779759],[-76.561882,40.780045],[-76.560923,40.780741],[-76.559754,40.782144],[-76.559681,40.782507],[-76.564348,40.782295],[-76.565004,40.790925]]]}},{"type":"Feature","properties":{"NAME":"Sharon","FULLNAME":"Sharon city","TYPE":"City","COUNTY":"Mercer","STATE":"Pennsylvania","GEOID":"4269720","TERRITORY":"PA West"},"geometry":{"type":"Polygon","coordinates":[[[-80.519041,41.221575],[-80.519106,41.243108],[-80.512956,41.242834],[-80.51062,41.24569],[-80.509468,41.24507],[-80.508437,41.244779],[-80.508941,41.245944],[-80.508952,41.246395],[-80.508534,41.247671],[-80.506932,41.249872],[-80.505916,41.250797],[-80.503877,41.253412],[-80.504015,41.254198],[-80.503795,41.254968],[-80.50315,41.255613],[-80.500153,41.254137],[-80.5007,41.253278],[-80.499811,41.253137],[-80.497327,41.253203],[-80.496641,41.252025],[-80.496658,41.250361],[-80.496798,41.25036],[-80.496644,41.249487],[-80.492458,41.24908],[-80.492313,41.244943],[-80.489951,41.24495],[-80.490028,41.246725],[-80.487625,41.246816],[-80.487469,41.242487],[-80.479448,41.24254],[-80.47949,41.242258],[-80.475537,41.242378],[-80.475464,41.239229],[-80.480112,41.239135],[-80.480053,41.237208],[-80.480826,41.237189],[-80.480746,41.234689],[-80.481284,41.234689],[-80.481251,41.234239],[-80.481687,41.234216],[-80.481783,41.232361],[-80.48084,41.232205],[-80.48112,41.231147],[-80.481434,41.231128],[-80.481441,41.229646],[-80.483009,41.229718],[-80.482778,41.221195],[-80.486952,41.221127],[-80.486887,41.216131],[-80.493362,41.219761],[-80.493274,41.214449],[-80.496792,41.214496],[-80.496926,41.221013],[-80.504729,41.220905],[-80.507078,41.220739],[-80.507617,41.219455],[-80.507962,41.217633],[-80.508398,41.217684],[-80.508615,41.220793],[-80.517494,41.220676],[-80.518148,41.219851],[-80.518893,41.219357],[-80.519041,41.221575]]]}},{"type":"Feature","properties":{"NAME":"St. Marys","FULLNAME":"St. Marys city","TYPE":"City","COUNTY":"Elk","STATE":"Pennsylvania","GEOID":"4267344","TERRITORY":"PA West"},"geometry":{"type":"Polygon","coordinates":[[[-78.64852,41.442754],[-78.641158,41.442757],[-78.642221,41.518117],[-78.624645,41.517988],[-78.610965,41.518159],[-78.610983,41.523252],[-78.499553,41.521852],[-78.483903,41.521496],[-78.483951,41.516008],[-78.420172,41.51529],[-78.420156,41.499024],[-78.421154,41.473845],[-78.419566,41.473724],[-78.420056,41.398104],[-78.486658,41.397757],[-78.535129,41.397292],[-78.535125,41.39699],[-78.559766,41.396791],[-78.559755,41.395913],[-78.596132,41.395611],[-78.596102,41.393634],[-78.612915,41.393488],[-78.612873,41.39059],[-78.624777,41.390663],[-78.648298,41.390433],[-78.648178,41.433509],[-78.64852,41.442754]]]}},{"type":"Feature","properties":{"NAME":"Sunbury","FULLNAME":"Sunbury city","TYPE":"City","COUNTY":"Northumberland","STATE":"Pennsylvania","GEOID":"4275304","TERRITORY":"PA East"},"geometry":{"type":"Polygon","coordinates":[[[-76.806119,40.841777],[-76.805171,40.844964],[-76.805194,40.846269],[-76.805002,40.847757],[-76.803431,40.849847],[-76.801409,40.85523],[-76.799386,40.858998],[-76.798585,40.861352],[-76.795791,40.865766],[-76.795166,40.86746],[-76.794802,40.869581],[-76.793344,40.875158],[-76.792435,40.876314],[-76.791199,40.877206],[-76.78796,40.878421],[-76.783834,40.875128],[-76.783242,40.876257],[-76.78253,40.876264],[-76.780345,40.877056],[-76.779295,40.87673],[-76.780358,40.874667],[-76.780437,40.873474],[-76.781269,40.870735],[-76.776796,40.868298],[-76.778036,40.867037],[-76.773701,40.86701],[-76.774259,40.865086],[-76.773419,40.865523],[-76.7707,40.866007],[-76.766431,40.865908],[-76.766377,40.862532],[-76.765843,40.861011],[-76.77251,40.859364],[-76.776732,40.859098],[-76.776317,40.854657],[-76.777525,40.853848],[-76.780409,40.853767],[-76.788188,40.852502],[-76.79392,40.852052],[-76.796451,40.851105],[-76.797276,40.85042],[-76.797539,40.84937],[-76.797295,40.848752],[-76.796282,40.848095],[-76.796179,40.847852],[-76.796463,40.847383],[-76.797912,40.846483],[-76.79872,40.845539],[-76.799315,40.845167],[-76.803808,40.843336],[-76.805456,40.842101],[-76.806119,40.841777]]]}},{"type":"Feature","properties":{"NAME":"Titusville","FULLNAME":"Titusville city","TYPE":"City","COUNTY":"Crawford","STATE":"Pennsylvania","GEOID":"4276904","TERRITORY":"PA West"},"geometry":{"type":"Polygon","coordinates":[[[-79.69915,41.63688],[-79.69278,41.63678],[-79.69263,41.63635],[-79.692221,41.636731],[-79.68737,41.63659],[-79.68726,41.63995],[-79.68061,41.63987],[-79.680495,41.636512],[-79.663502,41.636467],[-79.650138,41.636196],[-79.64975,41.62278],[-79.64483,41.62175],[-79.64611,41.62039],[-79.64555,41.62011],[-79.646036,41.618954],[-79.645411,41.618521],[-79.644519,41.618427],[-79.644098,41.618208],[-79.644117,41.617206],[-79.688082,41.617363],[-79.68861,41.632819],[-79.689972,41.632819],[-79.69023,41.63219],[-79.691073,41.632288],[-79.691056,41.632708],[-79.692617,41.633052],[-79.692586,41.634565],[-79.693233,41.634314],[-79.69672,41.63454],[-79.69751,41.63501],[-79.69743,41.63559],[-79.69925,41.63613],[-79.69915,41.63688]]]}},{"type":"Feature","properties":{"NAME":"Uniontown","FULLNAME":"Uniontown city","TYPE":"City","COUNTY":"Fayette","STATE":"Pennsylvania","GEOID":"4278528","TERRITORY":"PA West"},"geometry":{"type":"Polygon","coordinates":[[[-79.744907,39.901147],[-79.744382,39.902254],[-79.74369,39.902244],[-79.743685,39.903398],[-79.743068,39.903697],[-79.74213,39.90221],[-79.735848,39.90233],[-79.736951,39.903106],[-79.73603,39.9039],[-79.738921,39.906005],[-79.738246,39.906454],[-79.736769,39.908396],[-79.735098,39.907643],[-79.734917,39.907888],[-79.735231,39.908058],[-79.734967,39.90847],[-79.73461,39.908281],[-79.734074,39.908955],[-79.734541,39.909219],[-79.733923,39.90998],[-79.734056,39.91004],[-79.733822,39.91037],[-79.733585,39.910421],[-79.733698,39.910487],[-79.733509,39.910769],[-79.733715,39.910879],[-79.733389,39.91132],[-79.733032,39.911138],[-79.73271,39.911605],[-79.732164,39.911299],[-79.73169,39.91162],[-79.731361,39.912168],[-79.730856,39.911918],[-79.731293,39.911312],[-79.730147,39.910759],[-79.729707,39.911306],[-79.729184,39.911028],[-79.729587,39.910489],[-79.729376,39.910338],[-79.72716,39.90955],[-79.72745,39.90914],[-79.72767,39.90817],[-79.72777,39.90687],[-79.727626,39.906141],[-79.726269,39.907159],[-79.725291,39.908659],[-79.724953,39.908556],[-79.723593,39.90992],[-79.723817,39.909069],[-79.724164,39.908476],[-79.721956,39.908021],[-79.721553,39.908734],[-79.722451,39.90941],[-79.722423,39.909822],[-79.721829,39.911013],[-79.720628,39.91067],[-79.72053,39.9105],[-79.72012,39.91131],[-79.71952,39.91108],[-79.718027,39.910119],[-79.716618,39.908897],[-79.714223,39.907189],[-79.715374,39.905925],[-79.713439,39.905145],[-79.71352,39.90501],[-79.712862,39.904452],[-79.711576,39.90347],[-79.711307,39.90356],[-79.71107,39.90317],[-79.710761,39.903258],[-79.711009,39.903678],[-79.710636,39.903798],[-79.710403,39.903444],[-79.708904,39.903905],[-79.707237,39.903078],[-79.707271,39.902817],[-79.704977,39.90256],[-79.704685,39.901297],[-79.704974,39.90122],[-79.703706,39.900935],[-79.703248,39.898527],[-79.704737,39.898415],[-79.705048,39.898077],[-79.70498,39.897348],[-79.705482,39.897313],[-79.707183,39.89494],[-79.708494,39.893662],[-79.708931,39.893482],[-79.709535,39.893822],[-79.712586,39.892816],[-79.713196,39.893891],[-79.714058,39.893501],[-79.7146,39.89438],[-79.715813,39.894501],[-79.716118,39.894163],[-79.716482,39.894371],[-79.71813,39.892677],[-79.720115,39.892845],[-79.72039,39.893038],[-79.7212,39.894414],[-79.721412,39.89441],[-79.72217,39.8957],[-79.723807,39.892802],[-79.723896,39.892363],[-79.723521,39.892308],[-79.72352,39.89142],[-79.72295,39.89142],[-79.722959,39.890789],[-79.721514,39.890749],[-79.721145,39.890229],[-79.72133,39.88724],[-79.72194,39.88732],[-79.721936,39.887451],[-79.725015,39.887889],[-79.725047,39.88766],[-79.725884,39.887745],[-79.725694,39.888886],[-79.726549,39.888988],[-79.726489,39.889361],[-79.727088,39.889415],[-79.726966,39.889977],[-79.726472,39.889957],[-79.726133,39.891452],[-79.725945,39.891417],[-79.725848,39.892191],[-79.726624,39.892292],[-79.726821,39.891491],[-79.727503,39.891544],[-79.72758,39.89121],[-79.727395,39.891174],[-79.727506,39.890701],[-79.727642,39.890709],[-79.727554,39.891079],[-79.727842,39.891116],[-79.728197,39.889553],[-79.728918,39.889527],[-79.728936,39.889351],[-79.731505,39.889797],[-79.731782,39.889432],[-79.73203,39.888908],[-79.73059,39.88832],[-79.73028,39.887516],[-79.73184,39.886583],[-79.731706,39.886124],[-79.732177,39.88603],[-79.732001,39.883741],[-79.732542,39.883753],[-79.73277,39.88291],[-79.73299,39.88269],[-79.73347,39.88265],[-79.73516,39.88298],[-79.73519,39.88359],[-79.73623,39.88499],[-79.73467,39.88575],[-79.73491,39.88602],[-79.73475,39.887364],[-79.735568,39.888259],[-79.735395,39.888532],[-79.735972,39.888801],[-79.7364,39.88798],[-79.73818,39.88851],[-79.73477,39.89325],[-79.73534,39.89332],[-79.734725,39.894168],[-79.735221,39.894386],[-79.734851,39.894618],[-79.734643,39.894516],[-79.734081,39.895149],[-79.735092,39.895984],[-79.735572,39.895575],[-79.735398,39.895098],[-79.735476,39.894743],[-79.736298,39.894296],[-79.737838,39.896059],[-79.738387,39.895671],[-79.737918,39.895157],[-79.738159,39.894985],[-79.73959,39.89594],[-79.739451,39.895994],[-79.73976,39.896427],[-79.73952,39.89653],[-79.741985,39.900172],[-79.740924,39.900579],[-79.73876,39.89745],[-79.73646,39.89883],[-79.73878,39.90075],[-79.743811,39.900658],[-79.743653,39.901142],[-79.744907,39.901147]]]}},{"type":"Feature","properties":{"NAME":"Warren","FULLNAME":"Warren city","TYPE":"City","COUNTY":"Warren","STATE":"Pennsylvania","GEOID":"4281000","TERRITORY":"PA West"},"geometry":{"type":"Polygon","coordinates":[[[-79.176568,41.837261],[-79.176173,41.837475],[-79.175584,41.837471],[-79.175541,41.83766],[-79.174042,41.837464],[-79.173004,41.837832],[-79.17385,41.839159],[-79.17176,41.8397],[-79.170819,41.84023],[-79.170959,41.840609],[-79.169,41.84269],[-79.1682,41.84192],[-79.167409,41.842689],[-79.1662,41.84353],[-79.166227,41.844963],[-79.164221,41.845672],[-79.1644,41.845949],[-79.163349,41.84658],[-79.16444,41.84784],[-79.163049,41.84808],[-79.161399,41.848769],[-79.163159,41.852589],[-79.157009,41.853249],[-79.157,41.84828],[-79.15647,41.84837],[-79.155939,41.84889],[-79.15194,41.84925],[-79.1476,41.85174],[-79.146979,41.854309],[-79.1471,41.8545],[-79.147499,41.85435],[-79.14766,41.854529],[-79.147239,41.854719],[-79.148329,41.855979],[-79.147011,41.856639],[-79.14858,41.858337],[-79.148903,41.858503],[-79.149331,41.859113],[-79.15004,41.859628],[-79.1503,41.860089],[-79.150522,41.862373],[-79.150772,41.863421],[-79.150002,41.863313],[-79.143369,41.86397],[-79.1362,41.864884],[-79.1354,41.863749],[-79.139033,41.863276],[-79.139042,41.862097],[-79.14233,41.86172],[-79.13937,41.857827],[-79.138657,41.858273],[-79.138025,41.857458],[-79.139145,41.856767],[-79.137384,41.854607],[-79.135728,41.855825],[-79.13496,41.855287],[-79.132969,41.856537],[-79.13261,41.85614],[-79.13439,41.854746],[-79.133955,41.854297],[-79.132989,41.8521],[-79.132369,41.84818],[-79.130665,41.848261],[-79.130495,41.846779],[-79.13102,41.84639],[-79.130729,41.844109],[-79.12806,41.843549],[-79.128222,41.843083],[-79.12731,41.842777],[-79.127746,41.842435],[-79.121759,41.83695],[-79.11737,41.836219],[-79.11655,41.832289],[-79.11861,41.83211],[-79.119099,41.83035],[-79.119959,41.828949],[-79.117179,41.82618],[-79.11177,41.8264],[-79.111816,41.825604],[-79.115799,41.825054],[-79.118354,41.825046],[-79.121186,41.825732],[-79.122547,41.826263],[-79.123757,41.826999],[-79.125709,41.827846],[-79.131225,41.831804],[-79.137192,41.834716],[-79.138538,41.835726],[-79.140321,41.836693],[-79.141223,41.837517],[-79.14446,41.839399],[-79.144874,41.839454],[-79.148764,41.838887],[-79.14969,41.838889],[-79.151059,41.839372],[-79.151059,41.838956],[-79.153226,41.838924],[-79.153179,41.83748],[-79.156966,41.838189],[-79.163012,41.837991],[-79.162972,41.835656],[-79.163274,41.835224],[-79.16315,41.834921],[-79.163274,41.834378],[-79.162708,41.833641],[-79.162715,41.833455],[-79.163008,41.833281],[-79.16278,41.832564],[-79.163547,41.831381],[-79.164107,41.830976],[-79.16532,41.830569],[-79.168206,41.830975],[-79.169546,41.83136],[-79.169585,41.831639],[-79.170968,41.832607],[-79.172092,41.833656],[-79.174695,41.835372],[-79.175857,41.836438],[-79.175937,41.836153],[-79.176568,41.837261]]]}},{"type":"Feature","properties":{"NAME":"Washington","FULLNAME":"Washington city","TYPE":"City","COUNTY":"Washington","STATE":"Pennsylvania","GEOID":"4281328","TERRITORY":"PA West"},"geometry":{"type":"Polygon","coordinates":[[[-80.269924,40.168967],[-80.269759,40.169336],[-80.267815,40.168743],[-80.267048,40.170168],[-80.26759,40.170454],[-80.266753,40.172567],[-80.257923,40.175943],[-80.268436,40.184599],[-80.269253,40.185576],[-80.269703,40.186632],[-80.269802,40.187815],[-80.269428,40.189749],[-80.267811,40.194437],[-80.266992,40.195349],[-80.265071,40.196504],[-80.263769,40.195741],[-80.263449,40.19523],[-80.262936,40.195243],[-80.261302,40.193287],[-80.259685,40.191671],[-80.258939,40.190562],[-80.256137,40.187254],[-80.254184,40.18519],[-80.254689,40.183781],[-80.249949,40.182145],[-80.24971,40.183186],[-80.249943,40.184024],[-80.247241,40.183958],[-80.235527,40.180271],[-80.235832,40.178637],[-80.236389,40.177105],[-80.237062,40.177303],[-80.237632,40.175457],[-80.23965,40.175928],[-80.241618,40.175626],[-80.240726,40.172213],[-80.23962,40.172453],[-80.238068,40.172503],[-80.237654,40.171862],[-80.237269,40.170309],[-80.2373,40.169447],[-80.236903,40.168551],[-80.236056,40.16775],[-80.235331,40.167639],[-80.233753,40.166663],[-80.230021,40.172039],[-80.229248,40.171797],[-80.228715,40.172033],[-80.227567,40.171919],[-80.225584,40.172158],[-80.223319,40.173201],[-80.222469,40.174204],[-80.214805,40.170375],[-80.215995,40.168217],[-80.216065,40.167663],[-80.217912,40.168502],[-80.222078,40.164139],[-80.222949,40.163016],[-80.22227,40.162705],[-80.223475,40.160677],[-80.22948,40.161463],[-80.231478,40.161351],[-80.232314,40.160765],[-80.234025,40.160459],[-80.238682,40.160758],[-80.239154,40.160326],[-80.240131,40.158198],[-80.240551,40.157767],[-80.242885,40.156183],[-80.243245,40.156097],[-80.244193,40.156777],[-80.24462,40.157365],[-80.246632,40.158103],[-80.247524,40.158583],[-80.247808,40.159016],[-80.247974,40.160135],[-80.246671,40.164017],[-80.246889,40.164721],[-80.252117,40.165831],[-80.252552,40.169031],[-80.253063,40.169352],[-80.253811,40.169207],[-80.255337,40.169798],[-80.257788,40.170013],[-80.266728,40.166838],[-80.26817,40.16662],[-80.269095,40.166871],[-80.269924,40.168967]]]}},{"type":"Feature","properties":{"NAME":"Wilkes-Barre","FULLNAME":"Wilkes-Barre city","TYPE":"City","COUNTY":"Luzerne","STATE":"Pennsylvania","GEOID":"4285152","TERRITORY":"PA East"},"geometry":{"type":"Polygon","coordinates":[[[-75.928142,41.24097],[-75.920881,41.243925],[-75.917636,41.246566],[-75.914813,41.248315],[-75.912701,41.249403],[-75.911189,41.249751],[-75.911214,41.250107],[-75.907267,41.250048],[-75.903557,41.249085],[-75.902049,41.248492],[-75.89682,41.251851],[-75.894862,41.250568],[-75.892914,41.251865],[-75.893798,41.252754],[-75.890432,41.254608],[-75.886774,41.250903],[-75.879549,41.256686],[-75.878311,41.255442],[-75.878105,41.255624],[-75.877964,41.255496],[-75.873673,41.258911],[-75.870717,41.261036],[-75.870082,41.260442],[-75.868925,41.260195],[-75.863475,41.260544],[-75.862646,41.260819],[-75.861259,41.260684],[-75.860689,41.261121],[-75.859091,41.261149],[-75.85808,41.261526],[-75.856066,41.262379],[-75.854358,41.263479],[-75.852266,41.266309],[-75.853205,41.26684],[-75.849563,41.271012],[-75.846648,41.272496],[-75.844179,41.271554],[-75.842307,41.271502],[-75.840232,41.272841],[-75.839336,41.272896],[-75.838383,41.272094],[-75.835959,41.271348],[-75.83526,41.271408],[-75.834772,41.270766],[-75.833484,41.270508],[-75.833287,41.270267],[-75.833396,41.26974],[-75.833229,41.269575],[-75.832261,41.269701],[-75.831975,41.269994],[-75.826759,41.268102],[-75.828397,41.265505],[-75.830449,41.264537],[-75.833783,41.259524],[-75.829035,41.257618],[-75.839296,41.246846],[-75.847735,41.251636],[-75.851498,41.250555],[-75.853223,41.249691],[-75.854583,41.248655],[-75.859744,41.24292],[-75.861819,41.241751],[-75.862253,41.241316],[-75.862578,41.240782],[-75.862623,41.238614],[-75.863479,41.237379],[-75.864262,41.236561],[-75.864793,41.235191],[-75.865162,41.234696],[-75.876877,41.228703],[-75.87943,41.23008],[-75.879954,41.230036],[-75.882908,41.228302],[-75.883179,41.228307],[-75.884589,41.227637],[-75.894354,41.222029],[-75.906957,41.229122],[-75.909954,41.230645],[-75.928142,41.24097]]]}},{"type":"Feature","properties":{"NAME":"Williamsport","FULLNAME":"Williamsport city","TYPE":"City","COUNTY":"Lycoming","STATE":"Pennsylvania","GEOID":"4285312","TERRITORY":"PA East"},"geometry":{"type":"Polygon","coordinates":[[[-77.095058,41.243201],[-77.05192,41.24609],[-77.046493,41.246121],[-77.0239,41.247436],[-77.024612,41.253977],[-77.025999,41.253915],[-77.026396,41.257975],[-77.025638,41.259246],[-77.023269,41.25883],[-77.021454,41.258859],[-77.020245,41.260584],[-77.004593,41.261481],[-76.986906,41.261915],[-76.988358,41.263719],[-76.985625,41.264295],[-76.985733,41.261986],[-76.982635,41.262026],[-76.981873,41.253523],[-76.982647,41.253483],[-76.981874,41.244715],[-76.989267,41.242184],[-76.990922,41.24145],[-77.000864,41.235745],[-77.003663,41.234411],[-77.015654,41.229606],[-77.019593,41.228788],[-77.02455,41.228067],[-77.028156,41.228241],[-77.034685,41.228986],[-77.036632,41.228751],[-77.040819,41.227125],[-77.044035,41.225673],[-77.045052,41.225485],[-77.04989,41.223617],[-77.053905,41.222305],[-77.066277,41.219564],[-77.078492,41.218818],[-77.08743,41.219944],[-77.093741,41.221295],[-77.089647,41.237884],[-77.090512,41.239018],[-77.091863,41.241546],[-77.092528,41.242036],[-77.095058,41.243201]]]}},{"type":"Feature","properties":{"NAME":"York","FULLNAME":"York city","TYPE":"City","COUNTY":"York","STATE":"Pennsylvania","GEOID":"4287048","TERRITORY":"PA East"},"geometry":{"type":"Polygon","coordinates":[[[-76.762814,39.965288],[-76.755146,39.966116],[-76.755832,39.969321],[-76.751337,39.969613],[-76.751312,39.970962],[-76.756822,39.977225],[-76.757144,39.976971],[-76.756874,39.97665],[-76.757036,39.976565],[-76.756756,39.976271],[-76.757546,39.975852],[-76.757036,39.975235],[-76.761987,39.973998],[-76.762543,39.975682],[-76.762665,39.977063],[-76.760792,39.978188],[-76.758787,39.978418],[-76.757929,39.977527],[-76.757356,39.977859],[-76.75826,39.978865],[-76.76107,39.980961],[-76.759675,39.981776],[-76.759356,39.985487],[-76.758463,39.986651],[-76.755844,39.989433],[-76.750756,39.988184],[-76.749487,39.990156],[-76.746686,39.992584],[-76.742294,39.986213],[-76.745177,39.9847],[-76.744796,39.98202],[-76.74488,39.981822],[-76.743117,39.973047],[-76.735278,39.971563],[-76.734477,39.972233],[-76.731814,39.971822],[-76.731609,39.970089],[-76.73074,39.968335],[-76.730066,39.968833],[-76.730328,39.968941],[-76.730946,39.970161],[-76.731002,39.971056],[-76.730731,39.971922],[-76.729375,39.973123],[-76.728861,39.973381],[-76.727527,39.973865],[-76.726281,39.974062],[-76.72616,39.972566],[-76.72568,39.971011],[-76.724079,39.968807],[-76.718819,39.971786],[-76.716612,39.97276],[-76.711178,39.974576],[-76.706793,39.975578],[-76.706254,39.978693],[-76.703388,39.978405],[-76.703394,39.9762],[-76.701851,39.97648],[-76.700765,39.972246],[-76.703063,39.971984],[-76.699954,39.967434],[-76.699448,39.961824],[-76.707316,39.961444],[-76.707143,39.959306],[-76.706862,39.958198],[-76.706388,39.958282],[-76.704749,39.954878],[-76.704045,39.955008],[-76.703847,39.951275],[-76.701907,39.951369],[-76.701799,39.949163],[-76.703014,39.948569],[-76.703797,39.948502],[-76.705232,39.949596],[-76.705348,39.950096],[-76.705631,39.950003],[-76.70548,39.949733],[-76.706696,39.949482],[-76.706822,39.949612],[-76.706064,39.949954],[-76.707252,39.950899],[-76.710609,39.95259],[-76.711226,39.952653],[-76.71165,39.953086],[-76.712401,39.952785],[-76.708749,39.949171],[-76.71082,39.948706],[-76.713313,39.947633],[-76.714413,39.947326],[-76.715413,39.947263],[-76.716576,39.947428],[-76.716835,39.947248],[-76.717079,39.946946],[-76.717079,39.946395],[-76.715814,39.943411],[-76.716784,39.942756],[-76.717514,39.94453],[-76.718256,39.945704],[-76.719551,39.944917],[-76.72138,39.948007],[-76.721897,39.949416],[-76.730951,39.947908],[-76.731946,39.948925],[-76.732508,39.949777],[-76.732761,39.949712],[-76.736479,39.953376],[-76.738192,39.952971],[-76.739371,39.952271],[-76.743118,39.951446],[-76.74522,39.950306],[-76.745655,39.949999],[-76.746036,39.949441],[-76.74671,39.950213],[-76.747148,39.951008],[-76.749397,39.952918],[-76.750668,39.955316],[-76.751646,39.956774],[-76.751553,39.958709],[-76.758384,39.96103],[-76.762305,39.962023],[-76.762814,39.965288]]]}}]}