{"type":"FeatureCollection","name":"pennsylvania_counties","crs":{"type":"name","properties":{"name":"urn:ogc:def:crs:OGC:1.3:CRS84"}},"features":[{"type":"Feature","properties":{"NAME":"Adams","FULLNAME":"Adams County","STATE":"Pennsylvania","FIPS_STATE":"42","FIPS_COUNTY":"001","GEOID":"42001"},"geometry":{"type":"Polygon","coordinates":[[[-77.45952608257014,39.7427088919343],[-77.45943939963679,39.720035470562244],[-76.99924982874545,39.71997117852748],[-76.99969262541698,39.83188756595838],[-76.99064012892406,39.83437017568665],[-76.9832443755467,39.84132310320926],[-76.97855200499886,39.84766668217596],[-76.97406511239413,39.84968710337732],[-76.96491128503887,39.85056784012819],[-76.95493166878222,39.85686192747724],[-76.96224033947594,39.86484347035645],[-76.96362749637811,39.87402547263413],[-76.97253993473845,39.87292004438536],[-76.97397496915032,39.87434307198796],[-76.97831571933304,39.881984462172255],[-76.97747557535345,39.885540804607054],[-76.98015339212998,39.88655271735638],[-76.98197442363627,39.89209884524834],[-76.98395235668674,39.89356652167231],[-76.98200965376509,39.89743434422546],[-76.98233474328663,39.89863983420779],[-76.98411011881693,39.899530140089276],[-76.98404172737942,39.90156061855426],[-76.98044851924352,39.90338143446168],[-76.98156243558573,39.90533888904244],[-76.97359427840426,39.91027752438892],[-76.97252315241232,39.91181120578515],[-76.97292139444238,39.91375023012932],[-76.97175574142803,39.9146810593929],[-76.96804328912471,39.915103261147955],[-76.96706368169727,39.91639493559575],[-76.96854850703039,39.918338139691],[-76.96493754818451,39.922078877673684],[-76.97021424048533,39.92135407384642],[-76.96992987159562,39.923736741648156],[-76.97180675944797,39.92456249304476],[-76.9723503956034,39.92587496940091],[-76.97107250348418,39.92781034681402],[-76.9720263364495,39.928973861584666],[-76.97100669829636,39.93118000961915],[-76.97262416706769,39.934132185769485],[-76.96978549795641,39.93738586649705],[-76.96660204196434,39.93518781078397],[-77.00007062481043,39.98429398550815],[-77.01850366547005,40.013891560448286],[-77.02613643933512,40.01842736082362],[-77.03340212384586,40.018748095619586],[-77.04056941049363,40.02127590100028],[-77.05634048694655,40.0234727033958],[-77.06130520512897,40.026515979015265],[-77.06862905106277,40.028953711309335],[-77.07017004894894,40.03001529492703],[-77.0724895798609,40.034153548331005],[-77.07843705226922,40.03763380428298],[-77.08099120876035,40.04349993782818],[-77.09195075673625,40.05361167317191],[-77.10367763125478,40.05762301622457],[-77.10680313962281,40.06002981638858],[-77.11184757250695,40.06138713794251],[-77.12800398130096,40.06868846643256],[-77.13714441836862,40.069851473056104],[-77.16039004931393,40.05330200645532],[-77.18560492121101,40.02953396208227],[-77.22875949967491,40.02516067128835],[-77.40349746300356,39.99454037298968],[-77.472131718744,39.94443498050339],[-77.46447764851848,39.83879743683906],[-77.45952608257014,39.7427088919343]]]}},{"type":"Feature","properties":{"NAME":"Allegheny","FULLNAME":"Allegheny County","STATE":"Pennsylvania","FIPS_STATE":"42","FIPS_COUNTY":"003","GEOID":"42003"},"geometry":{"type":"Polygon","coordinates":[[[-79.91452385027924,40.25204974869397],[-79.92157955089738,40.24684802564069],[-79.93055194551471,40.243040009652],[-79.937372192307,40.24158737417931],[-79.95661775734446,40.24026429197774],[-79.96234825696723,40.23884878718183],[-79.96662309146934,40.236609937576354],[-79.96982645951802,40.2333703481915],[-79.9710665469368,40.22823891601157],[-79.96969581572961,40.224861424927816],[-79.95772542320891,40.21432677518806],[-79.95279590551088,40.21226565154383],[-79.92911465004327,40.207166835661596],[-79.92438261887563,40.205023512015],[-79.91622165718306,40.19905754249744],[-79.91038298153545,40.19698980377909],[-79.89457672885264,40.194352830976804],[-79.87147824105254,40.19736803613303],[-79.7829638880872,40.22776735561403],[-79.80416520677075,40.232015394464035],[-79.80663347533758,40.234001356713556],[-79.80721001947683,40.236960464449155],[-79.80528613536205,40.24108158127798],[-79.80269351301047,40.242231488753205],[-79.79939816645985,40.246233101785194],[-79.795701551455,40.25390767683076],[-79.78751332589356,40.2619232364395],[-79.78834847524016,40.26472902742195],[-79.79479644400902,40.271704161816835],[-79.79628768151663,40.27549611807808],[-79.79597487286334,40.28076270891616],[-79.79164532018065,40.28219295018428],[-79.77987063642438,40.28218107398348],[-79.77503049570724,40.286214210511204],[-79.77528045732494,40.28837315373953],[-79.77806734484831,40.2913262820679],[-79.78436514943763,40.29614983290028],[-79.78779741900047,40.297652045335],[-79.770891275372,40.37577660221105],[-79.76800492099048,40.3833440507502],[-79.76388645892483,40.38447919157362],[-79.76497765328021,40.38960508662497],[-79.76228908905965,40.39250869914587],[-79.75383553440095,40.38849685423689],[-79.75114863296194,40.38834853400317],[-79.75038507575023,40.3913269594053],[-79.74781565328915,40.390847738287164],[-79.74465222882961,40.39613256732641],[-79.74186356803185,40.39686256691459],[-79.7385746237743,40.395575200299746],[-79.73860223888444,40.39792331420787],[-79.73650914001794,40.39939751523349],[-79.73428934366207,40.39805745204539],[-79.73233899158576,40.399902463438174],[-79.73214583493507,40.40593649005847],[-79.72988553174642,40.4074841243125],[-79.73019262531786,40.408561591200275],[-79.72212995638536,40.40897706852972],[-79.72512962964672,40.41164664474182],[-79.7275288007002,40.41238229810146],[-79.72706052062068,40.41417881621957],[-79.72274641626595,40.414940717880064],[-79.71727423079636,40.41386278680475],[-79.71600957714949,40.417342726032786],[-79.7070808029257,40.42241920623474],[-79.70660103159707,40.42471829812776],[-79.70456599623726,40.42644181326268],[-79.70201182716971,40.489550987212404],[-79.70163026236288,40.52519233372098],[-79.70585161656287,40.52735452948256],[-79.70720729919243,40.529761811928154],[-79.71036903481925,40.53235633762696],[-79.71551586935755,40.53357621463424],[-79.72238321571847,40.542167294915146],[-79.72469592392586,40.54222117888095],[-79.73188821248463,40.54506544637707],[-79.73561563611047,40.548996020819644],[-79.73989021010114,40.549463314937825],[-79.74268214615641,40.54853199372898],[-79.75148635189807,40.55180633625694],[-79.75422770651464,40.55043465596609],[-79.75723573500645,40.55014251447652],[-79.76046095098113,40.551088975762305],[-79.7650577731221,40.549601513434055],[-79.77405525049882,40.568473340477496],[-79.77451216778829,40.57487579658839],[-79.77352504415687,40.580754336093094],[-79.77040006130328,40.586994876470655],[-79.76175050143611,40.594414620710374],[-79.74921848219977,40.598929157582255],[-79.73582373354098,40.60211749807644],[-79.7211057547906,40.608229183600066],[-79.71435495944789,40.61707431997188],[-79.70311372225677,40.625760239797856],[-79.69413362817913,40.635192759936594],[-79.69005889160994,40.640938281044676],[-79.68875568047443,40.64550072345769],[-79.69026932915176,40.651219028711715],[-79.69559853337083,40.6614947684355],[-79.69561888380528,40.66481136545434],[-79.69265370764745,40.66833066408825],[-79.69313870806936,40.66978410359148],[-79.71455250526706,40.670078308904905],[-79.73190117158092,40.66921218680191],[-79.81195807838577,40.67221043198735],[-79.82848194214846,40.67104368147651],[-79.8515648648396,40.67261572739579],[-79.87542567646452,40.67220865781002],[-79.9146190636145,40.673258394328705],[-79.95781990531556,40.672087261451786],[-79.98959401670245,40.67358267113203],[-80.14837339014412,40.674024682817155],[-80.14488420332488,40.61327250911382],[-80.14827576483228,40.611668345309454],[-80.15112109225649,40.61224387930002],[-80.1518987620013,40.60944253485407],[-80.15487445922773,40.607985138964],[-80.1604206056896,40.6095944172872],[-80.16593999942398,40.606016273950516],[-80.16692629480872,40.60672312605603],[-80.1694864727072,40.60630732655042],[-80.17010034004987,40.607827828363696],[-80.17372340369423,40.60769160919403],[-80.1779240400488,40.609516900767936],[-80.18024188212804,40.60946366428595],[-80.18052746823496,40.6073741266582],[-80.1848155465993,40.60330972524994],[-80.18390930817438,40.60123789227147],[-80.18874736300343,40.59982795711796],[-80.18486093667399,40.597942878719984],[-80.18434075732723,40.59686546198434],[-80.18677357028812,40.59609254680241],[-80.19489005549266,40.59676755711954],[-80.1983311069857,40.592805941436424],[-80.20215845291554,40.59092493330112],[-80.20409696250144,40.588615549807635],[-80.20795277783927,40.588068112190435],[-80.21113551517911,40.58499423562948],[-80.21227382527286,40.58208454692251],[-80.21477200953528,40.5807618900903],[-80.21915456102309,40.581912234107314],[-80.21868560271554,40.57962733455463],[-80.2206593397353,40.57988559957142],[-80.2240251330688,40.57729238897955],[-80.22400438288405,40.57523054882152],[-80.22714519315464,40.57409667050937],[-80.27553441647585,40.53830237792014],[-80.3607683385176,40.47751905476737],[-80.18300427528855,40.3327028865856],[-79.91452385027924,40.25204974869397]],[[-80.1456801457009,40.43214236789912],[-80.14552456018863,40.43211251975598],[-80.14568014659922,40.43214236789912],[-80.1456801457009,40.43214236789912]],[[-79.9907417249707,40.40950322359001],[-79.99090585525795,40.4091576948797],[-79.99074172676733,40.40950322359001],[-79.9907417249707,40.40950322359001]]]}},{"type":"Feature","properties":{"NAME":"Armstrong","FULLNAME":"Armstrong County","STATE":"Pennsylvania","FIPS_STATE":"42","FIPS_COUNTY":"005","GEOID":"42005"},"geometry":{"type":"Polygon","coordinates":[[[-79.56742330099847,40.57876652037965],[-79.56582272324943,40.57361683643919],[-79.5598106341244,40.56268700070668],[-79.5354837010716,40.550221605582685],[-79.5258161074424,40.54244908328132],[-79.52140764764346,40.541416733655986],[-79.51368091269461,40.542859776315524],[-79.51103144764677,40.54248506653488],[-79.50605465700524,40.536707932249335],[-79.49880594346685,40.53228632655523],[-79.49729652585451,40.5289952443539],[-79.49746255787521,40.52544019357829],[-79.49266496945476,40.525076807365764],[-79.48696819707932,40.52712055546298],[-79.48486873724228,40.530282582118026],[-79.48409862053236,40.53541026133039],[-79.48081877800524,40.53730665770701],[-79.47678653085067,40.53587264727071],[-79.47787200563266,40.53134568778346],[-79.47670626817666,40.52992406579865],[-79.47407179511261,40.53010531278807],[-79.4673299802278,40.53405575608732],[-79.4570526856422,40.53454011897896],[-79.45421528944367,40.53405972210882],[-79.44996177196326,40.53010823575916],[-79.42428905122374,40.55676004781217],[-79.4054200024612,40.57463637029752],[-79.39814093484935,40.5842110235121],[-79.38016186770004,40.60199101914395],[-79.21533310438782,40.77592844224705],[-79.2154994337509,40.939217296804756],[-79.21277727523363,40.961060618788714],[-79.21016146916116,41.0489831974317],[-79.21495744330906,41.04913582764954],[-79.21499031625856,41.05079451428773],[-79.21920592034242,41.048595977376706],[-79.22899892866675,41.0463298151496],[-79.23365695931624,41.04429291083593],[-79.23675603745198,41.04218400508562],[-79.2425062991127,41.03541933881417],[-79.24662289897078,41.03490197831393],[-79.26082777350561,41.02954558680679],[-79.26787716795045,41.020395158082415],[-79.27548101247011,41.01689463487936],[-79.2825175035142,41.01000784576224],[-79.28578796583312,41.00947386624339],[-79.29147013160204,41.0104058640484],[-79.29470648758456,41.01183400287627],[-79.29899299749042,41.01187724262087],[-79.30211531504256,41.01373008002399],[-79.31746870812604,41.00264343957144],[-79.3335126307785,40.999487661978456],[-79.33551486774897,41.00011861670386],[-79.33676000100472,41.00247344861906],[-79.33947579226324,41.00251662467853],[-79.34669153583408,40.99787450449105],[-79.35234631017336,40.99987231461082],[-79.35643309584547,41.000124463481804],[-79.36055846685397,41.00377597803256],[-79.36398284022546,41.00304269415284],[-79.36632871872472,41.00065804080123],[-79.36833831918555,40.994689822993756],[-79.37173653990419,40.98893038740165],[-79.37184359033996,40.98244463595615],[-79.3696529577898,40.975554293450955],[-79.37179587003544,40.97325971475727],[-79.37238219233656,40.9704090313449],[-79.3759730414965,40.968584540065486],[-79.38124760658673,40.96961197009737],[-79.38184705417245,40.97594664781306],[-79.38042958002775,40.97996490431847],[-79.37449489423919,40.98350923854464],[-79.37440174433412,40.98441096573255],[-79.37681273721675,40.98579476458762],[-79.38403793555594,40.98530280312047],[-79.38628229813989,40.98747491522286],[-79.38480650446864,40.98984773036146],[-79.37759155680514,40.99077638826359],[-79.37679334258978,40.992581727398374],[-79.37773236952256,40.994335715003565],[-79.38316280309436,40.995481768681536],[-79.39049657631037,40.993603656395315],[-79.39487521922841,40.99489855030883],[-79.39667767447294,40.9931862586742],[-79.39838367311386,40.98938546158692],[-79.40269708486751,40.989491638082185],[-79.40411155145263,40.99143344132326],[-79.40269726902216,40.99766926333736],[-79.40338209878068,40.99915790824951],[-79.40599905739165,40.99986615797889],[-79.41181809496885,40.998431721644344],[-79.41436016193289,40.99933580072703],[-79.41343903033888,41.00221158769048],[-79.40926326563957,41.00620934321491],[-79.41030854710078,41.00791443635406],[-79.4125763467305,41.008829163594086],[-79.4162074898225,41.00575298663907],[-79.42120369036238,41.00369841959868],[-79.42191725632854,41.002095520116946],[-79.4211940523377,40.998753061207374],[-79.42292713428611,40.993271712329296],[-79.4251850470578,40.988555442124174],[-79.42889056257049,40.985679295363006],[-79.4421288076388,40.98761568847376],[-79.44471455159027,40.98675797673217],[-79.45095968885282,40.982008740165675],[-79.46077435196538,40.9825225340577],[-79.46219647309505,40.98367060573334],[-79.46166589305396,40.98510302102781],[-79.45528910139831,40.98855729804238],[-79.45628444012301,40.99122508003722],[-79.4631820650989,40.99022084428826],[-79.47071939206673,40.994180002893955],[-79.47740211487385,40.99519170974714],[-79.48228843258984,40.99434722244983],[-79.48804895301112,40.99588491163742],[-79.49487160100014,40.98673501547093],[-79.49496947065371,40.9847311197867],[-79.49288090109287,40.979514866374934],[-79.4941945398722,40.9778756190086],[-79.50471044137026,40.97678873527115],[-79.5073447707039,40.98415337850788],[-79.51418650429945,40.986944960750996],[-79.51647106289909,40.98647319576946],[-79.51769615743581,40.98352468107285],[-79.51501223750525,40.980992348368424],[-79.51494256686675,40.978379536071735],[-79.5222783406309,40.975122255975194],[-79.52842662872602,40.9785217041036],[-79.53694028337219,40.98081576543442],[-79.54042850629912,40.98484696499548],[-79.54919958576637,40.98221688983188],[-79.5527290449581,40.98015404587227],[-79.55477131265425,40.98250446008419],[-79.56045278851705,40.985040690887395],[-79.57035901780483,40.98562405003505],[-79.57386315618368,40.98491383534798],[-79.58089997690948,40.98064484064671],[-79.59039899718405,40.96976636060413],[-79.59520134218393,40.96850756358004],[-79.60121642000388,40.969251600503085],[-79.61853946546752,40.974185196780965],[-79.62252426450709,40.97612895636772],[-79.62444681372534,40.97955887670982],[-79.6234539112317,40.984626546173466],[-79.61872964510138,40.9891719614527],[-79.60995418185554,40.99348436791817],[-79.60497864705879,40.99460558958351],[-79.59879612057492,40.99478637118885],[-79.58793356010699,40.99154936358268],[-79.58449556558088,40.991745608411016],[-79.58147006395846,40.994504621087465],[-79.58172928181683,40.99781227727405],[-79.58614840371989,41.00197437451733],[-79.59018158691899,41.00393540081686],[-79.59998018006945,41.00534423330264],[-79.60679786396821,41.00509997634723],[-79.60968203364698,41.007391877249795],[-79.60904745205217,41.01269351677443],[-79.60341143004443,41.01950527839513],[-79.60093852347579,41.02501236031844],[-79.59893967764555,41.032689189770636],[-79.60045335866221,41.036455199523154],[-79.60480100071979,41.03708798274184],[-79.61213525992437,41.03360614118298],[-79.6197685314561,41.03343285352226],[-79.63691168119925,41.03790519323679],[-79.65024837533448,41.044568664829804],[-79.66213740743989,41.04716964312283],[-79.66627853040691,41.04975296100737],[-79.66726231500043,41.05507208371965],[-79.66665661334369,41.057163306654594],[-79.65721190341458,41.06405884725977],[-79.6555921816685,41.06786117320001],[-79.65839355811907,41.07245043871547],[-79.66441655279165,41.077621742921],[-79.67525650266386,41.08350917083534],[-79.67919243065704,41.090458445330384],[-79.681117831128,41.10153701519385],[-79.68056189344306,41.10531098334672],[-79.68150218071222,41.106281385777045],[-79.6793822994738,41.11540900059449],[-79.67995209277368,41.125191607394555],[-79.67878458563658,41.13295097634933],[-79.68000695827799,41.13749272127239],[-79.68689140946023,41.145122036113534],[-79.68609037004329,41.14906426728441],[-79.68012269991414,41.15613824784184],[-79.67971844276491,41.15963215081681],[-79.68128293698564,41.16261166665802],[-79.69032139730224,41.170267969797685],[-79.6899176423113,40.9576692034799],[-79.69216009507693,40.82070090705901],[-79.69093289848246,40.787309355517365],[-79.69130948752093,40.74259267245206],[-79.69313870806936,40.66978410359148],[-79.69265370764745,40.66833066408825],[-79.67801577148383,40.671595406217804],[-79.67484306922401,40.67332998776119],[-79.66917279086124,40.6793623833493],[-79.66662684137854,40.67932632930153],[-79.65921595588023,40.676619285859154],[-79.65221768545653,40.67165503926685],[-79.6406734581982,40.667257683133776],[-79.63731455494292,40.66403916069383],[-79.63671815623927,40.65707282096299],[-79.63470505953534,40.65306972530113],[-79.62750220050062,40.64812168307805],[-79.6209203935342,40.64539568804837],[-79.61445097928458,40.64421104436872],[-79.61069206611477,40.641852792356964],[-79.60876028580867,40.63722453342565],[-79.60965818517282,40.62752477081279],[-79.60844032297246,40.625697190117606],[-79.60550261999097,40.62456482886189],[-79.59992005492917,40.625498361137744],[-79.5962060485404,40.628321623043504],[-79.59152790910329,40.634249043369124],[-79.58554659176833,40.63690738005833],[-79.5835768998623,40.63663080149781],[-79.58311537780867,40.63254945467806],[-79.58851680118669,40.62498860784291],[-79.58911311904195,40.61660122588506],[-79.58446415508864,40.61230984469504],[-79.58338433430306,40.61018237810607],[-79.58376594672058,40.60587665538532],[-79.58145176527613,40.60309071306248],[-79.57893412260633,40.60166393903116],[-79.57641810588723,40.60179027739886],[-79.57037859119659,40.606731762858125],[-79.56691564057353,40.608111029596905],[-79.55944571330316,40.6055233076318],[-79.55237598728851,40.60496965002515],[-79.5503167558065,40.603856739354676],[-79.55099278656684,40.60215127217573],[-79.56621345716033,40.59325149230196],[-79.57034416595826,40.58389538199673],[-79.56986609783542,40.5818274468098],[-79.56742330099847,40.57876652037965]]]}},{"type":"Feature","properties":{"NAME":"Beaver","FULLNAME":"Beaver County","STATE":"Pennsylvania","FIPS_STATE":"42","FIPS_COUNTY":"007","GEOID":"42007"},"geometry":{"type":"Polygon","coordinates":[[[-80.51895534669123,40.47779272386292],[-80.3607683385176,40.47751905476737],[-80.27553441647585,40.53830237792014],[-80.22714519315464,40.57409667050937],[-80.22400438288405,40.57523054882152],[-80.2240251330688,40.57729238897955],[-80.2206593397353,40.57988559957142],[-80.21868560271554,40.57962733455463],[-80.21915456102309,40.581912234107314],[-80.21477200953528,40.5807618900903],[-80.21227382527286,40.58208454692251],[-80.21113551517911,40.58499423562948],[-80.20795277783927,40.588068112190435],[-80.20409696250144,40.588615549807635],[-80.20215845291554,40.59092493330112],[-80.1983311069857,40.592805941436424],[-80.19489005549266,40.59676755711954],[-80.18677357028812,40.59609254680241],[-80.18434075732723,40.59686546198434],[-80.18486093667399,40.597942878719984],[-80.18874736300343,40.59982795711796],[-80.18390930817438,40.60123789227147],[-80.1848155465993,40.60330972524994],[-80.18052746823496,40.6073741266582],[-80.18024188212804,40.60946366428595],[-80.1779240400488,40.609516900767936],[-80.17372340369423,40.60769160919403],[-80.17010034004987,40.607827828363696],[-80.1694864727072,40.60630732655042],[-80.16692629480872,40.60672312605603],[-80.16593999942398,40.606016273950516],[-80.1604206056896,40.6095944172872],[-80.15487445922773,40.607985138964],[-80.1518987620013,40.60944253485407],[-80.15112109225649,40.61224387930002],[-80.14827576483228,40.611668345309454],[-80.14488420332488,40.61327250911382],[-80.15857488668266,40.85509359861308],[-80.51905295942663,40.851296146182804],[-80.51904401310473,40.63716441763759],[-80.51653182821977,40.638591163296454],[-80.5190440122064,40.6371644169559],[-80.51895534669123,40.47779272386292]],[[-80.41898168241471,40.71592263742289],[-80.41797307609927,40.69205324713953],[-80.41898168331043,40.71592263736156],[-80.41898168241471,40.71592263742289]],[[-80.50932316285389,40.64205862143635],[-80.50812425559472,40.64243388559467],[-80.51031958758571,40.64165585489157],[-80.50932316285389,40.64205862143635]],[[-80.50226575723335,40.640998615651114],[-80.50189139246193,40.639055463480176],[-80.50189139332184,40.63905546328094],[-80.50226575723335,40.640998615651114]],[[-80.50161549015537,40.63911938855927],[-80.50138968693061,40.637958799640536],[-80.50182685775083,40.63907041566586],[-80.50161549015537,40.63911938855927]],[[-80.49035640972778,40.64585899423909],[-80.49356932776622,40.64586160339193],[-80.49593431253325,40.63744943253902],[-80.4979681513371,40.63700779403356],[-80.49593431343158,40.63744943253902],[-80.49356932776622,40.64586160407354],[-80.49035640972778,40.64585899423909]],[[-80.48680976666297,40.64584349336074],[-80.48368625524982,40.645205895806114],[-80.49035640972778,40.64585899423909],[-80.48680976666297,40.64584349336074]],[[-80.46943625731235,40.63775408715686],[-80.46908547537907,40.63735655168785],[-80.46908547520296,40.63735655047022],[-80.46943625731235,40.63775408715686]],[[-80.46962386609545,40.640036686862146],[-80.4692323488536,40.63838437027222],[-80.46916088733586,40.63788411808841],[-80.46962386609545,40.640036686862146]],[[-80.47045533594265,40.64114625535437],[-80.47156423249903,40.64253325700375],[-80.47225425721487,40.6431470723108],[-80.47156423160074,40.64253325700375],[-80.47045533594265,40.64114625535437]],[[-80.47310950986827,40.64374582495907],[-80.47225425721487,40.6431470723108],[-80.47310950995922,40.64374582434116],[-80.47310950986827,40.64374582495907]],[[-80.4724195904959,40.648430383095295],[-80.47305117563822,40.64414217686863],[-80.47299283766843,40.644538554187754],[-80.47284454557796,40.645545593888585],[-80.47251424492944,40.647789609962054],[-80.4724195904959,40.648430383095295]],[[-80.47231182574984,40.649164642306395],[-80.47292135333136,40.64992044655683],[-80.47231182485153,40.649164642306395],[-80.47231182574984,40.649164642306395]],[[-80.47360875047498,40.650772640964654],[-80.47356836703081,40.65077440343043],[-80.47292135333136,40.64992044655683],[-80.47360875047498,40.650772640964654]],[[-80.46477661611115,40.65166671316482],[-80.46074627787655,40.6516287385618],[-80.46184540615255,40.645606787235344],[-80.46074627877488,40.6516287385618],[-80.46477661611115,40.65166671316482]],[[-80.41759313851374,40.683122999628026],[-80.41792989005206,40.691033134340806],[-80.41759313761543,40.683122999628026],[-80.43376385208036,40.6828775726538],[-80.41759313851374,40.683122999628026]]]}},{"type":"Feature","properties":{"NAME":"Bedford","FULLNAME":"Bedford County","STATE":"Pennsylvania","FIPS_STATE":"42","FIPS_COUNTY":"009","GEOID":"42009"},"geometry":{"type":"Polygon","coordinates":[[[-78.38119720025908,39.7225369346699],[-78.37475308166952,39.72744116884028],[-78.3556383688296,39.75012322388561],[-78.34354611265408,39.76213378217318],[-78.33957650322765,39.768775574699056],[-78.32545947404613,39.785386702837016],[-78.31916281840205,39.79757798215567],[-78.29994763887906,39.82460108274462],[-78.28630529925661,39.85587699029495],[-78.26883814246185,39.90009767552895],[-78.2503720689526,39.93510232624881],[-78.24621040151503,39.94222739120331],[-78.23901305005134,39.95130274103719],[-78.23600458318167,39.96111811027336],[-78.22945972212626,39.9760134155066],[-78.21982231189058,39.99267520472433],[-78.20074207549295,40.01307127079275],[-78.20381373704625,40.01796554987786],[-78.20264671859266,40.02904655275524],[-78.2051892329177,40.03297739282613],[-78.20562722450077,40.03546567733705],[-78.20412850851842,40.042401475272584],[-78.20072352348572,40.045175314956154],[-78.19732450685976,40.04621508995105],[-78.18803511654158,40.04723665532095],[-78.18451468362181,40.05035124358475],[-78.18130328553283,40.058998261453645],[-78.18468236405106,40.06005078029175],[-78.18693130804294,40.06398742377823],[-78.19064065756527,40.066636284475884],[-78.19807217736567,40.06728206469204],[-78.20282692153697,40.069215097473275],[-78.20484095248878,40.072809983542335],[-78.203520086763,40.07916783646643],[-78.20370131558337,40.08303224188848],[-78.20464092462448,40.08551493975933],[-78.20653191333184,40.08640153058247],[-78.18840887588688,40.10172663002423],[-78.15890398077289,40.12245788968645],[-78.13485065389438,40.16525983108415],[-78.23630241422423,40.22455869965557],[-78.25728755782623,40.29782329665276],[-78.25981278317535,40.2946236465074],[-78.2739871437366,40.266727671236175],[-78.28526959024305,40.25201308608349],[-78.28964447730486,40.23904043101842],[-78.32741836371089,40.25917534897831],[-78.3987191210485,40.28609708090457],[-78.43431309360231,40.30255733568659],[-78.44136632654836,40.2813545928722],[-78.44239549492833,40.27559148381496],[-78.4428810271529,40.26061737018931],[-78.44786747558204,40.24450134813577],[-78.48033255132256,40.26576157120519],[-78.48995523278083,40.27487215817979],[-78.50722567918962,40.2876745062667],[-78.5307863681697,40.2933199636106],[-78.61945649529353,40.3257563616791],[-78.62527263041405,40.31418605931644],[-78.63640072928668,40.305498434473506],[-78.64270709571899,40.2830713165754],[-78.65174319616133,40.28152437713602],[-78.64381629051606,40.25914030808103],[-78.65830575402784,40.24323594777021],[-78.66172493873026,40.23056136547852],[-78.67680412736145,40.21109358522673],[-78.70753244524741,40.142555534776825],[-78.71934284062948,40.11062076567144],[-78.73732015606399,40.071716585371185],[-78.75231442425644,40.07614506258458],[-78.7636962594676,40.06054012412809],[-78.75998690275875,39.95209782289001],[-78.75774627447146,39.82365217693199],[-78.76702643909167,39.79556127095389],[-78.77168504645957,39.78916472436193],[-78.7929036505258,39.74843176917079],[-78.80339318647032,39.7325008838786],[-78.80828779294144,39.72296972489097],[-78.38119720025908,39.7225369346699]]]}},{"type":"Feature","properties":{"NAME":"Berks","FULLNAME":"Berks County","STATE":"Pennsylvania","FIPS_STATE":"42","FIPS_COUNTY":"011","GEOID":"42011"},"geometry":{"type":"Polygon","coordinates":[[[-75.87315879736629,40.137145505749594],[-75.76831201432022,40.2036054498167],[-75.69595455703579,40.242358519059245],[-75.52937924063917,40.44680816798128],[-75.82255771879632,40.63189971857137],[-75.89191633825261,40.67717734734825],[-75.99321899710993,40.63960157601518],[-76.01223438682213,40.57767367573384],[-76.0159947256183,40.57666842577707],[-76.01755068135225,40.57402260635791],[-76.02156410520837,40.57382563240744],[-76.02647742358687,40.578600454873396],[-76.03346643956651,40.57724736761945],[-76.03570407826055,40.57848451436895],[-76.0396074189685,40.583297910186076],[-76.04447097607014,40.58387677214294],[-76.04700250310097,40.582854986484826],[-76.04786366406495,40.578631248359194],[-76.05001805228832,40.57585746960734],[-76.05298326437877,40.57404195382235],[-76.05445517912462,40.57399026527264],[-76.05780405987625,40.57599986304602],[-76.05793021388487,40.579590437229086],[-76.06555886538109,40.57962330027516],[-76.07957473078689,40.56609830844749],[-76.09920753618715,40.563138320925596],[-76.11728199902974,40.55863909972423],[-76.15517215707793,40.54530523580283],[-76.17162901280864,40.534917483954615],[-76.1854895765698,40.535565392340104],[-76.19653251964507,40.53123968228473],[-76.21803931942416,40.52903802516605],[-76.23127169759533,40.52423487473529],[-76.2343417197232,40.52207294434561],[-76.25586748203962,40.517041525306404],[-76.27696236204014,40.51675023455779],[-76.30119465128955,40.51471977295274],[-76.31338684953198,40.51597399687402],[-76.31956493833835,40.514780661307036],[-76.33698651192066,40.515639552249205],[-76.3514211359793,40.51154461694037],[-76.3702574222851,40.50927763445703],[-76.37676006252215,40.50648320738479],[-76.3862456457967,40.50517993710109],[-76.41435306416257,40.49646001425521],[-76.42154561143612,40.495318491320035],[-76.44005803442077,40.49584542992554],[-76.23164430530046,40.366121680245016],[-76.20545624264201,40.36064185485565],[-76.15175933244774,40.315830078678225],[-75.87315879736629,40.137145505749594]]]}},{"type":"Feature","properties":{"NAME":"Blair","FULLNAME":"Blair County","STATE":"Pennsylvania","FIPS_STATE":"42","FIPS_COUNTY":"013","GEOID":"42013"},"geometry":{"type":"Polygon","coordinates":[[[-78.43431309360231,40.30255733568659],[-78.3987191210485,40.28609708090457],[-78.32741836371089,40.25917534897831],[-78.28964447730486,40.23904043101842],[-78.28526959024305,40.25201308608349],[-78.2739871437366,40.266727671236175],[-78.24859172573876,40.31469727651069],[-78.23522887715404,40.334544528059624],[-78.21417218273965,40.356332481074496],[-78.20397904592313,40.37509518360675],[-78.19502718409822,40.385841912130054],[-78.1847518900608,40.401614851444975],[-78.17853230178325,40.40796093829231],[-78.15565108500935,40.43815787407639],[-78.1351478776758,40.471567728575614],[-78.12966171082715,40.485024758464185],[-78.13001399414897,40.4929682582714],[-78.13173928051734,40.49682408567102],[-78.1346874030578,40.49875569243747],[-78.13678636882142,40.49854246337912],[-78.15205785800885,40.48714913067199],[-78.15385637414087,40.489242109843815],[-78.15397714993587,40.49248651208317],[-78.14711370675485,40.53353297313692],[-78.13229321136592,40.56448287858462],[-78.12850684657934,40.56787610965733],[-78.1331892664888,40.5703899861538],[-78.13566146428667,40.56952905039631],[-78.14020959234934,40.55788327061142],[-78.14521509943556,40.553619538088334],[-78.14519416509619,40.548853732380245],[-78.14644651451862,40.54737374199094],[-78.14979248023714,40.546137940300895],[-78.14952304224578,40.54179930135141],[-78.15556897000924,40.54046102951504],[-78.1579831168768,40.537827659407846],[-78.16285272862349,40.536654079349766],[-78.1660131715746,40.53158706253668],[-78.17362459338369,40.5349290227502],[-78.1768967481286,40.53469860079832],[-78.17842176588415,40.53798629251941],[-78.18010698289929,40.53872414161746],[-78.18280960305911,40.54257669946745],[-78.18543176920379,40.543710341750284],[-78.18683050538998,40.545980342907875],[-78.1863656308237,40.547728407919855],[-78.18893656784435,40.55137248009278],[-78.19703311134789,40.558603572861465],[-78.17814154990602,40.58439353852732],[-78.17780250236159,40.58774159362101],[-78.17899697063531,40.59243537690011],[-78.18149975876355,40.59477236818889],[-78.1842053119228,40.595306735527124],[-78.1716645430956,40.612260790047934],[-78.16972892338995,40.61343088161561],[-78.16629126932531,40.618031992564035],[-78.16992201895523,40.621210034080484],[-78.17329169750232,40.628178012917886],[-78.17916917228538,40.62702419077789],[-78.18447947864581,40.63115896366191],[-78.18921681616185,40.632846534083505],[-78.19107002083005,40.638037162521194],[-78.19705050363011,40.638843721692],[-78.19602111426455,40.64234665620605],[-78.19860926480268,40.64865806517769],[-78.20732674539018,40.6561529749519],[-78.2230475709844,40.67765319170798],[-78.20876627137848,40.692286990200834],[-78.20133395746736,40.698441173013386],[-78.20003298493356,40.69896260246057],[-78.19744093480877,40.69661244908703],[-78.19559802483374,40.69714448216969],[-78.18259691164424,40.70594370075944],[-78.17004321246684,40.712619130647006],[-78.16410130691835,40.71345447419561],[-78.16135739659481,40.71173576470802],[-78.15674474793515,40.71294608870644],[-78.15553611861928,40.714083086449214],[-78.15587041856743,40.71766357863205],[-78.13894609483425,40.72422069115417],[-78.11589521864252,40.73925548123848],[-78.13217843272376,40.74366412390931],[-78.34000831979145,40.7335348388625],[-78.36304777120938,40.73315796990245],[-78.34881804029064,40.72326089875698],[-78.40850632895108,40.644332727984434],[-78.41645066550612,40.64513993699672],[-78.41968218675578,40.64687831733494],[-78.42357772829043,40.64750798985768],[-78.4288654438181,40.646727803103744],[-78.43245805816757,40.64771934068139],[-78.43879874204036,40.6456822947818],[-78.442072850621,40.64130893723842],[-78.44015354521926,40.63856756492797],[-78.44101042571089,40.631589696843506],[-78.44632351505209,40.624151617425575],[-78.44120811256558,40.59723985511289],[-78.44934429333273,40.59029805685537],[-78.45385058685261,40.581249258925524],[-78.47903708995301,40.54730552137822],[-78.48613371062896,40.54081024544196],[-78.49391700620305,40.54039833560706],[-78.49756161593947,40.53916311520789],[-78.51821115523956,40.528802024355265],[-78.52266319410955,40.523258368386244],[-78.5303846155235,40.51914461498726],[-78.53980852675883,40.5063089172852],[-78.54122315953228,40.497970234252236],[-78.54471150193515,40.48648796578016],[-78.54439215174997,40.48298169435862],[-78.54098832015407,40.477677541551046],[-78.5404707881425,40.475048096985105],[-78.54245402394807,40.468592162562544],[-78.54431731939187,40.46558851087289],[-78.54847425899608,40.46182536482875],[-78.55772104491528,40.441563471258206],[-78.55288947143102,40.43478312807787],[-78.56146648515247,40.36967039776102],[-78.60223605989323,40.35362947550407],[-78.60887513895057,40.34348278338816],[-78.61593828121252,40.33012331977172],[-78.61945649529353,40.3257563616791],[-78.5307863681697,40.2933199636106],[-78.50722567918962,40.2876745062667],[-78.48995523278083,40.27487215817979],[-78.48033255132256,40.26576157120519],[-78.44786747558204,40.24450134813577],[-78.44378467124328,40.25634668364694],[-78.44239549492833,40.27559148381496],[-78.43431309360231,40.30255733568659]]]}},{"type":"Feature","properties":{"NAME":"Bradford","FULLNAME":"Bradford County","STATE":"Pennsylvania","FIPS_STATE":"42","FIPS_COUNTY":"015","GEOID":"42015"},"geometry":{"type":"Polygon","coordinates":[[[-76.79280596310939,41.587831123654375],[-76.22007475004268,41.54128639635945],[-76.20876418536953,41.59169468605406],[-76.19800281113523,41.647821171704365],[-76.11517215826129,41.65182516205649],[-76.1208669884791,41.726890167309],[-76.12461573810977,41.76690875514176],[-76.12589926805572,41.77061354856174],[-76.12561066720271,41.78031416759856],[-76.14568980863672,41.998858739535315],[-76.42294604184494,41.99861154103824],[-76.77224989351463,42.00181381091017],[-76.92688198873294,42.00157694106119],[-76.91680526369579,41.93424768795838],[-76.90774090674617,41.86379392884005],[-76.89907856564913,41.80801226264282],[-76.89861566557987,41.79452725408287],[-76.88126814731295,41.64843814367805],[-76.87871637944214,41.620460032401006],[-76.87468647958542,41.5966795377168],[-76.79280596310939,41.587831123654375]]]}},{"type":"Feature","properties":{"NAME":"Bucks","FULLNAME":"Bucks County","STATE":"Pennsylvania","FIPS_STATE":"42","FIPS_COUNTY":"017","GEOID":"42017"},"geometry":{"type":"Polygon","coordinates":[[[-74.99794374647344,40.12783097552579],[-74.99390589562813,40.13197541124288],[-74.99274162062942,40.130512047570114],[-74.99454047991787,40.12627243855631],[-74.9891071681439,40.1261449440984],[-74.98828957277627,40.12406128954111],[-74.98645839659545,40.123063504481],[-74.9833180345842,40.12358256011598],[-74.98224453614158,40.1217322116003],[-74.98309848543045,40.120709387372294],[-74.98252309203309,40.11999212004808],[-74.97922112310222,40.11931362736339],[-74.97590365643606,40.12044452740419],[-74.97264453265267,40.11978357958144],[-74.96923041265183,40.116817056032296],[-74.96457061501619,40.118503179345865],[-74.96318005080414,40.11670100596926],[-74.96308338040146,40.11464433764719],[-74.96416536433026,40.113460599814296],[-74.96368596939574,40.10984427893425],[-74.96561960472289,40.10808471285097],[-74.96325995055875,40.10680861670847],[-74.96392932120956,40.1055761938261],[-74.96101611887916,40.103246925911904],[-74.96178102176718,40.0978110271783],[-74.95573784195018,40.09507457419054],[-74.95797040067127,40.090499474879074],[-74.95757262935841,40.08717069879281],[-74.95900540899893,40.08239881022205],[-74.963551426919,40.077018370974145],[-74.97127127717951,40.07585115895743],[-74.9710399582989,40.07383409716711],[-74.97244327679135,40.07223771700517],[-74.98092917529188,40.06597576741813],[-74.98046150516842,40.06008711560009],[-74.9851759527127,40.05715586761587],[-74.98329105098969,40.054267010059014],[-74.97966013696809,40.05350015530491],[-74.97339069219228,40.049109307990335],[-74.9583407149775,40.05671813587667],[-74.94903345806662,40.06033902832129],[-74.94426381713298,40.063703437914384],[-74.92825042013217,40.07053154245963],[-74.92241108781609,40.071625138386025],[-74.91480151473985,40.070125162217685],[-74.90715071528028,40.071058315297826],[-74.8917596693117,40.075351562704526],[-74.87910922427315,40.080043820403695],[-74.86106532930305,40.083776836488894],[-74.8573567208908,40.09060261182186],[-74.85473577286167,40.09302291318624],[-74.8410985221953,40.09885906864953],[-74.83723099641944,40.10150112614011],[-74.82840134859231,40.12113512001651],[-74.82602873533187,40.12465804769882],[-74.82244895880612,40.12718132839814],[-74.81537304699242,40.12772110540073],[-74.79982344208796,40.12292372138564],[-74.78607402508028,40.12094669977432],[-74.78125144463033,40.12227665000426],[-74.75979900640066,40.134031707791586],[-74.75398277516041,40.13504321936968],[-74.74604157282737,40.13403003406783],[-74.74166373030826,40.134872112464414],[-74.72429066664962,40.14721037035196],[-74.72217818213926,40.15104698924592],[-74.72130601681307,40.15720873053398],[-74.72379994395936,40.16352183094237],[-74.73111747563505,40.172078387602156],[-74.73911057633698,40.179051088370215],[-74.75084125701737,40.18337347654725],[-74.755624967365,40.18662976925914],[-74.76072129412644,40.19909467359536],[-74.76722869094291,40.20703518460386],[-74.77095025395985,40.21451311922944],[-74.77424278968194,40.21722121664275],[-74.79280513294523,40.22834106619439],[-74.80744776011127,40.23416106223785],[-74.81561614098976,40.236387293200956],[-74.82397377893231,40.241619982358614],[-74.83761854041278,40.246935043472995],[-74.84213923123173,40.25014240272997],[-74.84883096324282,40.26357838413679],[-74.85322265329204,40.269290203779754],[-74.86038464526952,40.285099364540415],[-74.86589147336974,40.292725031862425],[-74.87168623307807,40.29848687282515],[-74.89332470521653,40.3139323805559],[-74.89786297786223,40.31545314698986],[-74.90689640671494,40.31640068165499],[-74.91474134558213,40.320009753948895],[-74.92377532689872,40.327334347916775],[-74.93993161621682,40.33771996476868],[-74.94501844239583,40.34627111934043],[-74.94621808766054,40.3578692856436],[-74.94907477517981,40.365614641693064],[-74.95503473866214,40.378417227448224],[-74.96163965838248,40.389226023182964],[-74.96376120689405,40.39497568350682],[-74.96607224154008,40.39776354539379],[-74.96925878055019,40.39968940348443],[-74.98051146137969,40.40347024250551],[-74.98879600340759,40.40863960916425],[-74.99605885463191,40.410581301107676],[-74.99976875302487,40.409914595890065],[-75.00380828192316,40.40763886026656],[-75.02304552406952,40.403982355116455],[-75.02819288412225,40.40401328150861],[-75.03904307389038,40.40859231712432],[-75.04613027752723,40.413984002299195],[-75.05603621755749,40.416443087492986],[-75.05864243591093,40.41849336296037],[-75.0620888189052,40.42516160259821],[-75.0622939887262,40.4306122211777],[-75.0646222916869,40.4371497670449],[-75.06620973067663,40.44616424903099],[-75.07089559472686,40.45646362615389],[-75.06701681934871,40.465815815358724],[-75.06819760089077,40.473539733731855],[-75.06454482636671,40.47671372779779],[-75.06349204127791,40.47884687011622],[-75.06200929644298,40.48835884850233],[-75.06327015291116,40.49892617887972],[-75.06509299092949,40.5038016137586],[-75.06583178787704,40.518817272556134],[-75.06509051247762,40.52641927308096],[-75.06739761609596,40.539594545711005],[-75.06897949541236,40.54252453197256],[-75.07774374768346,40.54760702071176],[-75.09960312363513,40.567232047287476],[-75.11755782757562,40.57349392815993],[-75.1365276466518,40.575699698581545],[-75.1452677324451,40.57385784256462],[-75.15717901312516,40.565976220265995],[-75.16133133898207,40.564264481026655],[-75.17354500516319,40.56467941530469],[-75.18421099628064,40.56802783608565],[-75.18886702638198,40.570934124577384],[-75.194227654568,40.5761944875505],[-75.19551855698748,40.57863238572499],[-75.19511352279555,40.58130452166312],[-75.19076181226805,40.586318650725076],[-75.18943002392675,40.59030064634984],[-75.19190326916024,40.597852325602204],[-75.19216644409745,40.602827027484906],[-75.19656708675677,40.608666852370895],[-75.25633394297026,40.582822971686475],[-75.2663656156993,40.57758000847011],[-75.3088106697175,40.55257268379504],[-75.40973453147737,40.48798494695322],[-75.48406599976775,40.418570554185976],[-75.43262871902566,40.388666319862956],[-75.42236598613083,40.38152151208113],[-75.29462344348475,40.30455249239487],[-75.21209843250476,40.256282371317695],[-75.12689663331928,40.2041784216304],[-74.99794374647344,40.12783097552579]]]}},{"type":"Feature","properties":{"NAME":"Butler","FULLNAME":"Butler County","STATE":"Pennsylvania","FIPS_STATE":"42","FIPS_COUNTY":"019","GEOID":"42019"},"geometry":{"type":"Polygon","coordinates":[[[-79.98959401670245,40.67358267113203],[-79.95781990531556,40.672087261451786],[-79.9146190636145,40.673258394328705],[-79.87542567646452,40.67220865781002],[-79.8515648648396,40.67261572739579],[-79.82848194214846,40.67104368147651],[-79.81195807838577,40.67221043198735],[-79.73190117158092,40.66921218680191],[-79.71455250526706,40.670078308904905],[-79.69313870806936,40.66978410359148],[-79.69130948752093,40.74259267245206],[-79.69093289848246,40.787309355517365],[-79.69216009507693,40.82070090705901],[-79.6899176423113,40.9576692034799],[-79.69032139730224,41.170267969797685],[-79.69148973178773,41.17141559019735],[-79.6952883675611,41.172946634563345],[-79.99985144684217,41.17192455992564],[-80.16647183441154,41.00092758102704],[-80.14837339014412,40.674024682817155],[-79.98959401670245,40.67358267113203]]]}},{"type":"Feature","properties":{"NAME":"Cambria","FULLNAME":"Cambria County","STATE":"Pennsylvania","FIPS_STATE":"42","FIPS_COUNTY":"021","GEOID":"42021"},"geometry":{"type":"Polygon","coordinates":[[[-78.65830575402784,40.24323594777021],[-78.64381629051606,40.25914030808103],[-78.65174319616133,40.28152437713602],[-78.64270709571899,40.2830713165754],[-78.63640072928668,40.305498434473506],[-78.62527263041405,40.31418605931644],[-78.61945649529353,40.3257563616791],[-78.61593828121252,40.33012331977172],[-78.60887513895057,40.34348278338816],[-78.60223605989323,40.35362947550407],[-78.56146648515247,40.36967039776102],[-78.55288947143102,40.43478312807787],[-78.55772104491528,40.441563471258206],[-78.54847425899608,40.46182536482875],[-78.54431731939187,40.46558851087289],[-78.54245402394807,40.468592162562544],[-78.5404707881425,40.475048096985105],[-78.54098832015407,40.477677541551046],[-78.54439215174997,40.48298169435862],[-78.54471150193515,40.48648796578016],[-78.54122315953228,40.497970234252236],[-78.53980852675883,40.5063089172852],[-78.5303846155235,40.51914461498726],[-78.52266319410955,40.523258368386244],[-78.51821115523956,40.528802024355265],[-78.49756161593947,40.53916311520789],[-78.49391700620305,40.54039833560706],[-78.48613371062896,40.54081024544196],[-78.47903708995301,40.54730552137822],[-78.45385058685261,40.581249258925524],[-78.44934429333273,40.59029805685537],[-78.44120811256558,40.59723985511289],[-78.44632351505209,40.624151617425575],[-78.44101042571089,40.631589696843506],[-78.44015354521926,40.63856756492797],[-78.44212323802361,40.64111682668741],[-78.43964987960238,40.644810024735506],[-78.43693062084687,40.64665255438075],[-78.43245805816757,40.64771934068139],[-78.4288654438181,40.646727803103744],[-78.42357772829043,40.64750798985768],[-78.41968218675578,40.64687831733494],[-78.41645066550612,40.64513993699672],[-78.40850632895108,40.644332727984434],[-78.34881804029064,40.72326089875698],[-78.40491003779714,40.72530578530335],[-78.52986220206664,40.72591934800835],[-78.56902333790129,40.7256421956581],[-78.63532836182301,40.72307816682891],[-78.69199644353131,40.72433680012465],[-78.8022885676913,40.72462263596552],[-78.79922338478785,40.71709150892218],[-78.80886224580271,40.721062345169514],[-78.85968641738023,40.60704413008717],[-78.92192302168581,40.483512216475546],[-78.9734223499629,40.39639052690945],[-78.97523036488074,40.39192774500356],[-78.99817112917817,40.35616915869986],[-79.00607897616639,40.35120367806011],[-79.00938366519595,40.34478758078087],[-79.00993356799881,40.34047750599795],[-79.01536828833115,40.33918716045594],[-79.02001928337533,40.33560575049143],[-79.02465797689001,40.32691179044314],[-79.03044981617535,40.3220234995302],[-79.03120475405191,40.31810034518935],[-79.03694223268614,40.31406216338866],[-79.0363726828297,40.31074687910697],[-79.03729555356212,40.30725920220508],[-79.03984402102256,40.305269275747975],[-79.04134557927446,40.30229039848065],[-79.04504762549355,40.29964791693135],[-79.04624873680882,40.29671042904611],[-79.05163553741063,40.29009261754203],[-79.05512103754393,40.28917857632206],[-79.05634723611011,40.284857385119054],[-78.98175334746739,40.285439510011614],[-78.92710962554007,40.28473346554837],[-78.92745396236488,40.281906756463535],[-78.92479441911786,40.27848839333623],[-78.90337444420594,40.275170485969916],[-78.89623059729888,40.27158866712041],[-78.89440995386478,40.268504929107145],[-78.89717752671122,40.26352649284026],[-78.89402894960669,40.26108376270025],[-78.89105630934716,40.249996177921815],[-78.88466943050922,40.24457578061742],[-78.88080120135247,40.245139316728036],[-78.87984499144493,40.247227697297085],[-78.86902576390969,40.24903193631255],[-78.86444782076272,40.24440292157319],[-78.86114350812728,40.24550451321408],[-78.86006311152158,40.24289915152288],[-78.8588078785071,40.242526554630984],[-78.85116416226354,40.24598015528104],[-78.84795534233943,40.244920519609344],[-78.65830575402784,40.24323594777021]]]}},{"type":"Feature","properties":{"NAME":"Cameron","FULLNAME":"Cameron County","STATE":"Pennsylvania","FIPS_STATE":"42","FIPS_COUNTY":"023","GEOID":"42023"},"geometry":{"type":"Polygon","coordinates":[[[-78.09336993774039,41.21717731722214],[-78.04132382111956,41.29106458974548],[-77.98906680073127,41.36738981631585],[-77.98919638540593,41.47504505516368],[-78.05065014477233,41.47548529254351],[-78.20349121401146,41.61820244382428],[-78.41934966726853,41.61691833077916],[-78.41836914535612,41.5439231059522],[-78.42030172426453,41.543937755607345],[-78.42031786878681,41.4851355616417],[-78.42115875118155,41.47384245167741],[-78.42021603217293,41.473773939167764],[-78.42002863821477,41.40502379319093],[-78.25366869650078,41.40478343507511],[-78.25416881916219,41.323546797701205],[-78.23467632342279,41.32341251751471],[-78.23458762197498,41.299169930683846],[-78.23683233130865,41.229895884803526],[-78.09336993774039,41.21717731722214]]]}},{"type":"Feature","properties":{"NAME":"Carbon","FULLNAME":"Carbon County","STATE":"Pennsylvania","FIPS_STATE":"42","FIPS_COUNTY":"025","GEOID":"42025"},"geometry":{"type":"Polygon","coordinates":[[[-75.75780866228666,40.73541528741378],[-75.74485795626269,40.740261263992494],[-75.7435470330905,40.74349855213807],[-75.73930343031586,40.74410903755631],[-75.73218489434024,40.751676753934944],[-75.7286051771033,40.75386904327985],[-75.70242311878421,40.76219385909938],[-75.70237013345381,40.76321353905396],[-75.69462291961143,40.770136625696175],[-75.68985323016877,40.77162398554218],[-75.67681902843411,40.774925899007066],[-75.60429413955374,40.78796103213514],[-75.59946740709054,40.78989044212628],[-75.59412412267771,40.79390712491795],[-75.57929782776529,40.79896274704129],[-75.56024816463004,40.80118000569336],[-75.54243037471862,40.80675337543436],[-75.49873718168172,40.8105290653671],[-75.47250626579097,40.81500381063552],[-75.52485135790805,40.88851621819408],[-75.57512282304072,40.95228164445941],[-75.49774947863696,40.98756445637854],[-75.56264997673046,41.049817463511395],[-75.56977498506771,41.050049953957796],[-75.56934628565791,41.05089286965821],[-75.57053602789496,41.05163494171187],[-75.56962122044051,41.052497118032754],[-75.57054376059291,41.0538909510692],[-75.56847877989311,41.055191270850784],[-75.56882836108257,41.05657094094356],[-75.5714499496105,41.0577820784659],[-75.57098115838959,41.05903093549849],[-75.57480713798188,41.06255384327069],[-75.57464886021872,41.063947229546464],[-75.57636240470801,41.065339825020615],[-75.57684987459862,41.06789381009093],[-75.57882154728988,41.06857716011117],[-75.58108561352124,41.06763518045351],[-75.58315748340097,41.070137850919494],[-75.58307165476546,41.072926680735726],[-75.59202382022093,41.078285723211486],[-75.59394929345541,41.08063727600503],[-75.59653325514937,41.08082057606899],[-75.60053556594711,41.084385538394386],[-75.60551621485277,41.08479133170472],[-75.60618094570515,41.08600515004694],[-75.60412700080862,41.09357566580077],[-75.6062727247811,41.094474736839686],[-75.61330752429751,41.09440910422531],[-75.61541519653288,41.104448673708724],[-75.62043985570095,41.10655808062872],[-75.62035500982238,41.109358281851684],[-75.62485147487473,41.111475700263895],[-75.62593529316335,41.11089663554874],[-75.62733210695481,41.10734923526422],[-75.62905622641165,41.10690840861052],[-75.63271160964328,41.10834479525284],[-75.63394014742246,41.111995850019674],[-75.63652321169944,41.11314673279862],[-75.64634772663575,41.113120452571856],[-75.64706516434079,41.11385497857852],[-75.64562449659378,41.11794394121712],[-75.64724363623155,41.121353752188405],[-75.64900890840984,41.12227804417244],[-75.65486395585353,41.116458306407715],[-75.65688742450573,41.1160845738317],[-75.65819074254074,41.11881960104887],[-75.65643519462539,41.12277620414807],[-75.65700930073695,41.12421326406769],[-75.66130091487024,41.129125968256886],[-75.66517647517801,41.130373188281006],[-75.66669437109002,41.13375816404334],[-75.6739432660881,41.132615549433396],[-75.67962847894246,41.13289641345144],[-75.68516046885377,41.12982604520502],[-75.6902392802638,41.13117206636866],[-75.69637684427107,41.12963715283884],[-75.70097302052336,41.126691314659965],[-75.70399284299653,41.121639796617664],[-75.70554447334239,41.12140607730878],[-75.70767903125588,41.12259260294154],[-75.70971850608983,41.12199957559511],[-75.70831610298065,41.11796898240971],[-75.70876436140912,41.115979640294576],[-75.71539418602241,41.11882482347833],[-75.71813042114016,41.118385825298674],[-75.72102323261196,41.11285892821028],[-75.72504929486578,41.109227339374605],[-75.72880810472934,41.10833128800295],[-75.7330964364186,41.102805504062914],[-75.73843094608775,41.10221446746205],[-75.74666643560954,41.10415361394076],[-75.75200317040563,41.10396206058369],[-75.7546230611177,41.102020887852525],[-75.75334612750088,41.09626233533652],[-75.75513504782903,41.0943820379543],[-75.76070047573016,41.0916132152784],[-75.7639603010978,41.09396605342119],[-75.76739738742718,41.09291531914426],[-75.7657326205595,41.08429431218368],[-75.77200931114639,41.076699700296466],[-75.77003980339498,41.069603943174755],[-75.76997368020353,41.06243527365369],[-75.77146728836522,41.06085649316801],[-75.7703600186578,41.05019929538852],[-75.76579160663599,41.04423756965318],[-75.76138370918244,41.041397174464215],[-75.76094325352054,41.03809750085781],[-75.75902831752431,41.03638801759392],[-75.75763921487125,41.03158069910498],[-75.7429311544199,41.03150702919122],[-75.74002431306002,41.02968907165819],[-75.73845216070148,41.02416073517951],[-75.7392791704133,41.02165255806276],[-75.73862228095506,41.017134994871455],[-75.73548774721334,41.01388390226571],[-75.73217467869883,41.00809746660437],[-75.80194519637416,40.98302043847792],[-75.81958147898746,40.98227602041964],[-75.8496355348959,40.97165681176551],[-75.84806116010536,40.966504709488234],[-75.99772249237772,40.91327460628263],[-75.88644831018617,40.8167357295699],[-75.75780866228666,40.73541528741378]]]}},{"type":"Feature","properties":{"NAME":"Centre","FULLNAME":"Centre County","STATE":"Pennsylvania","FIPS_STATE":"42","FIPS_COUNTY":"027","GEOID":"42027"},"geometry":{"type":"Polygon","coordinates":[[[-77.85921720748398,40.73081814712473],[-77.8248892432365,40.74352696985173],[-77.76855850227356,40.71947462108028],[-77.7186154917515,40.72735268943569],[-77.71054846598987,40.71456389860072],[-77.68386454856596,40.728713340178956],[-77.66199176256372,40.737741519151704],[-77.65257046991742,40.74492474511365],[-77.59335087276492,40.76124689536482],[-77.4923146730855,40.80138985587349],[-77.42960396043085,40.82754141163206],[-77.37525163311706,40.84515498290744],[-77.36417097427457,40.84693950656177],[-77.27922296083494,40.90971694138835],[-77.2030890364017,40.993707979817],[-77.14346139480276,41.04297100313418],[-77.14415924833628,41.04433993552686],[-77.16078324460874,41.03973594724218],[-77.33992904520385,40.98716672530973],[-77.39391161247195,40.97828482955395],[-77.44031217775654,40.97444163332126],[-77.50859418610776,40.96293747495536],[-77.58019398182368,41.047269900857934],[-77.5617497113247,41.057659240243126],[-77.56885592331295,41.06626130160135],[-77.57089062090621,41.066366711465335],[-77.57308417747264,41.06844612143698],[-77.57494869193025,41.06880508183988],[-77.58213114842825,41.067106770835046],[-77.5838501160469,41.07017469101637],[-77.58891634655139,41.071745027597665],[-77.59142474196364,41.07073932249898],[-77.59200794441576,41.074845926871255],[-77.59820238076367,41.079494962300245],[-77.60649652578194,41.08314154989018],[-77.60850096272654,41.0830647146475],[-77.61318231723406,41.086478982323015],[-77.62101048724983,41.089111424023514],[-77.62171401094945,41.091154812274986],[-77.62943767725328,41.093178259351724],[-77.62981025890726,41.09458805072018],[-77.63094071772541,41.094055320509916],[-77.6325974033488,41.095338539529806],[-77.63555733963355,41.095113487482294],[-77.63917559459617,41.09671117365267],[-77.6474700998389,41.0980988271741],[-77.65050877974652,41.09769037570997],[-77.65879229949161,41.10083639549649],[-77.66027669363338,41.10292772656533],[-77.66063654346483,41.10638126233934],[-77.66361340400955,41.10893035920913],[-77.66676749227835,41.10845118403886],[-77.67224155163362,41.105223877275726],[-77.67553075280937,41.105940707383375],[-77.67986590289459,41.10873307199742],[-77.68368245915956,41.109373070827],[-77.68722991609802,41.10722832936714],[-77.69191536602492,41.10642778304057],[-77.69578049958719,41.10766121093851],[-77.70664241686136,41.113961095163184],[-77.7093591612324,41.11141857398939],[-77.71186512490519,41.111011839217305],[-77.7137082917984,41.10622769146903],[-77.71636865430894,41.105101604895935],[-77.72032849904825,41.10546217847726],[-77.72473341679003,41.10735358816208],[-77.72551199832488,41.110136268127285],[-77.72874925801257,41.111482926662326],[-77.73334216349889,41.110295141629216],[-77.73748247977878,41.10776560274893],[-77.74343284027073,41.107699412146815],[-77.74667513860886,41.10626085080779],[-77.77799563581159,41.14661241267714],[-77.78956299379018,41.14212749773777],[-77.79000861027339,41.17714210381989],[-77.89766677251072,41.1769180340946],[-77.89826298256817,41.252802476636006],[-77.904559982267,41.24709360043757],[-77.91161185067213,41.24326007317634],[-77.92159881245284,41.22755562160875],[-77.92508275400911,41.22626366647121],[-77.93413692945332,41.22674027691012],[-77.93775729994844,41.22504603945956],[-77.9391890366449,41.2228050526288],[-77.93904253310015,41.21976346648343],[-77.9351729106564,41.21318032386478],[-77.93708541131988,41.21032872384151],[-77.93983080476195,41.20953581405003],[-77.94267904721924,41.21025241864101],[-77.94970993097935,41.213230137531866],[-77.95532711172231,41.21748171931331],[-77.95773134478242,41.217797149798685],[-77.96217643159044,41.2156321588462],[-77.96497600422393,41.2102869702545],[-77.97159065359712,41.20629525255102],[-77.97357605524084,41.20223065288948],[-77.97279173975956,41.19742765162279],[-77.97394245019747,41.19118551460061],[-77.97072630541052,41.17742517133315],[-77.971090865109,41.17455361478473],[-77.97455779257382,41.172315719022414],[-77.9835879874915,41.17078034570811],[-77.98563408380741,41.1676970469775],[-77.98629043876807,41.16408855360921],[-77.98904830531787,41.16197809180583],[-77.99650415868267,41.163628185523514],[-77.99938474318512,41.16283356302878],[-78.00211370015246,41.1584321380508],[-78.00061436972246,41.15232188554955],[-78.0007876933683,41.14869201916809],[-78.00382151339024,41.14444601565096],[-78.00664061180474,41.14327207963901],[-78.01061694871437,41.14370193705558],[-78.01317033175604,41.14748923291393],[-78.01437875984928,41.1519785748052],[-78.015819492275,41.15300166942021],[-78.01886042605567,41.153106085837344],[-78.02719272971059,41.150282461882256],[-78.03420274560662,41.15360465565218],[-78.03734301778636,41.153909226930196],[-78.03973820031997,41.152579313316394],[-78.04344044416843,41.146508460114774],[-78.05273273065508,41.145316725889224],[-78.05420612941776,41.14266510242777],[-78.05483601282364,41.13417732949588],[-78.05602603174177,41.131995017229066],[-78.0588440854156,41.13090903876299],[-78.06699592471645,41.132426470236716],[-78.06974465539984,41.131273423386865],[-78.0704319851698,41.128980790841474],[-78.06865852125443,41.12430764436708],[-78.07041720249349,41.121878145834465],[-78.07373245391415,41.12205481885146],[-78.07767212159386,41.12516731533357],[-78.08298908177561,41.12630481617291],[-78.08593047234133,41.124459285670625],[-78.08688250867607,41.11826110120406],[-78.08920186531488,41.116037945598016],[-78.09316485146273,41.11598902171834],[-78.09540042672656,41.12037037905219],[-78.10034499390053,41.1217833702242],[-78.10327283068524,41.12120174843141],[-78.11203747641842,41.11432460270648],[-78.1116951140906,41.1110606700206],[-78.10761371202197,41.10551028576116],[-78.10102740629263,41.09099779424429],[-78.09267126943492,41.079561955983486],[-78.09373307899907,41.075832554431734],[-78.0971841332328,41.07234890419004],[-78.0950917107977,41.07063713043986],[-78.0851827371567,41.068115401751314],[-78.0887948126085,41.06342663562478],[-78.09054538655211,41.05990359104241],[-78.09035967424016,41.05817121966255],[-78.08894990225072,41.05725313109019],[-78.08562897707073,41.05727032429388],[-78.07609142086709,41.059863635472574],[-78.07336747739735,41.05740947378877],[-78.07284946119383,41.05192203497153],[-78.07139552982164,41.04991799700034],[-78.06842952631547,41.05012712112356],[-78.06236290406281,41.05323029847674],[-78.0595849125557,41.05163867912484],[-78.0596969315733,41.05038890877872],[-78.0638792485843,41.04563247060845],[-78.0626209415349,41.043359991421305],[-78.05725842329352,41.0393507278184],[-78.05741516853084,41.037126544122465],[-78.06562031206401,41.03578042687971],[-78.0698480847267,41.03258547897301],[-78.0746888749258,41.0342974881988],[-78.07830213435712,41.03406402934954],[-78.07992505769887,41.03057120709243],[-78.07700775815245,41.026503782114126],[-78.07125323218908,41.02662414731699],[-78.0705762007055,41.02471454142544],[-78.07430383453713,41.02385624229841],[-78.07560293677852,41.02243201709909],[-78.06779024204013,41.01920361807754],[-78.06978728135837,41.015888367741866],[-78.06938304037885,41.01349462728623],[-78.06674814510659,41.01277306559255],[-78.06211587724114,41.01325421130792],[-78.06026616342612,41.01243366354662],[-78.0559560808289,41.00827272171755],[-78.05570482114564,41.004859561599005],[-78.05827146511753,41.003655293124375],[-78.06277319789073,41.004788553127526],[-78.06479059752488,41.00374176840532],[-78.06509158614567,41.000951857328694],[-78.0618177003472,40.99786677270389],[-78.06192300176312,40.995218858882495],[-78.06444626070007,40.99531609720045],[-78.06741269180434,40.997762266704264],[-78.07449967804885,40.99364462177676],[-78.07995509287039,40.99317539312665],[-78.0846248447377,40.99460474341123],[-78.08656644362988,40.99420495902946],[-78.08686338084873,40.99276866439055],[-78.08387249580579,40.98946033066334],[-78.08208900489521,40.98418498411101],[-78.08476027924152,40.98063708310309],[-78.09052240046063,40.980880532141455],[-78.09078109370287,40.979659998303035],[-78.08890101323802,40.9766460121217],[-78.09168358076319,40.972852692939284],[-78.0945934323776,40.97401580796795],[-78.09677859778095,40.97304026576015],[-78.09319106160777,40.97020048628855],[-78.08814738690175,40.970320563664046],[-78.08525210955452,40.96904828611729],[-78.07824014072105,40.9599497032448],[-78.07815835001274,40.956434598644094],[-78.0804808417719,40.95524483987908],[-78.09042728594002,40.95405537785936],[-78.0948713657366,40.9503353016355],[-78.09925609743563,40.95142625838432],[-78.10378864152476,40.949542076320306],[-78.10921179065792,40.950268915946666],[-78.11133356823989,40.945124479185374],[-78.12031608687047,40.941989990561545],[-78.12245906289652,40.943440229046345],[-78.12064163543113,40.9461615409845],[-78.12116647433925,40.94701610912789],[-78.13114023178359,40.94575164064574],[-78.13376802856847,40.94704239127945],[-78.13355770960426,40.948357595541815],[-78.13103012797416,40.949860753594216],[-78.13058510078578,40.95172133096469],[-78.13241277802855,40.9533941165065],[-78.13521637691116,40.95418097792709],[-78.13637637503079,40.95602116374241],[-78.13184417409812,40.95959283832252],[-78.13002147981022,40.962254247215284],[-78.13186025933159,40.9658047438575],[-78.13344234346388,40.96692624622346],[-78.13610561651596,40.96650791586695],[-78.13596438338699,40.962677625689984],[-78.1393431492915,40.95758475114844],[-78.13944675109491,40.95413290920399],[-78.14084586008192,40.95198740210537],[-78.14047890816984,40.95024227752106],[-78.14377943889794,40.948796336720726],[-78.14646399932731,40.948753369744814],[-78.14755529159906,40.949834946824],[-78.14685270843559,40.956586463039976],[-78.15160351349435,40.957366116343415],[-78.15939508614545,40.96115453192234],[-78.16568495681419,40.96159774801113],[-78.16846712728402,40.96045336648445],[-78.16963542583687,40.955600556670746],[-78.1689035441204,40.952692547724574],[-78.16765543025453,40.95193086730183],[-78.16272371887058,40.95468280592448],[-78.15953660943025,40.95441628566701],[-78.15954497633882,40.95094594371352],[-78.15573725410636,40.941521322054854],[-78.16237231589776,40.94201600396667],[-78.16451389324688,40.940720204196055],[-78.16332645878181,40.939342335402564],[-78.16660329644431,40.936671455630105],[-78.17183636116505,40.936374455698534],[-78.1715730721418,40.93235310712612],[-78.17487407538374,40.932002955711546],[-78.17761807553882,40.9297769341413],[-78.17908277591462,40.928073835227416],[-78.1777163638073,40.92811646069378],[-78.17816304299751,40.92674023349598],[-78.18165493194911,40.922310491949936],[-78.1831728700819,40.92272919264279],[-78.1836863462,40.92175079096697],[-78.1855478252503,40.921694879864745],[-78.18605992604768,40.92051368594179],[-78.19043470531166,40.91867171310203],[-78.19166072062154,40.91912896680773],[-78.1919132190816,40.92060783526563],[-78.19439139965927,40.919490281341396],[-78.1961368900367,40.919885422793435],[-78.19814360960044,40.917676300719776],[-78.20009944768815,40.91807498553859],[-78.20000037339379,40.916688415076045],[-78.2016476806056,40.91581193559471],[-78.20434095109997,40.91628423900472],[-78.20485744016753,40.915597232782545],[-78.20662600467135,40.9168814762369],[-78.20860101640048,40.91640139231408],[-78.21015526713202,40.91747796409168],[-78.21487668829785,40.91477808276315],[-78.21505157231738,40.91322610590269],[-78.2173255334916,40.9138119694292],[-78.22152680495509,40.911452481682964],[-78.22172794852699,40.909793758309156],[-78.22417987673879,40.909298715647594],[-78.22595030165355,40.907272360399965],[-78.22424275252047,40.906051446497784],[-78.22660844336332,40.903434968416775],[-78.22818702586264,40.90432833588426],[-78.22914027582132,40.89967427206862],[-78.22772931086918,40.89987847159526],[-78.22868001500235,40.89890116510378],[-78.22668415157884,40.89848335509403],[-78.22771689166039,40.897480006567655],[-78.22470115472512,40.89647869010061],[-78.22424908294828,40.89467217646082],[-78.22092517625987,40.891932208986304],[-78.2221698855108,40.891493696609494],[-78.22072619583116,40.890471136483725],[-78.2208197131472,40.889335772990485],[-78.22775156932529,40.88697900113473],[-78.22852586140466,40.8821121339357],[-78.23287746772758,40.87842131017975],[-78.2334333802597,40.88034051094096],[-78.23458071572709,40.87946889641366],[-78.24196422416881,40.881717649693414],[-78.24767235663934,40.879380736168],[-78.24738669507393,40.877942284436706],[-78.24943570911788,40.87707257413526],[-78.2486578543201,40.876068124544766],[-78.23942350377936,40.87683346163953],[-78.23617747922945,40.87495501416361],[-78.23588958984216,40.87371050524904],[-78.23871071216098,40.87202378707895],[-78.23933118032437,40.87270570033129],[-78.24682349450991,40.871989039087104],[-78.24824748503369,40.87089286759418],[-78.24988370972986,40.86560879997222],[-78.24839274620838,40.86238919202079],[-78.24915298684007,40.86106958247721],[-78.24721451049186,40.858542291095105],[-78.2483099448954,40.85651616474932],[-78.25140094897337,40.854331440844405],[-78.25476320743623,40.85375559793956],[-78.25721370283514,40.855410829510056],[-78.26072859404793,40.8545403150119],[-78.26262122218068,40.85357632925602],[-78.26372542683636,40.851159838098404],[-78.26749381813072,40.85012482059112],[-78.26742068179188,40.84785764521227],[-78.27018326000535,40.84694717108309],[-78.2739365506198,40.84810279325404],[-78.27519613237857,40.84992936570718],[-78.27781109313635,40.851012056421716],[-78.28420522587024,40.85105817457074],[-78.2905133422207,40.848296280184705],[-78.29142284961495,40.846905274090275],[-78.29062597119442,40.842645679150124],[-78.29369132118448,40.84087722390168],[-78.29445251762365,40.83792959508584],[-78.30220041957553,40.834046717375976],[-78.29957210536105,40.829634379579765],[-78.30027610965932,40.82775945762815],[-78.2993733800539,40.824775591132465],[-78.30043610589964,40.8232661758955],[-78.30321524994527,40.82117267249496],[-78.30559748506069,40.82067055158053],[-78.30791588589203,40.81579376932856],[-78.31166668188496,40.81387455501302],[-78.31214683859083,40.811656839995926],[-78.31401215883727,40.80999354248205],[-78.31356861746238,40.80875582958504],[-78.32023596829835,40.808361706688814],[-78.32237358767033,40.805568707246316],[-78.32689659434608,40.805872338668046],[-78.33082181082781,40.8010311667049],[-78.33633567992321,40.79972809967527],[-78.33937035603961,40.79791742666243],[-78.33890783955096,40.7967621205189],[-78.34021528264977,40.79159311903846],[-78.34373375724219,40.79047737275819],[-78.34187095407519,40.78708618629147],[-78.34209304546121,40.785014287680895],[-78.34344059474418,40.78398579038145],[-78.34251433017663,40.783403834420085],[-78.34288885308993,40.782659888522176],[-78.34179409332117,40.782517103278394],[-78.34622137372362,40.780868767415924],[-78.34635825271842,40.7789249953813],[-78.34850348531243,40.77833062555524],[-78.34833012663226,40.777213312943005],[-78.35063374119405,40.77543420278782],[-78.35152816587467,40.77565304587672],[-78.35079340415939,40.77422378204444],[-78.3522415485845,40.772274192855946],[-78.35213061832502,40.768762355530484],[-78.35921302226329,40.767878054408335],[-78.36057703407216,40.765433248061576],[-78.3654356118122,40.764456509926696],[-78.36786814899027,40.76099806024671],[-78.37042889462403,40.759996558692535],[-78.37099692003943,40.758067980125695],[-78.37422192580833,40.75679315233035],[-78.37697561519207,40.752416722821195],[-78.37301673254842,40.749891690698625],[-78.37353913342886,40.748651754247994],[-78.37164080009573,40.74612906800549],[-78.37130641840089,40.743986233375686],[-78.36899429679339,40.7419194871518],[-78.36888565184798,40.740118574814275],[-78.3664098455176,40.7360412078166],[-78.36316786697972,40.73314591802743],[-78.34000831979145,40.7335348388625],[-78.13217843272376,40.74366412390931],[-77.94425347411207,40.691558127911236],[-77.89429151362908,40.71620151269529],[-77.85921720748398,40.73081814712473]]]}},{"type":"Feature","properties":{"NAME":"Chester","FULLNAME":"Chester County","STATE":"Pennsylvania","FIPS_STATE":"42","FIPS_COUNTY":"029","GEOID":"42029"},"geometry":{"type":"MultiPolygon","coordinates":[[[[-75.77378433543541,39.72220164048311],[-75.7625116886504,39.74398298729992],[-75.74730940657078,39.76445062258641],[-75.72846118434978,39.78312526120687],[-75.70664946941382,39.79939288561276],[-75.68143700230675,39.81347778710069],[-75.6549988369951,39.824252731239355],[-75.62667841549897,39.83218573446777],[-75.59557557649633,39.8374461788079],[-75.59754671738493,39.83897169423191],[-75.59779886550203,39.84080669745363],[-75.59500812420609,39.844515692548406],[-75.59401827418779,39.84999611052941],[-75.59198510103555,39.85136881162742],[-75.59201539402356,39.85243523936396],[-75.5986952556965,39.85419824130121],[-75.6015506352687,39.85590361573507],[-75.59635243506247,39.86284387366083],[-75.59661472066755,39.86476677271085],[-75.59257770076387,39.868018317034824],[-75.59823748321087,39.8747659690402],[-75.58533841684101,39.88113350994021],[-75.58790453619679,39.88419775419479],[-75.5821369316612,39.88530528295081],[-75.58047029539941,39.88353494834927],[-75.57228189556479,39.887610104269584],[-75.57531525654761,39.89154407448235],[-75.57319281331405,39.8924208477999],[-75.57265612203406,39.89543455083557],[-75.57337616395509,39.896400657183385],[-75.56025883032741,39.90256996555675],[-75.56122063943413,39.90386415457393],[-75.55928702117497,39.90475953952794],[-75.56133442723454,39.90744808626868],[-75.55863170466677,39.90867822930897],[-75.55604899252937,39.90538024620474],[-75.54639431308068,39.90973952913636],[-75.55044980504155,39.91493729222183],[-75.54252612704308,39.918479096269955],[-75.54403533624627,39.92035028234965],[-75.54421981517133,39.92336158651579],[-75.5409098620142,39.92486941375809],[-75.54264563621354,39.92717011792777],[-75.53620437336826,39.92990549653517],[-75.5302159665291,39.922070201926225],[-75.52771486184368,39.923132423392175],[-75.52663390379095,39.921670598962486],[-75.52470564308412,39.92258199474081],[-75.5246466318548,39.92419151104867],[-75.5305940153299,39.93203532416627],[-75.52973033908313,39.93243249499367],[-75.53018986148695,39.93338077436847],[-75.52618443982338,39.935049499169025],[-75.52449395688404,39.93159702671099],[-75.51896742064486,39.93429445609451],[-75.51833965097484,39.936061105106525],[-75.52379223071335,39.94409575944307],[-75.43574956693399,39.985302571153554],[-75.435626733997,39.98894068905978],[-75.43851428134121,39.990656458510315],[-75.43854620027989,39.99189261126546],[-75.43695871188284,39.992929156565],[-75.43766703168774,39.99365370801907],[-75.44037029683794,39.99286847199078],[-75.44090174016003,39.9917928328197],[-75.44309111147554,39.99275275986956],[-75.44341339376182,39.9938145095754],[-75.4536892896705,39.99356467448358],[-75.40433330932198,40.02741948213431],[-75.41497626224564,40.04179190540825],[-75.36090056214047,40.06555789269253],[-75.36675191571169,40.07241248185206],[-75.39300784519152,40.06080790763753],[-75.42009867787958,40.0972327855626],[-75.43799340580013,40.08942514390859],[-75.44100324439722,40.09424584647516],[-75.45628715009853,40.087636180449856],[-75.45700580142751,40.094975180283804],[-75.46188485446781,40.096303305439704],[-75.46297166414631,40.09743583600162],[-75.46180067783412,40.10296214387117],[-75.46864634155904,40.10655532240059],[-75.47162369707547,40.111515046325735],[-75.46977066398549,40.11619872323993],[-75.46232867701539,40.11985679574813],[-75.46162823992711,40.1246106301881],[-75.46516548661407,40.12678297585647],[-75.47355000484485,40.12932692931148],[-75.48143641892872,40.12670186401298],[-75.48981378387491,40.12555433903561],[-75.5065436214508,40.13321189619417],[-75.50993308539202,40.13728706304164],[-75.51082413689876,40.14079905666776],[-75.50934989910955,40.14532832713189],[-75.50249366311208,40.15194692042778],[-75.50096195560258,40.154649147100336],[-75.50088528888466,40.15696476629175],[-75.50368402518663,40.15975662257083],[-75.50885173208056,40.1600564613351],[-75.51308301535937,40.15827337190424],[-75.51619753194159,40.15411843143707],[-75.51788240490195,40.14919755666555],[-75.52021782431636,40.147359185292935],[-75.52338248126448,40.14733199758936],[-75.52645714768238,40.1489188193488],[-75.52767345579731,40.15164540689506],[-75.52664780881324,40.159997845748826],[-75.52847078247717,40.16774696141182],[-75.52955164261355,40.16929805265209],[-75.54116880768306,40.17628127422858],[-75.54869419693908,40.18870449896647],[-75.55317045259251,40.19973191447136],[-75.55817016015526,40.20863710803004],[-75.56196396209407,40.210024640312284],[-75.56430438242965,40.209215373305234],[-75.56494502585599,40.20574703108351],[-75.56249228466885,40.20174843366259],[-75.56248197739929,40.1982105320053],[-75.56668846807457,40.19449476650754],[-75.5715188512911,40.19438529721088],[-75.57479399293433,40.19602486847958],[-75.57785214292741,40.19920027713711],[-75.58125561160392,40.20694948487281],[-75.58800302748453,40.21502789245244],[-75.59743242113807,40.2372489947624],[-75.60304491716683,40.238082426534866],[-75.60682750094438,40.236755516516354],[-75.60698361736097,40.232610536647215],[-75.60347709934494,40.22916067624842],[-75.60305643895866,40.22751274551537],[-75.60616847619069,40.2245475986698],[-75.61202403028419,40.22316819941156],[-75.61664576809787,40.225393987887486],[-75.61982877942388,40.23043945532881],[-75.62980690807039,40.23321375773358],[-75.65077327239139,40.24195735890475],[-75.65728020747382,40.241269874578066],[-75.66486602550066,40.24508919404022],[-75.67168890166178,40.24436553005623],[-75.67907580214201,40.241157305288645],[-75.68571244047672,40.23661286371],[-75.68858848938531,40.23618244434055],[-75.69078450464066,40.23682701493174],[-75.69192533271216,40.238811531801716],[-75.69690061148906,40.24185483772201],[-75.76831201432022,40.2036054498167],[-75.87315879736629,40.137145505749594],[-75.94288819286285,40.10890586698853],[-75.93659233761768,40.080585964122285],[-75.93457784762674,40.03913626327221],[-75.95153033803567,40.0162505918062],[-75.93793560014012,40.00866251544594],[-75.95153033803567,40.016250591118194],[-75.98673723821166,39.96733916466756],[-75.98624432632704,39.96355748740197],[-75.98857286374805,39.96175043941901],[-75.9914312365068,39.95599141269865],[-75.99455304740913,39.95270077465967],[-75.99100357824443,39.94763025160437],[-75.99214387092,39.94558259163057],[-75.98955746491016,39.944691745922334],[-75.98817392642196,39.93963132079196],[-75.98441821305119,39.93772066788224],[-75.98439109111612,39.93750511694863],[-75.9821371201519,39.935656429534916],[-75.98091190524094,39.93334338036772],[-75.98170066289133,39.92943551993025],[-75.98501520643956,39.93208871703823],[-75.98690489528471,39.929924993204764],[-75.99179877861202,39.92878279987065],[-75.99141355137381,39.926752875467166],[-75.99345704257537,39.926722085653395],[-75.9962835817354,39.92856962149505],[-75.99738414911248,39.92807761105137],[-75.99582400273772,39.92453250964778],[-75.99705506208791,39.92187895008885],[-75.9948907753284,39.91681061103479],[-75.99607297081872,39.91460732648544],[-75.9952366401875,39.911537164045804],[-75.99745581131594,39.90998618741828],[-75.99597857584865,39.90370607087884],[-75.99450451862084,39.90235111257385],[-75.99507948082686,39.89877430076399],[-75.99446065747878,39.89816475538536],[-75.99316673761827,39.89890871881464],[-75.9879839354343,39.895081448260434],[-75.98773555125825,39.89348476072916],[-75.98652852813012,39.89263996752463],[-75.98942383602007,39.89052789036771],[-75.99133166185081,39.88734654071766],[-75.99055171397842,39.88439190157966],[-75.99236271220133,39.882244663772326],[-75.98835753757446,39.87833762182872],[-75.986689939217,39.87343067317977],[-75.98780805877641,39.873133800653044],[-75.9875764165023,39.872183373034005],[-75.9898698172193,39.87160282215532],[-75.99131462170818,39.86864220258644],[-75.99822477099579,39.87190125461376],[-75.99851386322725,39.8731223561755],[-75.99708168725462,39.87308239011464],[-75.99772750497698,39.87375074410122],[-76.00034676686835,39.8748200470203],[-76.00236659015714,39.87437828794279],[-76.00438162632378,39.872393203204105],[-76.0044271610272,39.86871718739124],[-76.00598428097776,39.866587080819535],[-76.00579462685835,39.862824634400035],[-76.00752808969244,39.856812752119566],[-76.00688906503025,39.85318039207988],[-76.00854710082149,39.85190857121233],[-76.0188311731959,39.85400899231809],[-76.02239308941718,39.85041631628619],[-76.0226992873683,39.848465729541026],[-76.02106463472388,39.84956271584207],[-76.02033095727514,39.84787258718073],[-76.02075942761452,39.84410301826048],[-76.01953902138527,39.84345062055185],[-76.01874101827399,39.84041398308125],[-76.01995041564942,39.839882518538936],[-76.01767715605942,39.83806526828926],[-76.01810828810699,39.83666536824175],[-76.01705430376728,39.835875224763754],[-76.01651068378153,39.831255061214236],[-76.01765232213339,39.83055786996036],[-76.02280089221681,39.830739833903124],[-76.02376151375073,39.82704408297377],[-76.02761452724319,39.82419864583579],[-76.03031816070266,39.824338346481966],[-76.03427444901176,39.82723812856443],[-76.03643143336632,39.8265552152994],[-76.03685227790727,39.82425478926284],[-76.03179605553336,39.81890699315927],[-76.0302223778355,39.812788593026816],[-76.0352080474253,39.811619665326376],[-76.03548333344916,39.80701071111641],[-76.03886762219604,39.80132449008166],[-76.04615107448478,39.80393810436699],[-76.04971925286189,39.80320898457957],[-76.0495215947533,39.80226668615981],[-76.04515080131424,39.800394977910784],[-76.04231281312592,39.79600124303467],[-76.04505768913842,39.79315252175433],[-76.04336051195358,39.79144353564814],[-76.04845831464705,39.78920893887427],[-76.04959643968783,39.78399736081247],[-76.05078652957286,39.78256584574845],[-76.05863251497736,39.7796476462143],[-76.06043885633383,39.7750503559802],[-76.06475200577943,39.77085828719094],[-76.06242279821521,39.764897965282046],[-76.0649972054278,39.76177992058446],[-76.06753350341108,39.75961043805289],[-76.07675278291629,39.76188193254001],[-76.08169683445729,39.76137968135229],[-76.08579148487972,39.755972911909446],[-76.08257544878892,39.753009736724366],[-76.08412784090613,39.75064123850792],[-76.08445533342105,39.748021516904835],[-76.08678374328129,39.745734537620564],[-76.09359695716321,39.74267529248109],[-76.09678520746395,39.743074995951794],[-76.09860256935234,39.745450298749795],[-76.10038142046446,39.745612543791076],[-76.10185686828433,39.73939824306365],[-76.09615050998647,39.73728199731115],[-76.09249655327952,39.73416477766239],[-76.09596596278946,39.72962247376247],[-76.10067649098414,39.72661798135821],[-76.10169956070168,39.7241884976315],[-76.10609377501682,39.7241427372228],[-76.11113744702789,39.7281760602346],[-76.10867478664338,39.73482525818768],[-76.11372706810813,39.73712456266923],[-76.1192899061663,39.73657507734065],[-76.12055270748705,39.7352909989],[-76.11972883918378,39.73202200659642],[-76.12048994938466,39.7307077579557],[-76.11817626381026,39.725737906653976],[-76.1189632625593,39.72351954184151],[-76.12246382115171,39.72342148253832],[-76.12492025171973,39.726746845913574],[-76.12800144978807,39.72762678752526],[-76.13430748204709,39.72704042748616],[-76.13646930203282,39.72554565984505],[-76.13654796570563,39.72454731342889],[-76.13553393932808,39.7215023797927],[-75.77378433543541,39.72220164048311]],[[-75.98439109111612,39.93750511694863],[-75.97052530904149,39.94101376699362],[-75.96594315908403,39.94188872051659],[-75.98439109111612,39.93750511694863]],[[-75.96534233078772,39.942002800374624],[-75.96594315908403,39.94188872051659],[-75.95309747959155,39.94434048128626],[-75.96534233078772,39.942002800374624]],[[-75.92722844282646,39.94927299906319],[-75.92721032021393,39.94932366310049],[-75.91107296378875,39.95287863616329],[-75.92722844282646,39.94927299906319]],[[-75.90479273563626,39.955228090296174],[-75.90483793257316,39.95557360433055],[-75.90479273473795,39.955228090296174],[-75.90479273563626,39.955228090296174]],[[-75.8628651345779,39.90457530961852],[-75.86270836688273,39.90455991489572],[-75.86305522977014,39.90459124666748],[-75.8628651345779,39.90457530961852]],[[-75.78508041207968,40.04783658079796],[-75.78293689347122,40.04801634224103],[-75.7852016891346,40.047825759667674],[-75.78508041207968,40.04783658079796]],[[-75.77752315239401,40.048436360024674],[-75.77669250091203,40.04848309414091],[-75.77834899429595,40.04838566563358],[-75.77752315239401,40.048436360024674]],[[-75.70850032947911,40.03462928771046],[-75.70851318526914,40.034863422788554],[-75.70844560141705,40.034246950137636],[-75.70850032947911,40.03462928771046]]],[[[-75.59325306497425,39.83770760125955],[-75.57994325472052,39.838862511902214],[-75.58380235340071,39.84311825803396],[-75.58643090746537,39.84429466855686],[-75.58958207171791,39.84261680125732],[-75.59325306497425,39.83770760125955]]]]}},{"type":"Feature","properties":{"NAME":"Clarion","FULLNAME":"Clarion County","STATE":"Pennsylvania","FIPS_STATE":"42","FIPS_COUNTY":"031","GEOID":"42031"},"geometry":{"type":"Polygon","coordinates":[[[-79.60995418185554,40.99348436791817],[-79.61944496996887,40.988671321299684],[-79.624134224261,40.983464884995726],[-79.62425432003131,40.978811113428755],[-79.62277918931674,40.976317484967346],[-79.61853946546752,40.974185196780965],[-79.60121642000388,40.969251600503085],[-79.59520134218393,40.96850756358004],[-79.58914044848784,40.97059660907843],[-79.58089997690948,40.98064484064671],[-79.57386315618368,40.98491383534798],[-79.57035901780483,40.98562405003505],[-79.56045278851705,40.985040690887395],[-79.55477131265425,40.98250446008419],[-79.5527290449581,40.98015404587227],[-79.54919958576637,40.98221688983188],[-79.54042850629912,40.98484696499548],[-79.53694028337219,40.98081576543442],[-79.52842662872602,40.9785217041036],[-79.5222783406309,40.975122255975194],[-79.51494256686675,40.978379536071735],[-79.51501223750525,40.980992348368424],[-79.51769615743581,40.98352468107285],[-79.51647106289909,40.98647319576946],[-79.51418650429945,40.986944960750996],[-79.5073447707039,40.98415337850788],[-79.50471044137026,40.97678873527115],[-79.4941945398722,40.9778756190086],[-79.49288090109287,40.979514866374934],[-79.49496947065371,40.9847311197867],[-79.49487160100014,40.98673501547093],[-79.48804895301112,40.99588491163742],[-79.48228843258984,40.99434722244983],[-79.47740211487385,40.99519170974714],[-79.47071939206673,40.994180002893955],[-79.4631820650989,40.99022084428826],[-79.45628444012301,40.99122508003722],[-79.45528910139831,40.98855729804238],[-79.46166589305396,40.98510302102781],[-79.46219647309505,40.98367060573334],[-79.46077435196538,40.9825225340577],[-79.45095968885282,40.982008740165675],[-79.44471455159027,40.98675797673217],[-79.4421288076388,40.98761568847376],[-79.42889056257049,40.985679295363006],[-79.4251850470578,40.988555442124174],[-79.42292713428611,40.993271712329296],[-79.4211940523377,40.998753061207374],[-79.42191725632854,41.002095520116946],[-79.42120369036238,41.00369841959868],[-79.4162074898225,41.00575298663907],[-79.41206957473938,41.008789469178126],[-79.4096923567148,41.007399180170324],[-79.40932730563785,41.00593289639016],[-79.41343903033888,41.00221158769048],[-79.41436016193289,40.99933580072703],[-79.41181809496885,40.998431721644344],[-79.40599905739165,40.99986615797889],[-79.40338209878068,40.99915790824951],[-79.40269726902216,40.99766926333736],[-79.40411155145263,40.99143344132326],[-79.40269708486751,40.989491638082185],[-79.39838367311386,40.98938546158692],[-79.39667767447294,40.9931862586742],[-79.39487521922841,40.99489855030883],[-79.39049657631037,40.993603656395315],[-79.38316280309436,40.995481768681536],[-79.37773236952256,40.994335715003565],[-79.37679334258978,40.992581727398374],[-79.37759155680514,40.99077638826359],[-79.38480650446864,40.98984773036146],[-79.38628229813989,40.98747491522286],[-79.38403793555594,40.98530280312047],[-79.37681273721675,40.98579476458762],[-79.37440174433412,40.98441096573255],[-79.37449489423919,40.98350923854464],[-79.38042958002775,40.97996490431847],[-79.38184705417245,40.97594664781306],[-79.38124760658673,40.96961197009737],[-79.37652069940945,40.9685028915116],[-79.37238219233656,40.9704090313449],[-79.37179587003544,40.97325971475727],[-79.3696529577898,40.975554293450955],[-79.37184359033996,40.98244463595615],[-79.37173653990419,40.98893038740165],[-79.36833831918555,40.994689822993756],[-79.36632871872472,41.00065804080123],[-79.36398284022546,41.00304269415284],[-79.36055846685397,41.00377597803256],[-79.35643309584547,41.000124463481804],[-79.35234631017336,40.99987231461082],[-79.34669153583408,40.99787450449105],[-79.33947579226324,41.00251662467853],[-79.33676000100472,41.00247344861906],[-79.33551486774897,41.00011861670386],[-79.3335126307785,40.999487661978456],[-79.31746870812604,41.00264343957144],[-79.30211531504256,41.01373008002399],[-79.29899299749042,41.01187724262087],[-79.29470648758456,41.01183400287627],[-79.29147013160204,41.0104058640484],[-79.28578796583312,41.00947386624339],[-79.2825175035142,41.01000784576224],[-79.27548101247011,41.01689463487936],[-79.26787716795045,41.020395158082415],[-79.26082777350561,41.02954558680679],[-79.24662289897078,41.03490197831393],[-79.2425062991127,41.03541933881417],[-79.23675603745198,41.04218400508562],[-79.23365695931624,41.04429291083593],[-79.22899892866675,41.0463298151496],[-79.21920592034242,41.048595977376706],[-79.21499031625856,41.05079451428773],[-79.21451436187158,41.078867050722174],[-79.21129780565623,41.078826935354144],[-79.20730898036754,41.43078222105721],[-79.3578803527351,41.432540759498764],[-79.35772218636302,41.43618308730399],[-79.40005082770355,41.43609363007839],[-79.40028517660163,41.38647657307903],[-79.47787357948104,41.386477594153334],[-79.47815278575281,41.33568190009719],[-79.54136808749244,41.33593342301399],[-79.54145975248235,41.320982503829185],[-79.60426618422379,41.321543641565185],[-79.60468376608362,41.27718363324275],[-79.62761144013075,41.2771697563943],[-79.62760905510368,41.26690752456156],[-79.6327072144283,41.267011196219606],[-79.63281425767754,41.25359572561962],[-79.65003456282214,41.25380745421225],[-79.64973434585418,41.21790890330775],[-79.66876998449122,41.19919299014706],[-79.66587092523663,41.19685149784716],[-79.67065485567149,41.19327499220337],[-79.66532042864736,41.189185216170216],[-79.67015749353298,41.18465399741424],[-79.67006034253164,41.183128505520166],[-79.67291529270915,41.18305000108939],[-79.67309188532431,41.184745774426915],[-79.67614812819407,41.1848944128645],[-79.67960685763359,41.18350794824759],[-79.68390698060927,41.18421987550086],[-79.6867946644974,41.18211987763333],[-79.69044779295767,41.181390328046575],[-79.69121317374942,41.18261822605207],[-79.6965577005323,41.18456907557394],[-79.69896005072356,41.18334186520978],[-79.70043724756329,41.18105163657146],[-79.69937154020913,41.1787707733092],[-79.69978820758399,41.175440653323314],[-79.69148973178773,41.17141559019735],[-79.68128293698564,41.16261166665802],[-79.67971844276491,41.15963215081681],[-79.68012269991414,41.15613824784184],[-79.68609037004329,41.14906426728441],[-79.68689140946023,41.145122036113534],[-79.68000695827799,41.13749272127239],[-79.67878458563658,41.13295097634933],[-79.67995209277368,41.125191607394555],[-79.6793822994738,41.11540900059449],[-79.68150218071222,41.106281385777045],[-79.68056189344306,41.10531098334672],[-79.68110375273088,41.10139476401212],[-79.67877905201443,41.089387961693895],[-79.67525650266386,41.08350917083534],[-79.66441655279165,41.077621742921],[-79.65839355811907,41.07245043871547],[-79.6555921816685,41.06786117320001],[-79.65721190341458,41.06405884725977],[-79.66665661334369,41.057163306654594],[-79.66726231500043,41.05507208371965],[-79.66637894319105,41.04994467307885],[-79.66213740743989,41.04716964312283],[-79.65024837533448,41.044568664829804],[-79.63691168119925,41.03790519323679],[-79.6197685314561,41.03343285352226],[-79.61213525992437,41.03360614118298],[-79.60425162163473,41.037163362732606],[-79.60003481111346,41.03611184648212],[-79.59893967764555,41.032689189770636],[-79.60093852347579,41.02501236031844],[-79.60341143004443,41.01950527839513],[-79.60904745205217,41.01269351677443],[-79.60968203364698,41.007391877249795],[-79.60679786396821,41.00509997634723],[-79.59486301508836,41.00490510812575],[-79.58818460419461,41.003175331491036],[-79.5822004975907,40.99853039864727],[-79.58130194874461,40.99531860856915],[-79.58275417960596,40.992756215546954],[-79.58620255596185,40.99142943266043],[-79.59850888066957,40.994741089555816],[-79.60995418185554,40.99348436791817]]]}},{"type":"Feature","properties":{"NAME":"Clearfield","FULLNAME":"Clearfield County","STATE":"Pennsylvania","FIPS_STATE":"42","FIPS_COUNTY":"033","GEOID":"42033"},"geometry":{"type":"Polygon","coordinates":[[[-78.8022885676913,40.72462263596552],[-78.69199644353131,40.72433680012465],[-78.63532836182301,40.72307816682891],[-78.56902333790129,40.7256421956581],[-78.52986220206664,40.72591934800835],[-78.40491003779714,40.72530578530335],[-78.34906277101844,40.72346674415319],[-78.3664098455176,40.7360412078166],[-78.36888565184798,40.740118574814275],[-78.36899429679339,40.7419194871518],[-78.37047350406273,40.742776172285055],[-78.37184029525908,40.74652757291787],[-78.37311206266469,40.7473921129166],[-78.37301673254842,40.749891690698625],[-78.37695368282441,40.752292679123336],[-78.37519645505947,40.75567492636202],[-78.37334839683955,40.7576105755496],[-78.37099692003943,40.758067980125695],[-78.37042889462403,40.759996558692535],[-78.36786814899027,40.76099806024671],[-78.3654356118122,40.764456509926696],[-78.36057703407216,40.765433248061576],[-78.35921302226329,40.767878054408335],[-78.35213061832502,40.768762355530484],[-78.3522415485845,40.772274192855946],[-78.35079340415939,40.77422378204444],[-78.35152816587467,40.77565304587672],[-78.35063374119405,40.77543420278782],[-78.34833012663226,40.777213312943005],[-78.34850348531243,40.77833062555524],[-78.34635825271842,40.7789249953813],[-78.34622137372362,40.780868767415924],[-78.34179409332117,40.782517103278394],[-78.34288885308993,40.782659888522176],[-78.34251433017663,40.783403834420085],[-78.34344059474418,40.78398579038145],[-78.34209304546121,40.785014287680895],[-78.34187095407519,40.78708618629147],[-78.34373375724219,40.79047737275819],[-78.34021528264977,40.79159311903846],[-78.33890783955096,40.7967621205189],[-78.33937035603961,40.79791742666243],[-78.33633567992321,40.79972809967527],[-78.33082181082781,40.8010311667049],[-78.32689659434608,40.805872338668046],[-78.32237358767033,40.805568707246316],[-78.32023596829835,40.808361706688814],[-78.31342674113965,40.808894567222744],[-78.31401215883727,40.80999354248205],[-78.31214683859083,40.811656839995926],[-78.31151352362059,40.81405458716109],[-78.30791588589203,40.81579376932856],[-78.30559748506069,40.82067055158053],[-78.30256069071686,40.82153132077728],[-78.29946020042948,40.82452250208272],[-78.30027610965932,40.82775945762815],[-78.2995962170416,40.829754749793274],[-78.30220041957553,40.834046717375976],[-78.29445251762365,40.83792959508584],[-78.29369132118448,40.84087722390168],[-78.29062597119442,40.842645679150124],[-78.29142284961495,40.846905274090275],[-78.2905133422207,40.848296280184705],[-78.28420522587024,40.85105817457074],[-78.27781109313635,40.851012056421716],[-78.27519613237857,40.84992936570718],[-78.2739365506198,40.84810279325404],[-78.27018326000535,40.84694717108309],[-78.26742068179188,40.84785764521227],[-78.26749381813072,40.85012482059112],[-78.26372542683636,40.851159838098404],[-78.26262122218068,40.85357632925602],[-78.26072859404793,40.8545403150119],[-78.25721370283514,40.855410829510056],[-78.25476320743623,40.85375559793956],[-78.25140094897337,40.854331440844405],[-78.2483099448954,40.85651616474932],[-78.24721451049186,40.858542291095105],[-78.24915298684007,40.86106958247721],[-78.24839274620838,40.86238919202079],[-78.24988370972986,40.86560879997222],[-78.24824748503369,40.87089286759418],[-78.24682349450991,40.871989039087104],[-78.23933118032437,40.87270570033129],[-78.23871071216098,40.87202378707895],[-78.23588958984216,40.87371050524904],[-78.23617747922945,40.87495501416361],[-78.23942350377936,40.87683346163953],[-78.2486578543201,40.876068124544766],[-78.24943570911788,40.87707257413526],[-78.24738669507393,40.877942284436706],[-78.24767235663934,40.879380736168],[-78.24196422416881,40.881717649693414],[-78.23458071572709,40.87946889641366],[-78.2334333802597,40.88034051094096],[-78.23287746772758,40.87842131017975],[-78.22852586140466,40.8821121339357],[-78.22775156932529,40.88697900113473],[-78.2208197131472,40.889335772990485],[-78.22072619583116,40.890471136483725],[-78.2221698855108,40.891493696609494],[-78.22092517625987,40.891932208986304],[-78.22424908294828,40.89467217646082],[-78.22470115472512,40.89647869010061],[-78.22771689166039,40.897480006567655],[-78.22668415157884,40.89848335509403],[-78.22868001500235,40.89890116510378],[-78.22772931086918,40.89987847159526],[-78.22914027582132,40.89967427206862],[-78.22818702586264,40.90432833588426],[-78.22660844336332,40.903434968416775],[-78.22424275252047,40.906051446497784],[-78.22595030165355,40.907272360399965],[-78.22417987673879,40.909298715647594],[-78.22172794852699,40.909793758309156],[-78.22152680495509,40.911452481682964],[-78.2173255334916,40.9138119694292],[-78.21505157231738,40.91322610590269],[-78.21487668829785,40.91477808276315],[-78.21015526713202,40.91747796409168],[-78.20860101640048,40.91640139231408],[-78.20662600467135,40.9168814762369],[-78.20485744016753,40.915597232782545],[-78.20434095109997,40.91628423900472],[-78.2016476806056,40.91581193559471],[-78.20000037339379,40.916688415076045],[-78.20009944768815,40.91807498553859],[-78.19814360960044,40.917676300719776],[-78.1961368900367,40.919885422793435],[-78.19439139965927,40.919490281341396],[-78.1919132190816,40.92060783526563],[-78.19166072062154,40.91912896680773],[-78.19043470531166,40.91867171310203],[-78.18605992604768,40.92051368594179],[-78.1855478252503,40.921694879864745],[-78.1836863462,40.92175079096697],[-78.1831728700819,40.92272919264279],[-78.18165493194911,40.922310491949936],[-78.17816304299751,40.92674023349598],[-78.1777163638073,40.92811646069378],[-78.17908277591462,40.928073835227416],[-78.17761807553882,40.9297769341413],[-78.17487407538374,40.932002955711546],[-78.1715730721418,40.93235310712612],[-78.17183636116505,40.936374455698534],[-78.16660329644431,40.936671455630105],[-78.16332645878181,40.939342335402564],[-78.16451389324688,40.940720204196055],[-78.16237231589776,40.94201600396667],[-78.15573725410636,40.941521322054854],[-78.15954497633882,40.95094594371352],[-78.15953660943025,40.95441628566701],[-78.16272371887058,40.95468280592448],[-78.16765543025453,40.95193086730183],[-78.1689035441204,40.952692547724574],[-78.16963542583687,40.955600556670746],[-78.16846712728402,40.96045336648445],[-78.16568495681419,40.96159774801113],[-78.15939508614545,40.96115453192234],[-78.15160351349435,40.957366116343415],[-78.14685270843559,40.956586463039976],[-78.14755529159906,40.949834946824],[-78.14646399932731,40.948753369744814],[-78.14377943889794,40.948796336720726],[-78.14047890816984,40.95024227752106],[-78.14084586008192,40.95198740210537],[-78.13944675109491,40.95413290920399],[-78.1393431492915,40.95758475114844],[-78.13596438338699,40.962677625689984],[-78.13610561651596,40.96650791586695],[-78.13344234346388,40.96692624622346],[-78.13186025933159,40.9658047438575],[-78.13002147981022,40.962254247215284],[-78.13184417409812,40.95959283832252],[-78.13637637503079,40.95602116374241],[-78.13521637691116,40.95418097792709],[-78.13241277802855,40.9533941165065],[-78.13058510078578,40.95172133096469],[-78.13103012797416,40.949860753594216],[-78.13355770960426,40.948357595541815],[-78.13376802856847,40.94704239127945],[-78.13114023178359,40.94575164064574],[-78.12116647433925,40.94701610912789],[-78.12064163543113,40.9461615409845],[-78.12245906289652,40.943440229046345],[-78.12031608687047,40.941989990561545],[-78.11133356823989,40.945124479185374],[-78.10921179065792,40.950268915946666],[-78.10378864152476,40.949542076320306],[-78.09925609743563,40.95142625838432],[-78.0948713657366,40.9503353016355],[-78.09042728594002,40.95405537785936],[-78.0804808417719,40.95524483987908],[-78.07815835001274,40.956434598644094],[-78.07824014072105,40.9599497032448],[-78.08525210955452,40.96904828611729],[-78.08814738690175,40.970320563664046],[-78.09319106160777,40.97020048628855],[-78.09677859778095,40.97304026576015],[-78.0945934323776,40.97401580796795],[-78.09168358076319,40.972852692939284],[-78.08890101323802,40.9766460121217],[-78.09078109370287,40.979659998303035],[-78.09052240046063,40.980880532141455],[-78.08476027924152,40.98063708310309],[-78.08208900489521,40.98418498411101],[-78.08387249580579,40.98946033066334],[-78.08686338084873,40.99276866439055],[-78.08656644362988,40.99420495902946],[-78.0846248447377,40.99460474341123],[-78.07995509287039,40.99317539312665],[-78.07449967804885,40.99364462177676],[-78.06741269180434,40.997762266704264],[-78.06444626070007,40.99531609720045],[-78.06192300176312,40.995218858882495],[-78.0618177003472,40.99786677270389],[-78.06509158614567,41.000951857328694],[-78.06479059752488,41.00374176840532],[-78.06277319789073,41.004788553127526],[-78.05827146511753,41.003655293124375],[-78.05570482114564,41.004859561599005],[-78.0559560808289,41.00827272171755],[-78.06026616342612,41.01243366354662],[-78.06211587724114,41.01325421130792],[-78.06674814510659,41.01277306559255],[-78.06938304037885,41.01349462728623],[-78.06978728135837,41.015888367741866],[-78.06779024204013,41.01920361807754],[-78.07560293677852,41.02243201709909],[-78.07430383453713,41.02385624229841],[-78.0705762007055,41.02471454142544],[-78.07125323218908,41.02662414731699],[-78.07700775815245,41.026503782114126],[-78.07992505769887,41.03057120709243],[-78.07830213435712,41.03406402934954],[-78.0746888749258,41.0342974881988],[-78.0698480847267,41.03258547897301],[-78.06562031206401,41.03578042687971],[-78.05741516853084,41.037126544122465],[-78.05725842329352,41.0393507278184],[-78.0626209415349,41.043359991421305],[-78.0638792485843,41.04563247060845],[-78.0596969315733,41.05038890877872],[-78.0595849125557,41.05163867912484],[-78.06236290406281,41.05323029847674],[-78.06842952631547,41.05012712112356],[-78.07139552982164,41.04991799700034],[-78.07284946119383,41.05192203497153],[-78.07336747739735,41.05740947378877],[-78.07609142086709,41.059863635472574],[-78.08562897707073,41.05727032429388],[-78.08894990225072,41.05725313109019],[-78.09035967424016,41.05817121966255],[-78.09054538655211,41.05990359104241],[-78.0887948126085,41.06342663562478],[-78.0851827371567,41.068115401751314],[-78.0950917107977,41.07063713043986],[-78.0971841332328,41.07234890419004],[-78.09373307899907,41.075832554431734],[-78.09267126943492,41.079561955983486],[-78.1005312721511,41.09011425565391],[-78.10761371202197,41.10551028576116],[-78.1116951140906,41.1110606700206],[-78.11225004925568,41.11363968780296],[-78.10870213148146,41.117644702896015],[-78.10327283068524,41.12120174843141],[-78.10034499390053,41.1217833702242],[-78.09540042672656,41.12037037905219],[-78.09316485146273,41.11598902171834],[-78.08920186531488,41.116037945598016],[-78.08688250867607,41.11826110120406],[-78.08593047234133,41.124459285670625],[-78.08298908177561,41.12630481617291],[-78.07767212159386,41.12516731533357],[-78.07373245391415,41.12205481885146],[-78.07041720249349,41.121878145834465],[-78.06865852125443,41.12430764436708],[-78.0704319851698,41.128980790841474],[-78.06974465539984,41.131273423386865],[-78.06699592471645,41.132426470236716],[-78.0588440854156,41.13090903876299],[-78.05602603174177,41.131995017229066],[-78.05483601282364,41.13417732949588],[-78.05420612941776,41.14266510242777],[-78.05273273065508,41.145316725889224],[-78.04344044416843,41.146508460114774],[-78.03973820031997,41.152579313316394],[-78.038148253234,41.15361106169163],[-78.0611702827253,41.175266357458966],[-78.09336993774039,41.21717731722214],[-78.23683233130865,41.229895884803526],[-78.34238526562649,41.23495671760999],[-78.64778984444492,41.25423940721002],[-78.64804181110232,41.21738898676971],[-78.70996386132802,41.20188353412067],[-78.76650702151628,41.20238269457084],[-78.80453167173553,41.1321948570521],[-78.80376695749374,41.0623297741767],[-78.80462353704976,41.048778246245604],[-78.80460133249257,40.92698477319904],[-78.80694457263982,40.856038088698355],[-78.80618929969165,40.83642656958082],[-78.80631075012144,40.729703437414614],[-78.80346636143673,40.72868955272704],[-78.8022885676913,40.72462263596552]]]}},{"type":"Feature","properties":{"NAME":"Clinton","FULLNAME":"Clinton County","STATE":"Pennsylvania","FIPS_STATE":"42","FIPS_COUNTY":"035","GEOID":"42035"},"geometry":{"type":"Polygon","coordinates":[[[-77.50859418610776,40.96293747495536],[-77.44031217775654,40.97444163332126],[-77.39391161247195,40.97828482955395],[-77.33992904520385,40.98716672530973],[-77.14415924833628,41.04433993552686],[-77.14411851872129,41.068940903946064],[-77.16434375137332,41.06874350407473],[-77.2718134910815,41.172195004503855],[-77.2728249339043,41.1761611553324],[-77.27658974720889,41.17981385550538],[-77.28310067979433,41.18271458233255],[-77.28689284051113,41.18261919555835],[-77.29202344967877,41.18482200795895],[-77.2938667585058,41.190502501412105],[-77.29048907596952,41.19464276923677],[-77.29068165680012,41.19587937640456],[-77.29404065797176,41.19856276476239],[-77.29886531891992,41.2006504090678],[-77.30525306553045,41.207158695647834],[-77.3208506189115,41.21876446907255],[-77.32343744173963,41.21864340029183],[-77.32593237410072,41.2197878870129],[-77.32857451428572,41.21919884773152],[-77.32977373105406,41.2206239702767],[-77.33048502967243,41.219375006467274],[-77.33479785482623,41.22059250258072],[-77.35157238987568,41.21997196065813],[-77.34861735030753,41.22308648422047],[-77.3497843732527,41.22879659956033],[-77.35749040652583,41.23044709056822],[-77.36208023887558,41.23348642942418],[-77.37007808268221,41.232603747068694],[-77.37495738545417,41.236792625679875],[-77.39896039859194,41.25298734948064],[-77.4116716407106,41.26700265477073],[-77.41580396288276,41.269967036257896],[-77.421110812526,41.27099219056936],[-77.4249525620431,41.27308731736431],[-77.42991607468642,41.28266568719916],[-77.43478069808832,41.28469961168507],[-77.44197014527583,41.286045792612015],[-77.44532676411534,41.2878969739353],[-77.45066087313586,41.294120165532874],[-77.45272807447104,41.299697612999694],[-77.45560722436399,41.30399982534995],[-77.46653700935788,41.30928866837496],[-77.47155117530512,41.313622942061045],[-77.47496677572954,41.325266332483515],[-77.47463703832472,41.33546350250479],[-77.47628374546193,41.33854711843689],[-77.48605673033857,41.34564327860771],[-77.49997911436097,41.353963127581274],[-77.51694673150097,41.35595614818231],[-77.52654818487076,41.35852781738665],[-77.5375275371054,41.36488541507179],[-77.53995554767276,41.36790073523922],[-77.54203805360544,41.38177260748389],[-77.54958485420624,41.3946521979093],[-77.56415815478856,41.41243763906028],[-77.5701604720399,41.41462733333699],[-77.57506838076378,41.420302904677506],[-77.58064127007165,41.435828882921896],[-77.58467829716184,41.44132975327067],[-77.59699787202001,41.44101185968863],[-77.59783608821499,41.47834781119942],[-77.92050855953185,41.47626096868633],[-77.98919638540593,41.47504505516368],[-77.98906680073127,41.36738981631585],[-78.04132382111956,41.29106458974548],[-78.09336993774039,41.21717731722214],[-78.0611702827253,41.175266357458966],[-78.038148253234,41.15361106169163],[-78.03420274560662,41.15360465565218],[-78.02719272971059,41.150282461882256],[-78.01886042605567,41.153106085837344],[-78.015819492275,41.15300166942021],[-78.01437875984928,41.1519785748052],[-78.01317033175604,41.14748923291393],[-78.01061694871437,41.14370193705558],[-78.00804708967208,41.14317223011956],[-78.00476397098909,41.14392330145862],[-78.0007876933683,41.14869201916809],[-78.00061436972246,41.15232188554955],[-78.00211370015246,41.1584321380508],[-77.99938474318512,41.16283356302878],[-77.99650415868267,41.163628185523514],[-77.98904830531787,41.16197809180583],[-77.98629043876807,41.16408855360921],[-77.98563408380741,41.1676970469775],[-77.9835879874915,41.17078034570811],[-77.97455779257382,41.172315719022414],[-77.971090865109,41.17455361478473],[-77.97072630541052,41.17742517133315],[-77.97394245019747,41.19118551460061],[-77.97279173975956,41.19742765162279],[-77.97357605524084,41.20223065288948],[-77.97159065359712,41.20629525255102],[-77.96497600422393,41.2102869702545],[-77.96217643159044,41.2156321588462],[-77.95773134478242,41.217797149798685],[-77.95532711172231,41.21748171931331],[-77.94970993097935,41.213230137531866],[-77.94267904721924,41.21025241864101],[-77.93983080476195,41.20953581405003],[-77.93708541131988,41.21032872384151],[-77.9351729106564,41.21318032386478],[-77.93904253310015,41.21976346648343],[-77.9391890366449,41.2228050526288],[-77.93775729994844,41.22504603945956],[-77.93413692945332,41.22674027691012],[-77.92508275400911,41.22626366647121],[-77.92159881245284,41.22755562160875],[-77.91161185067213,41.24326007317634],[-77.904559982267,41.24709360043757],[-77.89826298256817,41.252802476636006],[-77.89766677251072,41.1769180340946],[-77.79000861027339,41.17714210381989],[-77.78956299379018,41.14212749773777],[-77.77799563581159,41.14661241267714],[-77.74667513860886,41.10626085080779],[-77.74343284027073,41.107699412146815],[-77.73748247977878,41.10776560274893],[-77.73334216349889,41.110295141629216],[-77.72874925801257,41.111482926662326],[-77.72551199832488,41.110136268127285],[-77.72473341679003,41.10735358816208],[-77.72032849904825,41.10546217847726],[-77.71636865430894,41.105101604895935],[-77.7137082917984,41.10622769146903],[-77.71186512490519,41.111011839217305],[-77.7093591612324,41.11141857398939],[-77.70664241686136,41.113961095163184],[-77.69578049958719,41.10766121093851],[-77.69191536602492,41.10642778304057],[-77.68722991609802,41.10722832936714],[-77.68368245915956,41.109373070827],[-77.67986590289459,41.10873307199742],[-77.67553075280937,41.105940707383375],[-77.67224155163362,41.105223877275726],[-77.66676749227835,41.10845118403886],[-77.66361340400955,41.10893035920913],[-77.66063654346483,41.10638126233934],[-77.66027669363338,41.10292772656533],[-77.65879229949161,41.10083639549649],[-77.65050877974652,41.09769037570997],[-77.6474700998389,41.0980988271741],[-77.63917559459617,41.09671117365267],[-77.63555733963355,41.095113487482294],[-77.6325974033488,41.095338539529806],[-77.63094071772541,41.094055320509916],[-77.62981025890726,41.09458805072018],[-77.62943767725328,41.093178259351724],[-77.62171401094945,41.091154812274986],[-77.62101048724983,41.089111424023514],[-77.61318231723406,41.086478982323015],[-77.60850096272654,41.0830647146475],[-77.60649652578194,41.08314154989018],[-77.59820238076367,41.079494962300245],[-77.59200794441576,41.074845926871255],[-77.59142474196364,41.07073932249898],[-77.58891634655139,41.071745027597665],[-77.5838501160469,41.07017469101637],[-77.58213114842825,41.067106770835046],[-77.57347483323012,41.0685797716306],[-77.57089062090621,41.066366711465335],[-77.56780489892209,41.065580659710065],[-77.5617497113247,41.057659240243126],[-77.58019398182368,41.047269900857934],[-77.50859418610776,40.96293747495536]],[[-77.74780250003593,41.324954376309336],[-77.75000002266431,41.32432603936866],[-77.74873361370938,41.32468815023705],[-77.74780250003593,41.324954376309336]]]}},{"type":"Feature","properties":{"NAME":"Columbia","FULLNAME":"Columbia County","STATE":"Pennsylvania","FIPS_STATE":"42","FIPS_COUNTY":"037","GEOID":"42037"},"geometry":{"type":"Polygon","coordinates":[[[-76.41166528327291,40.833404859870434],[-76.38024634778303,40.7754277177561],[-76.30692513294602,40.802537092223915],[-76.2830002804245,40.88859041052448],[-76.20780579255583,40.94975121519724],[-76.22152650210198,41.00447237349735],[-76.23132921582467,41.05013475870883],[-76.22846431680539,41.05187226057774],[-76.22836030537022,41.055635865368366],[-76.2289423004866,41.13842615399465],[-76.27733882621276,41.131734970008196],[-76.31936708619365,41.20494080964924],[-76.31997044863738,41.21565812702065],[-76.31081618649749,41.30899288979823],[-76.40540350741468,41.30835573607247],[-76.44770193392063,41.27569489758579],[-76.59215615829238,41.157862514133136],[-76.64077851329445,41.15576171725808],[-76.62124267114764,41.09166879621274],[-76.62060486549929,41.08513202703875],[-76.6153494749488,41.079487611849544],[-76.61824125964621,41.07420233425857],[-76.61609833931573,41.068437115875206],[-76.61909639650789,41.06359363606478],[-76.5699491666651,41.05386376649895],[-76.56236226167675,41.03334076921606],[-76.56371073712278,41.02040409837865],[-76.56624450994181,41.00848741610341],[-76.56524146007871,40.99988164210028],[-76.52905328160887,40.9731431411101],[-76.52496925645963,40.96766214578074],[-76.52181315955785,40.96702848739401],[-76.52088320650773,40.96373535282495],[-76.51490469640804,40.95881240539131],[-76.51457119146892,40.95659326074297],[-76.51625803533302,40.95252383850577],[-76.51586071407613,40.950255665940034],[-76.51257319005502,40.946497740319245],[-76.52494768072312,40.94149382171112],[-76.52955399266676,40.94052008217009],[-76.52634094616921,40.93482336461243],[-76.5237106475763,40.933969753037026],[-76.5218972337836,40.931659116783756],[-76.5200894685974,40.9267945629856],[-76.5219226013089,40.9231000484754],[-76.52705589643925,40.92046501099487],[-76.52832444158793,40.91869501640543],[-76.52465284376541,40.91550185849077],[-76.5280883149239,40.88262155646348],[-76.50614019440532,40.88258185199277],[-76.50406579307314,40.88073409327328],[-76.50387273883037,40.878379911940016],[-76.5092381056295,40.87414373195261],[-76.50990166418043,40.870809330073016],[-76.5084191133816,40.86963758392709],[-76.50719253303143,40.86320983801988],[-76.50142450538932,40.86081358149094],[-76.50005361248537,40.85629538617369],[-76.4979557498529,40.85384391800776],[-76.49930776645779,40.85256618522724],[-76.49866753715482,40.85148070273184],[-76.49937394714141,40.85021357698534],[-76.50549921051748,40.848918021766416],[-76.508130758667,40.846698940442835],[-76.5074592446359,40.84439557925746],[-76.50819645875193,40.8420749362611],[-76.50704793122013,40.83946641099659],[-76.5052492138655,40.83825079223351],[-76.50506956069015,40.83543142786062],[-76.50257985293074,40.83165723069465],[-76.50145224626363,40.824818420477065],[-76.49587082924873,40.8239792414359],[-76.48827188234402,40.82618153084635],[-76.47346941165125,40.8272716794909],[-76.47033705362918,40.828727148907184],[-76.46588053216591,40.82807514043883],[-76.45440619563331,40.83079438048146],[-76.45362490477956,40.830042458385165],[-76.45251061653484,40.83082755685717],[-76.4414339749583,40.83138275808493],[-76.43772068632346,40.83250996409274],[-76.4366419309398,40.83189622966114],[-76.42742436362352,40.83234532668913],[-76.42133741249599,40.8336953583221],[-76.41166528327291,40.833404859870434]]]}},{"type":"Feature","properties":{"NAME":"Crawford","FULLNAME":"Crawford County","STATE":"Pennsylvania","FIPS_STATE":"42","FIPS_COUNTY":"039","GEOID":"42039"},"geometry":{"type":"Polygon","coordinates":[[[-80.4449664293749,41.487160592943255],[-80.44491606802343,41.49229051256384],[-80.43212772530057,41.491976919490774],[-80.43142284334827,41.48984864242821],[-80.43329905117595,41.48865481458916],[-80.43277104390982,41.4879897869152],[-80.43120060374022,41.48899784887526],[-80.43119695747849,41.48687106072268],[-80.12541847827927,41.48040800698964],[-80.12564263758705,41.486278364002196],[-79.99873130158178,41.49009418591342],[-79.99858612934028,41.50090587436968],[-79.98171859620103,41.500155619506906],[-79.9815858512532,41.51291127035669],[-79.95828548595762,41.51353017632929],[-79.95922925509682,41.525451115046884],[-79.9425077664632,41.5252916133491],[-79.94346752381779,41.53765725062286],[-79.92354908200497,41.53753964115107],[-79.92550769948018,41.54980222482858],[-79.90934883559048,41.5507008400938],[-79.90868356395231,41.56208778749095],[-79.89295503620282,41.56212048369081],[-79.89270573574517,41.574085856478035],[-79.87039116187947,41.574251056911365],[-79.87303223217097,41.58125997462978],[-79.84970107083085,41.5872453957466],[-79.84958117268987,41.59763539939433],[-79.8296461192308,41.601968421317224],[-79.82903726897901,41.62204424637431],[-79.76835136077136,41.62085544116991],[-79.76836684233697,41.61762336411365],[-79.61318280334348,41.61687075855674],[-79.61174086627696,41.850322450073136],[-79.68110312480847,41.851513427134584],[-80.14650427541392,41.84904377558382],[-80.5193791673507,41.849594480955204],[-80.51920506935707,41.489057385468335],[-80.4449664293749,41.487160592943255]]]}},{"type":"Feature","properties":{"NAME":"Cumberland","FULLNAME":"Cumberland County","STATE":"Pennsylvania","FIPS_STATE":"42","FIPS_COUNTY":"041","GEOID":"42041"},"geometry":{"type":"Polygon","coordinates":[[[-77.4617616883767,39.97734685393455],[-77.45381882505868,39.97252561705754],[-77.472131718744,39.94443498050339],[-77.40349746300356,39.99454037298968],[-77.22875949967491,40.02516067128835],[-77.18560492121101,40.02953396208227],[-77.16039004931393,40.05330200645532],[-77.02878379154541,40.14788131563382],[-77.02273927683191,40.14583484361867],[-77.02006988445612,40.14816950281963],[-77.01124025729023,40.148480936033984],[-77.00559798031318,40.15113517790383],[-77.00315710048106,40.153287342391046],[-76.99689641966917,40.15333152591117],[-76.99212974317595,40.1552466466321],[-76.9867263075717,40.15516828763167],[-76.98146611822096,40.15377457274898],[-76.97884511898785,40.152033844545905],[-76.97566978646088,40.15290860129367],[-76.97129474309222,40.15714464813346],[-76.97313733416533,40.159090378653595],[-76.9776116395763,40.15890596939424],[-76.98056439472865,40.16046030809208],[-76.98185357148448,40.162989515047805],[-76.97794693845101,40.16479400264274],[-76.97304830393415,40.16298220927139],[-76.96732345651112,40.16263929136052],[-76.96451167577293,40.16485796661313],[-76.96015200078212,40.16378661501898],[-76.95037832150774,40.16588008519218],[-76.94285448633718,40.16419460933982],[-76.93925119012066,40.16434519528069],[-76.93326457362386,40.161864917372206],[-76.92947809385292,40.161322476720315],[-76.92051565526384,40.162518621069005],[-76.91102951593214,40.16492992944023],[-76.90964824748666,40.16603635963058],[-76.9060219624837,40.16575890374469],[-76.90559036690546,40.16733326816927],[-76.9076894638231,40.1694028939629],[-76.92377795189684,40.177383191206715],[-76.92846885010594,40.18444250334406],[-76.92751175086626,40.18768642441975],[-76.9256428454435,40.188480227213034],[-76.92063710479532,40.18664206643936],[-76.91614127395354,40.18279863032501],[-76.91393682711093,40.18283208419017],[-76.911900073274,40.18491578858384],[-76.91346547569145,40.18884586918861],[-76.90919589902872,40.18896290500302],[-76.9085394695079,40.19050955454212],[-76.91378857813959,40.19347985440449],[-76.91511401629018,40.19601832036017],[-76.91832827012344,40.19808593706451],[-76.92674780648065,40.197684211406944],[-76.92877070200771,40.19674352125653],[-76.93111757763693,40.19754031191623],[-76.93156652147995,40.199108322953336],[-76.92693544927214,40.200057475260685],[-76.92590470704378,40.20259687233543],[-76.92365780492251,40.20366595565923],[-76.92372354004176,40.20596207298837],[-76.9221389199654,40.208340599242625],[-76.91878310242315,40.21016839599461],[-76.91550157375825,40.20924808831413],[-76.91511345035153,40.20607978111117],[-76.91303827377325,40.204576151480815],[-76.91101513300612,40.205023410475356],[-76.90998101850221,40.208266613340065],[-76.90660556738106,40.20927331385494],[-76.90619995018253,40.21132843257561],[-76.90756848051728,40.21417654712927],[-76.90565926229785,40.21719359458751],[-76.9036517135891,40.21636292810932],[-76.90237154334234,40.2125424391074],[-76.90025550330009,40.2119754163996],[-76.89877509588155,40.214829702960785],[-76.89961699786413,40.217203307718336],[-76.90330436561145,40.22123868102477],[-76.90424074251416,40.22355467483778],[-76.90349394966228,40.22433829347822],[-76.90034042823042,40.223440916940056],[-76.89717225347967,40.224646173439204],[-76.89293039613163,40.21894279382138],[-76.8917106905883,40.2158327732485],[-76.88817362895432,40.21368417534359],[-76.88534836899527,40.214113122191144],[-76.87948187072668,40.21783369585162],[-76.87255643211294,40.215536419416445],[-76.86677600412666,40.216011854240016],[-76.86479457842638,40.21821595090623],[-76.86115262500824,40.21902079109036],[-76.86194735465864,40.222982987581865],[-76.85783988258217,40.22659706358064],[-76.86533158321839,40.23098286519149],[-76.87875012375748,40.24464824169413],[-76.89006944341139,40.25000128855866],[-76.90270672902933,40.25959409229481],[-76.9130541748521,40.27138039220486],[-76.91511975652485,40.279736038465956],[-76.91995922081055,40.28408084485901],[-76.92324254251277,40.2888797484536],[-76.9237409745448,40.29271221537507],[-76.92175192035111,40.301745629887805],[-76.91638319295448,40.31308587042943],[-76.91320653631081,40.31763370418133],[-76.91152159957007,40.32271981113581],[-76.91185038476067,40.32558100081221],[-76.91394406663382,40.32882571430837],[-76.94898180416031,40.31695090065345],[-76.974228780049,40.310257733256506],[-77.01806024626603,40.304309842061016],[-77.04150702257988,40.304491730044],[-77.05936078642515,40.30338176330357],[-77.06341722521032,40.30204957059729],[-77.07436304513203,40.302324829210356],[-77.09512082333902,40.30040639073533],[-77.10274712394414,40.29852191937128],[-77.12515213749771,40.296665646943765],[-77.16033567608642,40.28978464397028],[-77.18209450450667,40.28784208326053],[-77.20420216761636,40.287168495942666],[-77.2306087427727,40.283658948701394],[-77.2388698693144,40.28418996844329],[-77.24322724282145,40.282521196447924],[-77.26976424617052,40.27873994771579],[-77.31194298384298,40.267827204395935],[-77.31699612230051,40.26767745486387],[-77.33091789457019,40.27650560938594],[-77.33040415704235,40.28067519867255],[-77.32363218930671,40.28869200562338],[-77.3226237971626,40.29131660081188],[-77.32289940657998,40.29255941429149],[-77.32670898024026,40.2926577077624],[-77.3353083620123,40.2896144802835],[-77.36042619519742,40.274787937637754],[-77.38482517942423,40.26281106203807],[-77.4021661004637,40.25704117544064],[-77.41356774352688,40.25530254715157],[-77.42118122966448,40.25587900527066],[-77.42299373705707,40.258548588906464],[-77.4202331522052,40.263182418263],[-77.41647005019122,40.2667644814719],[-77.41094902511627,40.26928022463367],[-77.41093800727931,40.271486511593345],[-77.40892247434432,40.27480812116123],[-77.40312001697232,40.27986659699065],[-77.38667652098653,40.29043784615318],[-77.36281104441034,40.30380325546213],[-77.35958152640376,40.306770403076015],[-77.35734341519588,40.312561857083516],[-77.35979107910504,40.31416153180816],[-77.3657784744412,40.31372336275575],[-77.38431673027847,40.307658680422875],[-77.40178936410152,40.299948326393114],[-77.42690600522228,40.286421567407906],[-77.4575344564998,40.26621209757474],[-77.47330536047617,40.25430309916133],[-77.49838643459991,40.2395629188457],[-77.52616038395924,40.2259396693562],[-77.52909620137693,40.222822625357736],[-77.53657861253478,40.219159397576725],[-77.55645828036502,40.21917002820766],[-77.5629469284432,40.215949486038745],[-77.57805225625253,40.20671335245057],[-77.58015053839823,40.20394336220477],[-77.59043719612404,40.195892150745266],[-77.59326016717573,40.1920981332872],[-77.59941599662767,40.18815172447383],[-77.60544773819616,40.18535911381654],[-77.6146897181286,40.198615623509994],[-77.62726413874464,40.18875304933549],[-77.62276429962006,40.183336273015506],[-77.61646076647415,40.172376717444486],[-77.61369713453686,40.17033653613168],[-77.61421407725364,40.16677962003825],[-77.61337924591065,40.16201080448735],[-77.61026944458537,40.158053933825535],[-77.60858750013281,40.15310771467392],[-77.60406570528436,40.15129370819165],[-77.60143944641526,40.14779425436292],[-77.59898008284785,40.147109321551326],[-77.5959220765852,40.14343851392856],[-77.59324732036886,40.14220650976866],[-77.59218973737813,40.13897742271592],[-77.59291170708376,40.13527541532719],[-77.58986639671103,40.13370816598647],[-77.58209554280364,40.13426102472893],[-77.57554311793355,40.128471567157284],[-77.56848514637437,40.126024329168715],[-77.56470573993798,40.12176057868662],[-77.5644829622391,40.11986112621784],[-77.56282120562594,40.11911302524269],[-77.56278740471674,40.11578236926901],[-77.56072748422693,40.10844794413606],[-77.55792912521738,40.103087392350155],[-77.56150358012337,40.09831911681119],[-77.56045802287936,40.09438306823342],[-77.55915202786478,40.09395729594264],[-77.55398995700097,40.09591463649999],[-77.55228793969339,40.09502336062513],[-77.54987604220727,40.090880496982614],[-77.54305927369178,40.08970776624249],[-77.54312726897228,40.087134245288006],[-77.54692652997308,40.08626196079334],[-77.54244298449112,40.08385932671234],[-77.54367296586297,40.08230104668325],[-77.54098179383313,40.08056461819328],[-77.54205244731125,40.079138650852684],[-77.54569905040928,40.07832564835394],[-77.54023528934046,40.07676500564237],[-77.5422503560498,40.07497999676341],[-77.54041537101219,40.07487048394101],[-77.53981688013224,40.07395456199541],[-77.5418781022809,40.0698765132341],[-77.53548309728288,40.07066502974546],[-77.53194877012061,40.067277964615535],[-77.5331060912607,40.06598154984641],[-77.53301981616251,40.063026671220854],[-77.52947543415728,40.05764226057268],[-77.53270439341175,40.04878392297282],[-77.52794657340893,40.0473685075797],[-77.52623825621627,40.04564271210595],[-77.52191204167318,40.04660927859411],[-77.51812888207553,40.04521798016262],[-77.51704790695479,40.04410724912888],[-77.51970556463802,40.04072626037234],[-77.51936726628854,40.0393398150222],[-77.51509513841039,40.03453447918608],[-77.51240067046176,40.03367079134708],[-77.50748826477158,40.02861501697795],[-77.50929501845476,40.025079369523645],[-77.50003443171785,40.01328106563792],[-77.4986558285738,40.00881381738688],[-77.49564923828477,40.00528035036857],[-77.48919783435828,40.00126528861466],[-77.4816925943141,39.99353579975907],[-77.47885524123468,39.991801269168704],[-77.47410552223909,39.991723955201],[-77.4710140528338,39.98701270893289],[-77.465524193011,39.98426544275885],[-77.4617616883767,39.97734685393455]]]}},{"type":"Feature","properties":{"NAME":"Dauphin","FULLNAME":"Dauphin County","STATE":"Pennsylvania","FIPS_STATE":"42","FIPS_COUNTY":"043","GEOID":"42043"},"geometry":{"type":"Polygon","coordinates":[[[-76.86533158321839,40.23098286519149],[-76.85861463998884,40.2268507786475],[-76.83802599748189,40.22125340966885],[-76.83280254563303,40.21665689461206],[-76.82864757783085,40.20563679645823],[-76.82457874588802,40.2026568720482],[-76.81914960050031,40.20142621619905],[-76.79990128931301,40.200606488814884],[-76.78668798507027,40.19181014765957],[-76.77299573594895,40.18434308017845],[-76.76271181718646,40.179551000591744],[-76.75235941895154,40.176477686846816],[-76.74901877125947,40.17017071440939],[-76.74774342945734,40.15998485445911],[-76.7479846360943,40.15426903080098],[-76.7457429388118,40.14737130693743],[-76.74356838700353,40.13165766946545],[-76.73978413235955,40.12773477598492],[-76.73262955238145,40.12328652447069],[-76.721368457931,40.12083691744061],[-76.71570869524696,40.13187034181115],[-76.70672261120298,40.13517427803541],[-76.70713958400503,40.13607680604923],[-76.70989635101694,40.13670254960799],[-76.70996172860669,40.1374942902928],[-76.70495144787303,40.14370447297853],[-76.69924522791577,40.145448128419915],[-76.6988900753749,40.1484412860624],[-76.69628270897456,40.15010039690367],[-76.69562156599343,40.15161814400576],[-76.69594383300836,40.15442185026517],[-76.69762051423164,40.1558853066356],[-76.6973584073913,40.15666047589906],[-76.692660750258,40.15736767162549],[-76.69085333631311,40.15649802478119],[-76.69174427822537,40.15415082904159],[-76.68975548364482,40.151853848233365],[-76.6902537665565,40.14817497476418],[-76.68316597901473,40.15174714861097],[-76.68123694036689,40.15139459627758],[-76.68050506314198,40.14907370735306],[-76.67708504929456,40.148911885594025],[-76.67639039556008,40.153165241762295],[-76.67433333081456,40.15436938373203],[-76.67228209703354,40.153800239121324],[-76.670434002881,40.154586498628554],[-76.67302073677592,40.157390947408786],[-76.66873628311376,40.15950109655031],[-76.6661858348681,40.16304448271781],[-76.66203695584692,40.16335747403954],[-76.66077862005145,40.16514221686436],[-76.65494604576122,40.16391043406763],[-76.65309617384274,40.16604516090332],[-76.64459456650286,40.164671217682184],[-76.64072247009881,40.16723855926019],[-76.63840012566338,40.166744648033294],[-76.63650969750474,40.168136601605276],[-76.63719612536616,40.169050122337964],[-76.63653373193017,40.169776698884185],[-76.63420224803502,40.17105403675789],[-76.63380533371495,40.17003557789379],[-76.63197736631632,40.17078443692618],[-76.62619820405628,40.17814555685089],[-76.61593560141716,40.18034417450875],[-76.61451096320809,40.18156869227296],[-76.61477585213088,40.18244992744551],[-76.61229009606039,40.183896101347045],[-76.61289321236576,40.18552667725303],[-76.60985331524091,40.18810343788068],[-76.607880398383,40.18835606800368],[-76.60824985210317,40.18921299421391],[-76.60709789121037,40.19052493217163],[-76.5999981372107,40.188277845354804],[-76.59614565372426,40.18885981569377],[-76.5957009157934,40.189734248221406],[-76.59433224442316,40.18910284113144],[-76.58807214032966,40.190597941724455],[-76.58599150468939,40.18940720431913],[-76.58383843159957,40.19082625038471],[-76.5827230231557,40.190591524836165],[-76.5804159985891,40.1944945860408],[-76.5711114312342,40.194403627307395],[-76.56637857002323,40.19595555773913],[-76.56637123797388,40.196772403892695],[-76.56945890391225,40.1957813937004],[-76.61134514922989,40.304361486947734],[-76.67909120651291,40.47414059366414],[-76.53540272225904,40.5551086461372],[-76.70157672438732,40.65787927140541],[-76.70197421273087,40.65600179265022],[-76.70390555825236,40.65522635235898],[-76.71314069481896,40.65946200284713],[-76.71484119846528,40.65931201855395],[-76.71815092165369,40.6584419553972],[-76.72000463117507,40.656832300872495],[-76.72136065067286,40.65375992076876],[-76.7238675980009,40.65310550185436],[-76.73417278527604,40.65489089412675],[-76.74471783980006,40.654723380074884],[-76.74983326204949,40.653055053467064],[-76.75621642545543,40.648097901601304],[-76.77806334087582,40.646036011533404],[-76.78655159296237,40.64153548034291],[-76.79131241513485,40.640675409440625],[-76.79457680214752,40.64068409161392],[-76.79451548314623,40.64160155450334],[-76.79776250213116,40.644524021571286],[-76.80135765871287,40.64550039560785],[-76.80237331912595,40.64721887387861],[-76.80404934278245,40.64705683754621],[-76.80962883021608,40.642601612955986],[-76.81075252202521,40.633926500514804],[-76.81543107648399,40.63323270629304],[-76.82519890592923,40.63449153388582],[-76.82761093007781,40.63386300111071],[-76.83358616761491,40.62746350293826],[-76.84095839770823,40.62533695934077],[-76.85543270125129,40.62578550397047],[-76.86515978940345,40.62735320235062],[-76.86914401172463,40.624144268785],[-76.86958024260974,40.61831312332719],[-76.87206713954062,40.6165912831645],[-76.88697685470525,40.617683312485475],[-76.89151687816745,40.61487127115818],[-76.88942587147723,40.61231897859081],[-76.8908727492778,40.61018960007391],[-76.8991941132492,40.61054854248519],[-76.90330990911507,40.6118617414917],[-76.92005013211394,40.610126119700084],[-76.9209994842826,40.608721387288064],[-76.91822490727189,40.6053991785301],[-76.9183608286626,40.60360408860691],[-76.9204150655116,40.60404633335506],[-76.92636028943674,40.60933822630114],[-76.93672097283353,40.61277225529422],[-76.94820332593171,40.6285857827549],[-76.95051331224381,40.625830571739726],[-76.95119281678933,40.604547840574966],[-76.95489293971538,40.59382763986975],[-76.96346649761794,40.586559928317534],[-76.98376829188501,40.57607739182113],[-76.9891868578136,40.56997446222762],[-76.99043272409462,40.56570717672672],[-76.98193890335162,40.54906542058143],[-76.97963462313824,40.54164598836433],[-76.97891577328159,40.5364524704112],[-76.97944323616863,40.531160909464695],[-76.98277043787753,40.52179669706499],[-76.98187185220051,40.51602096684082],[-76.9769436056186,40.50856298902851],[-76.96796627565709,40.49982897469298],[-76.96266436854455,40.49627109979023],[-76.95250450083459,40.49211871301284],[-76.9504879510067,40.49037090189099],[-76.94735709227284,40.48209665544329],[-76.9477104661494,40.46977056215306],[-76.95101344837992,40.46280485289424],[-76.95570216458121,40.45795464878041],[-76.97883042793968,40.44662410289625],[-76.98856459840955,40.438030673142194],[-76.99665617153462,40.43524293125793],[-77.00331531626048,40.42674739827156],[-77.01619902682886,40.42520043134884],[-77.01687373796402,40.42332258287803],[-77.0163204574957,40.41809700858958],[-77.01230683241697,40.40987346554482],[-77.0116529451284,40.40560512533358],[-77.01487490381186,40.3994855577747],[-77.02085337528399,40.39707266394822],[-77.02661787614028,40.39239126406026],[-77.02832065611753,40.387132169594004],[-77.02573706452948,40.380660798001244],[-77.02113512468634,40.3748182110807],[-77.01965834915647,40.366977260610234],[-77.00762905140766,40.358362189526595],[-76.99524149025214,40.356655532161994],[-76.98156665766756,40.35809228305853],[-76.97149871725557,40.35715043212838],[-76.96202481387634,40.358830013116965],[-76.95136567870115,40.35910532705338],[-76.94476763199103,40.35791498207481],[-76.93829546440506,40.358498055851484],[-76.93228741769883,40.35632080410432],[-76.93023773081673,40.353676871178145],[-76.92517009624547,40.34162372008138],[-76.9169882639939,40.33404827549511],[-76.91175339455775,40.325193419868555],[-76.91152159957007,40.32271981113581],[-76.91320653631081,40.31763370418133],[-76.91638319295448,40.31308587042943],[-76.92175192035111,40.301745629887805],[-76.9237409745448,40.29271221537507],[-76.92336415104603,40.28911116029475],[-76.91995922081055,40.28408084485901],[-76.91511975652485,40.279736038465956],[-76.9130541748521,40.27138039220486],[-76.90270672902933,40.25959409229481],[-76.89006944341139,40.25000128855866],[-76.87875012375748,40.24464824169413],[-76.86533158321839,40.23098286519149]]]}},{"type":"Feature","properties":{"NAME":"Delaware","FULLNAME":"Delaware County","STATE":"Pennsylvania","FIPS_STATE":"42","FIPS_COUNTY":"045","GEOID":"42045"},"geometry":{"type":"Polygon","coordinates":[[[-75.41401716515279,39.80162392581291],[-75.3928379629915,39.81037395174233],[-75.38894544249119,39.81312441720816],[-75.38570856458747,39.81821745126818],[-75.38185413355349,39.821354312751296],[-75.36470722885247,39.832654266501365],[-75.34264255192576,39.84484493563832],[-75.30610358403239,39.849165375606084],[-75.28181398675942,39.84795997787523],[-75.26842802811571,39.849267821447405],[-75.25672546111045,39.85136472754953],[-75.23261488819213,39.857607729302906],[-75.21160165876276,39.867366800938605],[-75.21590869068127,39.87186702190604],[-75.21563384213695,39.876123264428806],[-75.22136875158947,39.875479471476744],[-75.23394121208158,39.87712647892339],[-75.24037091271082,39.87233531556484],[-75.24872954868167,39.87641382847655],[-75.25228657806777,39.87579969553563],[-75.26246470223926,39.87672704190073],[-75.263182817274,39.87995005759813],[-75.26505297854152,39.88185143303599],[-75.26167738458828,39.88292718515155],[-75.26478505870297,39.884306456339196],[-75.26251174521406,39.885782830370474],[-75.2641683517857,39.8858204137066],[-75.26504252125329,39.88760728648975],[-75.26216481764797,39.8885766869083],[-75.2617474217394,39.89163470068208],[-75.25896205955539,39.89243269570379],[-75.25686705446384,39.89455837226195],[-75.25737661033403,39.89579820666645],[-75.25535158220649,39.89832740109607],[-75.25551684347268,39.89948888552669],[-75.25131352834191,39.9044335595109],[-75.25322149430983,39.905476606724775],[-75.25025147802927,39.90771468026803],[-75.24987855771043,39.90933412604495],[-75.25116383937117,39.91027045608482],[-75.24711276262992,39.913723603028345],[-75.24748204567018,39.9217278882827],[-75.24438480997908,39.926274729694306],[-75.2443195725265,39.93039491822958],[-75.2420602763493,39.93342468665194],[-75.23738354726716,39.932603144810834],[-75.23482277737891,39.93674999626998],[-75.23525088390059,39.93831904826783],[-75.2406186051841,39.93863028235472],[-75.23939527763356,39.94060347022336],[-75.24021320088627,39.942105210159276],[-75.24662240555398,39.942736799091755],[-75.2515132498807,39.949144191214366],[-75.25157930839345,39.95210240917864],[-75.24894895949485,39.95661278632973],[-75.25085527974917,39.95900375163244],[-75.24834808987605,39.96045553013628],[-75.2474355569559,39.96346481645286],[-75.25017884384866,39.96504448110009],[-75.25411763567095,39.96541350318351],[-75.2578621677114,39.963580890764334],[-75.2588474974072,39.965620836428684],[-75.2604001302729,39.96627893057582],[-75.26541082243494,39.965248919635464],[-75.26991291453426,39.96735812949297],[-75.2705580477404,39.96866990900559],[-75.27516756307631,39.96931169864139],[-75.27654389527932,39.97126890681194],[-75.2775412022128,39.971147666418794],[-75.2802787803119,39.97499578344934],[-75.2764885985837,39.97695417120305],[-75.28007770770694,39.98211268503167],[-75.31177115127964,40.02011556154605],[-75.32068311712615,40.01620831576407],[-75.3591917095519,40.066306603200154],[-75.41497626224564,40.04179190540825],[-75.40433330932198,40.02741948213431],[-75.4536892896705,39.99356467448358],[-75.44341339376182,39.9938145095754],[-75.44309111147554,39.99275275986956],[-75.44090174016003,39.9917928328197],[-75.44037029683794,39.99286847199078],[-75.43766703168774,39.99365370801907],[-75.43695871188284,39.992929156565],[-75.43854620027989,39.99189261126546],[-75.43851428134121,39.990656458510315],[-75.435626733997,39.98894068905978],[-75.43574956693399,39.985302571153554],[-75.52379223071335,39.94409575944307],[-75.51833965097484,39.936061105106525],[-75.51896742064486,39.93429445609451],[-75.52449395688404,39.93159702671099],[-75.52618443982338,39.935049499169025],[-75.53018986148695,39.93338077436847],[-75.52973033908313,39.93243249499367],[-75.5305940153299,39.93203532416627],[-75.5246466318548,39.92419151104867],[-75.52470564308412,39.92258199474081],[-75.52663390379095,39.921670598962486],[-75.52771486184368,39.923132423392175],[-75.5302159665291,39.922070201926225],[-75.53620437336826,39.92990549653517],[-75.54264563621354,39.92717011792777],[-75.5409098620142,39.92486941375809],[-75.54421981517133,39.92336158651579],[-75.54403533624627,39.92035028234965],[-75.54252612704308,39.918479096269955],[-75.55044980504155,39.91493729222183],[-75.54639431308068,39.90973952913636],[-75.55604899252937,39.90538024620474],[-75.55863170466677,39.90867822930897],[-75.56133442723454,39.90744808626868],[-75.55928702117497,39.90475953952794],[-75.56122063943413,39.90386415457393],[-75.56025883032741,39.90256996555675],[-75.57337616395509,39.896400657183385],[-75.57265612203406,39.89543455083557],[-75.57319281331405,39.8924208477999],[-75.57531525654761,39.89154407448235],[-75.57228189556479,39.887610104269584],[-75.58047029539941,39.88353494834927],[-75.5821369316612,39.88530528295081],[-75.58790453619679,39.88419775419479],[-75.58533841684101,39.88113350994021],[-75.59823748321087,39.8747659690402],[-75.59257770076387,39.868018317034824],[-75.59661472066755,39.86476677271085],[-75.59635243506247,39.86284387366083],[-75.6015506352687,39.85590361573507],[-75.5986952556965,39.85419824130121],[-75.59201539402356,39.85243523936396],[-75.59198510103555,39.85136881162742],[-75.59401827418779,39.84999611052941],[-75.59500812420609,39.844515692548406],[-75.59779886550203,39.84080669745363],[-75.59754671738493,39.83897169423191],[-75.59557557649633,39.8374461788079],[-75.59250547172344,39.83809659526956],[-75.58958207171791,39.84261680125732],[-75.58643090746537,39.84429466855686],[-75.58380235340071,39.84311825803396],[-75.57994325472052,39.838862511902214],[-75.56114069386541,39.839514619357146],[-75.54058118641807,39.83892713648393],[-75.52202388270351,39.83722047668733],[-75.50230984714369,39.834159753272495],[-75.47937566659895,39.82887156449251],[-75.45816006919397,39.82218311354197],[-75.43679854047106,39.8134767982941],[-75.41401716515279,39.80162392581291]],[[-75.46868115397123,39.85997970396166],[-75.45523506030575,39.865826590952715],[-75.46868115357991,39.85997970344231],[-75.46868115397123,39.85997970396166]]]}},{"type":"Feature","properties":{"NAME":"Elk","FULLNAME":"Elk County","STATE":"Pennsylvania","FIPS_STATE":"42","FIPS_COUNTY":"047","GEOID":"42047"},"geometry":{"type":"Polygon","coordinates":[[[-78.64804181110232,41.21738898676971],[-78.64778984444492,41.25423940721002],[-78.34238526562649,41.23495671760999],[-78.23683233130865,41.229895884803526],[-78.23458762197498,41.299169930683846],[-78.23467632342279,41.32341251751471],[-78.25416881916219,41.323546797701205],[-78.25366869650078,41.40478343507511],[-78.42002863821477,41.40502379319093],[-78.42021603217293,41.473773939167764],[-78.42115875118155,41.47384245167741],[-78.42031786878681,41.4851355616417],[-78.42030172426453,41.543937755607345],[-78.41836914535612,41.5439231059522],[-78.41915488556548,41.602159429724495],[-78.48290875875898,41.60232967225029],[-78.48381505826936,41.63148081182217],[-78.67606582179236,41.624971671373366],[-78.81523687431513,41.62424877372251],[-78.81497069181837,41.62267293138641],[-78.95613762573097,41.62333433255631],[-78.9572616472218,41.57840184859578],[-78.95692277574716,41.52539222929735],[-78.95826171288152,41.436933249092895],[-78.97602095689092,41.43663436181116],[-78.9760231532718,41.45081270379148],[-79.06234804868338,41.451788521349236],[-79.06373715043813,41.422322173388196],[-79.09233166050387,41.42227665857345],[-79.09508328376245,41.340451042959614],[-79.0911458645659,41.3410243385584],[-79.08229903106907,41.35149699961468],[-79.07713769592546,41.35392443951563],[-79.07375242891322,41.35361893960505],[-79.06781824797787,41.35062809331245],[-79.06359199167137,41.34989388548181],[-79.04879549297863,41.35168599562853],[-79.03814693277096,41.3570499193027],[-79.02884677883904,41.357283645709906],[-79.02245296770204,41.35252757819798],[-79.02132361470998,41.35066042491436],[-79.01735817795803,41.3499193862301],[-79.01589691543482,41.35122211017787],[-79.0144203950265,41.35674722357603],[-79.01334595964104,41.35770568093207],[-79.00985360805706,41.35890509108046],[-79.00241388663812,41.35922344789789],[-78.99995529292691,41.3612871941005],[-78.99814662403554,41.364568896188146],[-78.9929224930603,41.36820677958243],[-78.98257771343731,41.36694018503599],[-78.97859091025634,41.36976120325529],[-78.97460173192975,41.375054908622666],[-78.97139016585581,41.376267992948634],[-78.96797039455352,41.373357386300476],[-78.96624382898418,41.37025277044129],[-78.96362624963736,41.369550465748574],[-78.95930605111172,41.371320438832214],[-78.95926613626868,41.362168818354455],[-78.73528458979986,41.26291616244928],[-78.7395233802995,41.25386221695623],[-78.73915126756611,41.23078738568639],[-78.70999906001579,41.23103401258813],[-78.70996386132802,41.20188353412067],[-78.64804181110232,41.21738898676971]]]}},{"type":"Feature","properties":{"NAME":"Erie","FULLNAME":"Erie County","STATE":"Pennsylvania","FIPS_STATE":"42","FIPS_COUNTY":"049","GEOID":"42049"},"geometry":{"type":"Polygon","coordinates":[[[-80.14650427541392,41.84904377558382],[-79.68110312480847,41.851513427134584],[-79.61174086627696,41.850322450073136],[-79.6098964929463,41.998754343676985],[-79.76195421239308,41.99888549321208],[-79.7618471790253,42.26804862494111],[-79.76186724289717,42.26934978278177],[-79.76280133718073,42.269265084874945],[-79.77298810673852,42.2644113033227],[-79.77723841543673,42.26538160809152],[-79.78203127243057,42.26445429508573],[-79.79115265173948,42.25917364233222],[-79.79352346028452,42.2599667804984],[-79.79532408476248,42.25881520401607],[-79.79474227739401,42.258055295255495],[-79.79672204121101,42.256087732867016],[-79.80139766716196,42.25544967134392],[-79.81812602790751,42.245228200126384],[-79.82611400102583,42.24304532392355],[-79.83171469229343,42.24288642522639],[-79.83785606156422,42.23834724606237],[-79.84387150320187,42.23546863935682],[-79.86904768555797,42.23051049580233],[-79.87245036820862,42.23180502118435],[-79.87396748348463,42.23145813787619],[-79.90237547095803,42.21580891577237],[-79.9071719086366,42.21531385897491],[-79.91641064565086,42.21061099013738],[-79.91895208109925,42.210721917584856],[-79.92513942345136,42.20699920546781],[-79.93093914186005,42.20676183802935],[-79.93739323803746,42.20291178593322],[-79.94591833991528,42.199786126102815],[-79.95493364076555,42.19379149635392],[-79.96336759238814,42.191118395660375],[-79.96730391294508,42.1882377833072],[-79.9848760145246,42.1807596783457],[-79.98931540960699,42.17681066453546],[-79.99381769125081,42.17454910980475],[-80.00426392570368,42.17078726302431],[-80.01215293502038,42.16615297999311],[-80.0149551531924,42.16625592293107],[-80.0415846093539,42.153330260185825],[-80.03738546959259,42.14751345514787],[-80.0415846093539,42.15333025951984],[-80.06098175970568,42.144970550916426],[-80.07076230210883,42.14545554524225],[-80.07500586266264,42.14782073268173],[-80.07341055532936,42.14896750405186],[-80.07448149626835,42.15005642307146],[-80.07324900859686,42.15078322136233],[-80.07462356033895,42.15306749421975],[-80.0846606768586,42.14854471940679],[-80.08527187350994,42.1464058279411],[-80.08204314422417,42.14491164828567],[-80.08179417793981,42.14306955383255],[-80.08664737926289,42.14092316229666],[-80.09052353605199,42.1377167408845],[-80.09139560346182,42.13902936565823],[-80.09087631434552,42.137590001219344],[-80.09328594268725,42.136626890181724],[-80.09423066493893,42.13794186633376],[-80.09519594333929,42.137567368681395],[-80.09593153060631,42.13546223616853],[-80.09509005262852,42.13413745114763],[-80.09813724407348,42.13333088487447],[-80.09756964445953,42.13240927917673],[-80.09968493620511,42.13063838090526],[-80.10082605712739,42.13100953455788],[-80.10531496734822,42.12931745099832],[-80.10674618481845,42.13163731442233],[-80.10815665120562,42.13142263652788],[-80.10898275182235,42.131079766219955],[-80.10724488005685,42.12840312675592],[-80.10904913193195,42.12775351225428],[-80.10951020033637,42.13032276431609],[-80.11027205883389,42.13030315643763],[-80.10987130960586,42.12746436831322],[-80.11076479375038,42.12727206066182],[-80.11332632451169,42.12996902811518],[-80.11225270389819,42.128332792857805],[-80.11398122420158,42.12709142101458],[-80.11366199618729,42.12590990128486],[-80.12764284885655,42.12121692194314],[-80.1301866899933,42.12378590874344],[-80.13339477329887,42.12254320317145],[-80.1318742453231,42.12000949483418],[-80.13229912419797,42.1189393206598],[-80.15125500052262,42.112965800330535],[-80.15048942569477,42.113928544772044],[-80.1520908775046,42.11431742667813],[-80.14648243197946,42.12552762052926],[-80.1429088906601,42.1268037997559],[-80.14190545362312,42.12814649525965],[-80.1437082053117,42.13081982986931],[-80.13947258855995,42.13979640968632],[-80.13303167695598,42.14264306968961],[-80.12719093069163,42.15029796482247],[-80.12126046249334,42.152305326760334],[-80.10579346845904,42.15261754587658],[-80.09004101138703,42.15437627984308],[-80.08895536682343,42.155296670807175],[-80.09097711969348,42.154874248758816],[-80.09260107160621,42.15583830623801],[-80.09306711757561,42.15860688267947],[-80.09191821903961,42.160658575115086],[-80.08910160267023,42.16160907238946],[-80.0827293493034,42.158034111988044],[-80.07992360793887,42.15226317365852],[-80.07249306281055,42.15523619882343],[-80.08213578298785,42.16630986057452],[-80.08293994764368,42.16990886124268],[-80.08376943131579,42.170170212382395],[-80.08390624563188,42.169377409795324],[-80.08429612973654,42.17106110391223],[-80.07986740035152,42.17011225465689],[-80.07961531331988,42.167766652933935],[-80.0780583865071,42.16942292443029],[-80.07870416829685,42.17083661821369],[-80.07752048250147,42.17045892829609],[-80.07875890085049,42.16611621537848],[-80.07322094882065,42.16706758478981],[-80.06996427564135,42.16889056074415],[-80.06881295704397,42.16868471057319],[-80.06885735358193,42.167710792990015],[-80.06613027050031,42.16958395812982],[-80.06269310242422,42.167343915967564],[-80.06091225974711,42.169452296769045],[-80.06222402553904,42.171153205960906],[-80.06532400648166,42.17203564034458],[-80.07693614907042,42.17090390488545],[-80.08968435955796,42.17301920944329],[-80.09635451223932,42.17304221078721],[-80.10033661094315,42.171544338406065],[-80.10166880442465,42.171985700212275],[-80.11152420883032,42.167325935498496],[-80.1165441141139,42.166329858799074],[-80.12288556694459,42.16046653140591],[-80.1278397757365,42.157361664538804],[-80.13420334239454,42.15069981019856],[-80.14259333765361,42.13857920096016],[-80.14811118718404,42.12622412540683],[-80.15421206489341,42.115603210108546],[-80.15800694840384,42.11105697985811],[-80.16105911022726,42.11003006196519],[-80.16671351356231,42.1054402853122],[-80.18792702867249,42.09406953560994],[-80.19771020313941,42.089797428739914],[-80.20618716340284,42.0879501962873],[-80.2175392625815,42.081931227159494],[-80.2320906649321,42.07742132678034],[-80.2362863057554,42.078319317559895],[-80.24007692586149,42.076993885303786],[-80.24738329776638,42.07085369533437],[-80.26602760241788,42.061014641802],[-80.28035422202991,42.05641654695307],[-80.29674625802465,42.048875323764456],[-80.32791576639444,42.03656576084079],[-80.3511332423421,42.02965520123806],[-80.36331018808934,42.0279031844437],[-80.370663107099,42.02428667619612],[-80.37597979598954,42.02342272462379],[-80.38876003770518,42.01779895711592],[-80.40252245423335,42.013240320280104],[-80.41984835364462,42.0097688236672],[-80.43180020044628,42.0059471572677],[-80.43695091929987,42.00583880665236],[-80.4578523453073,41.99709532999452],[-80.4888170557586,41.98762293827305],[-80.49395347972107,41.987031446227526],[-80.51934831381395,41.97720403463236],[-80.5193791673507,41.849594480955204],[-80.14650427541392,41.84904377558382]]]}},{"type":"Feature","properties":{"NAME":"Fayette","FULLNAME":"Fayette County","STATE":"Pennsylvania","FIPS_STATE":"42","FIPS_COUNTY":"051","GEOID":"42051"},"geometry":{"type":"Polygon","coordinates":[[[-79.39245791118934,39.721437809291295],[-79.38982317761383,39.724429538153494],[-79.38931361455712,39.72704926745506],[-79.39221093826657,39.73217367953476],[-79.39652571276454,39.73401138204853],[-79.39834944011501,39.733101123954974],[-79.40168000870958,39.73403751033726],[-79.40798547862323,39.733891173969354],[-79.40977176239602,39.73622159978423],[-79.40897865420472,39.740773082761805],[-79.4077463991969,39.742045837270695],[-79.40376813809594,39.74297029129381],[-79.39718332177333,39.742764632881894],[-79.39354117162415,39.74423846304566],[-79.39415883075563,39.7479351988424],[-79.39989781227132,39.75466863530627],[-79.39796535283887,39.75878547812252],[-79.3909188770204,39.76139811760752],[-79.38617495126006,39.761915551629066],[-79.37873231570634,39.768710151556725],[-79.37954841627734,39.77223089724691],[-79.39289590906063,39.77878490817926],[-79.395059323556,39.78170449737321],[-79.39498445436695,39.78335029811501],[-79.39127561598602,39.784245839483404],[-79.38361291295062,39.782363823521436],[-79.38204980393206,39.783855750204204],[-79.38095947375596,39.7890047783644],[-79.37957253155113,39.79002381952144],[-79.35830272620865,39.781017513582114],[-79.35343840104741,39.78346146635906],[-79.3512912460587,39.78722693093999],[-79.35236766672094,39.78817777607491],[-79.36344589292564,39.788575556749926],[-79.36574750424431,39.79065451495583],[-79.36808923432359,39.794872660645616],[-79.36937818200902,39.801089527570255],[-79.3663801400882,39.80336162015821],[-79.36407244537843,39.80752877318992],[-79.36571075416605,39.8129310949343],[-79.36569699377252,39.82089676494572],[-79.37113214080462,39.82688160763292],[-79.37374920811173,39.82801180877209],[-79.38305924081683,39.82773976731191],[-79.38330834184849,39.82997483319252],[-79.3814983551286,39.834779582194585],[-79.3819721589488,39.83652706742195],[-79.38958414310325,39.83974721293555],[-79.39557356773365,39.84401842567395],[-79.41740913563535,39.8535991349639],[-79.39886510812238,39.90066922194222],[-79.29324681418109,40.04062345778386],[-79.31031051692051,40.043275190803826],[-79.31236958131585,40.04436073386498],[-79.31641803317984,40.04377493427091],[-79.32485849040168,40.04058739544726],[-79.34151948648409,40.043021004687915],[-79.3428108847736,40.04444621656513],[-79.34414653587064,40.04995147501808],[-79.35163884107304,40.068620837159074],[-79.35551091951076,40.07430535618199],[-79.36057025454713,40.076045507683766],[-79.36747739447851,40.080195270563834],[-79.3733720737959,40.08164039011125],[-79.39258516293923,40.09013658279005],[-79.39705438927555,40.094605284802284],[-79.401870226971,40.10279295846178],[-79.40460409412967,40.10223370096866],[-79.41501670104817,40.104451666002106],[-79.42302489434522,40.11093677415517],[-79.43786893637439,40.11597074542893],[-79.44167461943115,40.11898722167803],[-79.44722164983524,40.1257534618437],[-79.44757934909993,40.1302540323269],[-79.45517408200766,40.13302372370821],[-79.45727376013531,40.13525342861392],[-79.46693545901964,40.13635534126621],[-79.47412767211989,40.14046149929891],[-79.48336306919794,40.143738003796564],[-79.48999785430823,40.14095273531881],[-79.49422867046309,40.14080481557176],[-79.49460460013813,40.1416738111466],[-79.49648966804946,40.141843931279276],[-79.4997681487306,40.14092387905123],[-79.5042227513924,40.14119702490205],[-79.506445316356,40.138672150717774],[-79.51775038154298,40.13326275202985],[-79.51806709517281,40.13086818706771],[-79.52714721845399,40.12294561592038],[-79.53053564663769,40.128077470387176],[-79.53471816127805,40.128438769920145],[-79.53532309218026,40.1259236225206],[-79.53862633671885,40.12411253825975],[-79.5415348624199,40.12015769541577],[-79.54013631398162,40.11416206845612],[-79.54203595705843,40.11171082048338],[-79.54632861323745,40.11202912953857],[-79.54822873781126,40.11021678750819],[-79.5532424689739,40.11262915356273],[-79.55668599263062,40.112932567380646],[-79.55917731735751,40.11136522402746],[-79.56083105650679,40.105156015763114],[-79.56642844197414,40.10607274231826],[-79.57200255478742,40.105250218968415],[-79.57527394147277,40.10340188365938],[-79.57895208082718,40.10514042022627],[-79.58471904306737,40.1028585240676],[-79.5853960089739,40.10203354731566],[-79.58457572045702,40.09783406567798],[-79.5912105693477,40.09417299718992],[-79.59323344331519,40.09103780229826],[-79.59188853507916,40.085300509361694],[-79.59313332607678,40.08212364865524],[-79.60229190372328,40.08298023847473],[-79.60054591747581,40.08426464147502],[-79.60300744688138,40.086052825503174],[-79.60274717260421,40.08986125525942],[-79.60520862385637,40.091481262139204],[-79.61273363132837,40.09345144496005],[-79.61462186220783,40.091323842394175],[-79.61668308345816,40.091595206964385],[-79.62062776373715,40.09273729324657],[-79.62189841094361,40.09446819612101],[-79.62571383533131,40.09210304063007],[-79.62555107138161,40.08993856867465],[-79.62710272957524,40.088358777797545],[-79.63549624623025,40.086004679361054],[-79.63830114048349,40.082986105373465],[-79.64232387717415,40.0836692581454],[-79.64404951927538,40.084957804204436],[-79.64104881205313,40.08686603676031],[-79.64121425028743,40.088364145283386],[-79.64402713505511,40.089514267463535],[-79.64832365668482,40.08769261660185],[-79.65329636987327,40.08908959799007],[-79.65468334890902,40.090367605745925],[-79.65429705716718,40.093705428528565],[-79.65755210170087,40.096761281867416],[-79.6600850166288,40.09718907956852],[-79.66168286619435,40.0944785494219],[-79.6634491579605,40.09483337202071],[-79.66448919685372,40.09713862691672],[-79.66815308623278,40.09707487130236],[-79.66857604001801,40.098739948665944],[-79.66622929015293,40.10156453885473],[-79.66760453898769,40.10461623826039],[-79.67110499427385,40.106217624504936],[-79.67583777373812,40.1057805488707],[-79.67720922090261,40.10692535079774],[-79.68366814282972,40.10861983140455],[-79.68530179564922,40.11375474914116],[-79.69124378384272,40.11323334792144],[-79.69638747517584,40.110237570386246],[-79.70197856345305,40.110324319768296],[-79.70482092823343,40.10781754121597],[-79.70810120644344,40.10775899117272],[-79.71553408808983,40.11123417510478],[-79.71792008445135,40.11341468796647],[-79.72284855561206,40.11330546574811],[-79.72242927054647,40.11495927840302],[-79.71845424338055,40.11702575535637],[-79.72415108851952,40.123030032151675],[-79.72564803392247,40.1228998712132],[-79.72748071927293,40.12065713041993],[-79.73421767247544,40.12087826787289],[-79.74449626782155,40.12813534355546],[-79.86922561935789,40.12807446607477],[-79.8755715062728,40.12946849190052],[-79.87698083269787,40.126743812576606],[-79.85225338397902,40.116217207039725],[-79.8494862010014,40.11421372996473],[-79.83829560902939,40.091152265349955],[-79.84039297938507,40.085895850933866],[-79.84503424208145,40.08152400854311],[-79.85087507548239,40.078850019092435],[-79.86103934673389,40.07616035613241],[-79.87080648447633,40.075741206921855],[-79.88200917226366,40.079326999260104],[-79.89110466751598,40.080485232118654],[-79.89746509725703,40.07970065644474],[-79.90149368467515,40.07694307132408],[-79.9020758666411,40.07425994171071],[-79.89916920135099,40.07164598185862],[-79.88460471413994,40.06847816485514],[-79.87980441370566,40.064786727213125],[-79.87926437081136,40.062019953776996],[-79.88024650789464,40.05914821142106],[-79.89060364294605,40.05143969954516],[-79.89202047838857,40.048472569495004],[-79.88997222611599,40.04466039735893],[-79.877220487046,40.036838423889414],[-79.87634053781787,40.03337933743598],[-79.87793499983647,40.03020253483498],[-79.88911861549198,40.02272760788552],[-79.90904307781386,40.02225112164544],[-79.9141438889652,40.02112357001484],[-79.92444180168317,40.01641797300098],[-79.9299849010596,40.011324529103696],[-79.93239960128942,40.003475505191986],[-79.93463232709715,40.00011914400231],[-79.93846152445481,39.99711568734016],[-79.94585583603613,39.99435008557043],[-79.95274149724908,39.99438749439372],[-79.95610788886054,39.99619760976091],[-79.95835692897218,39.99865683606294],[-79.96371286525746,40.0087254868624],[-79.96987815396936,40.01332638520824],[-79.98502156944839,40.01304611204554],[-79.99253302583436,40.00990004519375],[-79.99513564194349,40.007553489971386],[-79.99583875870627,40.00442901178237],[-79.99487337520304,39.99806633050138],[-79.99107118210117,39.989430261718766],[-79.99103255993383,39.986063677374055],[-79.99326491294075,39.984015631246066],[-80.00298186450323,39.98157362578718],[-80.0064976432515,39.9797697207343],[-80.00922830072969,39.97701711679044],[-80.01062528969263,39.97183281442412],[-80.01041359091613,39.96344751538311],[-80.00954012213447,39.95979841620941],[-80.00755528912431,39.9566572214901],[-79.99921374180514,39.951038713215],[-79.99495803423206,39.94952287283052],[-79.99086852666463,39.94976117834013],[-79.97309776445667,39.95538802169114],[-79.96452881940307,39.95512145010712],[-79.95551357335003,39.952478998204384],[-79.94325082951002,39.943374993904186],[-79.9233021252519,39.921531256249025],[-79.92324417942449,39.91781239713338],[-79.92855799101115,39.91039943219246],[-79.92940042928798,39.90538537312391],[-79.92809319729328,39.90153769842698],[-79.92098036651801,39.889138770672105],[-79.9164299028356,39.88381899863907],[-79.9154358747529,39.87954116381097],[-79.91760467375009,39.8761304555207],[-79.9274699551323,39.87232939746038],[-79.92963007640384,39.87035370308476],[-79.93062072951602,39.86608705174343],[-79.92531906944019,39.860215469813035],[-79.92434622183525,39.85587264374776],[-79.92936847800996,39.851137655331755],[-79.9370271871356,39.84744107571939],[-79.93854428264866,39.844633632138446],[-79.93633301130485,39.84170925638449],[-79.92670068912696,39.83942577837348],[-79.92372503951124,39.837343164877915],[-79.92148439505426,39.83013478116559],[-79.92121272924099,39.81338550440182],[-79.91093478517344,39.80148136595949],[-79.90853814826737,39.79534613360146],[-79.90916484534894,39.79144830870389],[-79.91256551577332,39.789000205317755],[-79.91839181263634,39.78704892933542],[-79.92684893001346,39.786882627038196],[-79.9316821474147,39.78532113740241],[-79.93376827086304,39.78322977573254],[-79.93502988461098,39.77806029434341],[-79.9327048937387,39.77069226958811],[-79.93423894764771,39.76423998543344],[-79.93038019212396,39.75731174368922],[-79.92363639465731,39.7537404942256],[-79.9124694229874,39.75124541684025],[-79.9030638472653,39.742283856228376],[-79.90574588792029,39.73429157499509],[-79.91605217383506,39.720732749956085],[-79.39245791118934,39.721437809291295]]]}},{"type":"Feature","properties":{"NAME":"Forest","FULLNAME":"Forest County","STATE":"Pennsylvania","FIPS_STATE":"42","FIPS_COUNTY":"053","GEOID":"42053"},"geometry":{"type":"Polygon","coordinates":[[[-79.09508328376245,41.340451042959614],[-79.09233166050387,41.42227665857345],[-79.06373715043813,41.422322173388196],[-79.06234804868338,41.451788521349236],[-78.9760231532718,41.45081270379148],[-78.97602095689092,41.43663436181116],[-78.95826171288152,41.436933249092895],[-78.95692277574716,41.52539222929735],[-78.9572616472218,41.57840184859578],[-78.95613762573097,41.62333433255631],[-79.03474765024366,41.625428472020324],[-79.15306967189628,41.626719065280255],[-79.4024668870844,41.62610852971455],[-79.51222743586996,41.624624243854264],[-79.51173946741436,41.47703007747461],[-79.5105995160986,41.472727716264146],[-79.51098011791143,41.46529006075531],[-79.52198235921952,41.46529174432557],[-79.52164108564982,41.44057667657663],[-79.47815632511502,41.44017732118747],[-79.47787357948104,41.386477594153334],[-79.40028517660163,41.38647657307903],[-79.40005082770355,41.43609363007839],[-79.35772218636302,41.43618308730399],[-79.3578803527351,41.432540759498764],[-79.20730898036754,41.43078222105721],[-79.20890050938675,41.33171652714928],[-79.20652647588986,41.330838653807206],[-79.20396155219171,41.32738546086721],[-79.19550595296744,41.324271038904065],[-79.19107445856798,41.32437945308124],[-79.18568421741861,41.32879435899365],[-79.1864691653139,41.3375778955189],[-79.18475865892687,41.33873333949702],[-79.18080361029288,41.33910769483243],[-79.17594078621649,41.33651409485193],[-79.17685673902291,41.33067326605709],[-79.17623992071452,41.3276943643715],[-79.17435879820391,41.3251545548189],[-79.17203700892733,41.32541006552022],[-79.16917969977389,41.327335577719886],[-79.16632155159397,41.33108312074195],[-79.16888611506768,41.340616132057605],[-79.16775450730428,41.343026872166554],[-79.16588051472206,41.343601868234686],[-79.16083838601668,41.34152404076467],[-79.1606064095693,41.339606384539245],[-79.16291066283321,41.336198384994944],[-79.1634323028406,41.332948378094024],[-79.16203568039028,41.33099216431463],[-79.15822424452243,41.32871003179151],[-79.15413838142013,41.3285785178891],[-79.14849855145391,41.331308599585675],[-79.13990362981725,41.340878899217145],[-79.1379590512133,41.34144673143376],[-79.13303403048161,41.33915459052095],[-79.12301513898242,41.329830835061394],[-79.11828116745377,41.32797425937024],[-79.11473221482036,41.32520378526318],[-79.1111138394835,41.32486855728661],[-79.10595428929236,41.326154325724616],[-79.1049996720978,41.327526490206296],[-79.10406296102182,41.33170356713889],[-79.10678948445305,41.3359433975205],[-79.10461272997568,41.34128441573451],[-79.0992755550051,41.34229979304083],[-79.09508328376245,41.340451042959614]]]}},{"type":"Feature","properties":{"NAME":"Franklin","FULLNAME":"Franklin County","STATE":"Pennsylvania","FIPS_STATE":"42","FIPS_COUNTY":"055","GEOID":"42055"},"geometry":{"type":"Polygon","coordinates":[[[-77.45943939963679,39.720035470562244],[-77.45953925995703,39.74307144006442],[-77.4643910626032,39.83727990596261],[-77.472131718744,39.94443498050339],[-77.45381882505868,39.97252561705754],[-77.46170902284652,39.97714831657552],[-77.465524193011,39.98426544275885],[-77.4710140528338,39.98701270893289],[-77.47410552223909,39.991723955201],[-77.47963424767265,39.99215748269665],[-77.48339010926544,39.99473907177781],[-77.48919783435828,40.00126528861466],[-77.49564923828477,40.00528035036857],[-77.4995666196606,40.01004567143463],[-77.50003443171785,40.01328106563792],[-77.50920359780662,40.02489239208817],[-77.50748826477158,40.02861501697795],[-77.51240067046176,40.03367079134708],[-77.51509513841039,40.03453447918608],[-77.51936726628854,40.0393398150222],[-77.51970556463802,40.04072626037234],[-77.51704790695479,40.04410724912888],[-77.51812888207553,40.04521798016262],[-77.52191204167318,40.04660927859411],[-77.52623825621627,40.04564271210595],[-77.52794657340893,40.0473685075797],[-77.53270439341175,40.04878392297282],[-77.52947543415728,40.05764226057268],[-77.53301981616251,40.063026671220854],[-77.5331060912607,40.06598154984641],[-77.53194877012061,40.067277964615535],[-77.53548309728288,40.07066502974546],[-77.5418781022809,40.0698765132341],[-77.53981688013224,40.07395456199541],[-77.54041537101219,40.07487048394101],[-77.5422503560498,40.07497999676341],[-77.54023528934046,40.07676500564237],[-77.54569905040928,40.07832564835394],[-77.54205244731125,40.079138650852684],[-77.54098179383313,40.08056461819328],[-77.54367296586297,40.08230104668325],[-77.54244298449112,40.08385932671234],[-77.54692652997308,40.08626196079334],[-77.54312726897228,40.087134245288006],[-77.54305927369178,40.08970776624249],[-77.54987604220727,40.090880496982614],[-77.55228793969339,40.09502336062513],[-77.55398995700097,40.09591463649999],[-77.55915202786478,40.09395729594264],[-77.56045802287936,40.09438306823342],[-77.56150358012337,40.09831911681119],[-77.55792912521738,40.103087392350155],[-77.56072748422693,40.10844794413606],[-77.56278740471674,40.11578236926901],[-77.56268057885978,40.118761293460565],[-77.5644829622391,40.11986112621784],[-77.56470573993798,40.12176057868662],[-77.56878034535315,40.12623760298527],[-77.57554311793355,40.128471567157284],[-77.58209554280364,40.13426102472893],[-77.58986639671103,40.13370816598647],[-77.59291170708376,40.13527541532719],[-77.59218973737813,40.13897742271592],[-77.59324732036886,40.14220650976866],[-77.5959220765852,40.14343851392856],[-77.59898008284785,40.147109321551326],[-77.60143944641526,40.14779425436292],[-77.60406570528436,40.15129370819165],[-77.60858750013281,40.15310771467392],[-77.61026944458537,40.158053933825535],[-77.61337924591065,40.16201080448735],[-77.61421407725364,40.16677962003825],[-77.61369713453686,40.17033653613168],[-77.61646076647415,40.172376717444486],[-77.62276429962006,40.183336273015506],[-77.62726413874464,40.18875304933549],[-77.60501832732066,40.20551065571873],[-77.60488840757438,40.22492239328062],[-77.60271488703206,40.22820295241119],[-77.60660707605406,40.2297147836431],[-77.60916836427025,40.23275546444765],[-77.61616719973426,40.23262089976301],[-77.63989377520797,40.217683708790695],[-77.64283037415996,40.21814088444413],[-77.64339274557895,40.22317330727241],[-77.64531610507758,40.22248517748081],[-77.64588451676856,40.22381453245835],[-77.6476374676544,40.22247973759146],[-77.65015469709918,40.227537032871666],[-77.64887744637706,40.23331913392426],[-77.64539850843691,40.23892856501548],[-77.64998556409411,40.247957439771774],[-77.64512898690221,40.2537458658331],[-77.64508513474331,40.255143730636874],[-77.64816325967506,40.25723183542615],[-77.65276099001278,40.25753114183625],[-77.6654924073944,40.25204913713644],[-77.66770714084532,40.252001297138904],[-77.67114624299423,40.25756816685362],[-77.67092695704685,40.25861354759896],[-77.65640862437678,40.2703940901749],[-77.6598672774595,40.27481292698964],[-77.66426920381137,40.278232515598454],[-77.66517383245531,40.27946640275873],[-77.66419091024447,40.28048877901146],[-77.67178445198614,40.28986570547103],[-77.68063586509429,40.28018554177058],[-77.69895373993785,40.2657748500066],[-77.70838935262809,40.26134750983915],[-77.71366160455646,40.25636367728364],[-77.72422706071887,40.250107928963914],[-77.73763193608588,40.23740490933938],[-77.76832848954338,40.204124604230465],[-77.79659038400213,40.16654276424013],[-77.8051216725773,40.152993799428884],[-77.81586623843435,40.13244213376673],[-77.82806967190606,40.11666584879952],[-77.85936757917433,40.065188394234205],[-77.86227168785913,40.062238100665375],[-77.86729754627812,40.060441898121255],[-77.87443322210936,40.0562195076697],[-77.88337590944026,40.04806127702642],[-77.89356704031874,40.033303359515294],[-77.90489294282708,40.022276413896215],[-77.90614716523685,40.01758918543936],[-77.91903519760007,40.003508770698495],[-77.92048922149873,40.000062763994514],[-77.92077175063874,39.99618986420738],[-77.9194062251686,39.99285444053356],[-77.92110294780589,39.98846475500723],[-77.93221669609187,39.972040911634785],[-77.93625518563935,39.96126708011454],[-77.9370955038921,39.94927785411874],[-77.94680848130778,39.93531104564639],[-77.95313735413121,39.931611152716606],[-77.95549227866539,39.928892408796024],[-77.95616436492328,39.9265530462638],[-77.95422056336206,39.92299957470359],[-77.95453348789802,39.92058397360224],[-77.95631972675505,39.91736821566026],[-77.95650140652968,39.91490500470712],[-77.95881369522384,39.91193011286283],[-77.96166148133695,39.90346308643195],[-77.96467478743106,39.89988655319768],[-77.96525571894215,39.89427327337535],[-77.96701896272454,39.89296631793454],[-77.96900873197717,39.888789381150296],[-77.97513495744893,39.8717877818746],[-77.9826120200376,39.857852480944366],[-77.99277524834504,39.8437265318939],[-78.00270027488016,39.82659931470547],[-78.01789824235148,39.80829984046966],[-78.02850279229676,39.79990093907502],[-78.03649816393974,39.79199932625531],[-78.03719971404067,39.79000053218409],[-78.05310141811229,39.7702988562528],[-78.06300322319733,39.75979942568405],[-78.06929660358388,39.74829905248507],[-78.09877336166656,39.722355612362854],[-77.93647125921127,39.72240855419498],[-77.45943939963679,39.720035470562244]]]}},{"type":"Feature","properties":{"NAME":"Fulton","FULLNAME":"Fulton County","STATE":"Pennsylvania","FIPS_STATE":"42","FIPS_COUNTY":"057","GEOID":"42057"},"geometry":{"type":"Polygon","coordinates":[[[-78.01909573525278,39.8070986492884],[-78.01299985127807,39.813701844241706],[-78.00270027488016,39.82659931470547],[-77.99277524834504,39.8437265318939],[-77.9826120200376,39.857852480944366],[-77.97399100952848,39.874316963869354],[-77.96737592447236,39.89239495057681],[-77.96525571894215,39.89427327337535],[-77.96467478743106,39.89988655319768],[-77.96166148133695,39.90346308643195],[-77.95881369522384,39.91193011286283],[-77.95650140652968,39.91490500470712],[-77.95420139421222,39.9228442640052],[-77.95612812778306,39.92625363168883],[-77.95549227866539,39.928892408796024],[-77.95313735413121,39.931611152716606],[-77.94680848130778,39.93531104564639],[-77.9370955038921,39.94927785411874],[-77.93625518563935,39.96126708011454],[-77.93221669609187,39.972040911634785],[-77.92110294780589,39.98846475500723],[-77.9194062251686,39.99285444053356],[-77.92077175063874,39.99618986420738],[-77.92048922149873,40.000062763994514],[-77.91903519760007,40.003508770698495],[-77.90614716523685,40.01758918543936],[-77.90489294282708,40.022276413896215],[-77.89356704031874,40.033303359515294],[-77.88337590944026,40.04806127702642],[-77.87443322210936,40.0562195076697],[-77.86729754627812,40.060441898121255],[-77.86394665060529,40.06133405438882],[-77.92055966828161,40.10136486009914],[-78.07810102761616,40.13317671665602],[-78.13485065389438,40.16525983108415],[-78.15890398077289,40.12245788968645],[-78.18840887588688,40.10172663002423],[-78.20653191333184,40.08640153058247],[-78.20464092462448,40.08551493975933],[-78.20370131558337,40.08303224188848],[-78.203520086763,40.07916783646643],[-78.20484095248878,40.072809983542335],[-78.20282692153697,40.069215097473275],[-78.19807217736567,40.06728206469204],[-78.19064065756527,40.066636284475884],[-78.18693130804294,40.06398742377823],[-78.18468236405106,40.06005078029175],[-78.18130328553283,40.058998261453645],[-78.18610290234919,40.04820489223633],[-78.20072352348572,40.045175314956154],[-78.20412850851842,40.042401475272584],[-78.20562722450077,40.03546567733705],[-78.2051892329177,40.03297739282613],[-78.20264671859266,40.02904655275524],[-78.20381373704625,40.01796554987786],[-78.20074207549295,40.01307127079275],[-78.21982231189058,39.99267520472433],[-78.22945972212626,39.9760134155066],[-78.23600458318167,39.96111811027336],[-78.23901305005134,39.95130274103719],[-78.24621040151503,39.94222739120331],[-78.2503720689526,39.93510232624881],[-78.26883814246185,39.90009767552895],[-78.28630529925661,39.85587699029495],[-78.29994763887906,39.82460108274462],[-78.31916281840205,39.79757798215567],[-78.32545947404613,39.785386702837016],[-78.33957650322765,39.768775574699056],[-78.34354611265408,39.76213378217318],[-78.3556383688296,39.75012322388561],[-78.37475308166952,39.72744116884028],[-78.38119720025908,39.7225369346699],[-78.09877336166656,39.722355612362854],[-78.06929660358388,39.74829905248507],[-78.06300322319733,39.75979942568405],[-78.05310141811229,39.7702988562528],[-78.03719971404067,39.79000053218409],[-78.03649816393974,39.79199932625531],[-78.01909573525278,39.8070986492884]]]}},{"type":"Feature","properties":{"NAME":"Greene","FULLNAME":"Greene County","STATE":"Pennsylvania","FIPS_STATE":"42","FIPS_COUNTY":"059","GEOID":"42059"},"geometry":{"type":"Polygon","coordinates":[[[-79.91605217383506,39.720732749956085],[-79.90574588792029,39.73429157499509],[-79.9030638472653,39.742283856228376],[-79.9124694229874,39.75124541684025],[-79.92363639465731,39.7537404942256],[-79.93038019212396,39.75731174368922],[-79.93423894764771,39.76423998543344],[-79.9327048937387,39.77069226958811],[-79.93502988461098,39.77806029434341],[-79.93376827086304,39.78322977573254],[-79.9316821474147,39.78532113740241],[-79.92684893001346,39.786882627038196],[-79.91839181263634,39.78704892933542],[-79.91256551577332,39.789000205317755],[-79.90916484534894,39.79144830870389],[-79.90853814826737,39.79534613360146],[-79.91093478517344,39.80148136595949],[-79.92121272924099,39.81338550440182],[-79.92148439505426,39.83013478116559],[-79.92372503951124,39.837343164877915],[-79.92670068912696,39.83942577837348],[-79.93633301130485,39.84170925638449],[-79.93854428264866,39.844633632138446],[-79.9370271871356,39.84744107571939],[-79.92936847800996,39.851137655331755],[-79.92434622183525,39.85587264374776],[-79.92531906944019,39.860215469813035],[-79.93062072951602,39.86608705174343],[-79.92963007640384,39.87035370308476],[-79.9274699551323,39.87232939746038],[-79.91760467375009,39.8761304555207],[-79.9154358747529,39.87954116381097],[-79.9164299028356,39.88381899863907],[-79.92098036651801,39.889138770672105],[-79.92809319729328,39.90153769842698],[-79.92940042928798,39.90538537312391],[-79.92855799101115,39.91039943219246],[-79.92324417942449,39.91781239713338],[-79.9233021252519,39.921531256249025],[-79.94382431219077,39.943912557538916],[-79.94990044670396,39.94896827304953],[-79.957159048897,39.95322807136604],[-79.96545060946221,39.95526737493953],[-79.97309776445667,39.95538802169114],[-79.99401529635881,39.94943774089142],[-79.99921374180514,39.951038713215],[-80.00755528912431,39.9566572214901],[-80.00954012213447,39.95979841620941],[-80.01041359091613,39.96344751538311],[-80.01080519619288,39.96970646724093],[-80.0099321738739,39.97550956023417],[-80.0064976432515,39.9797697207343],[-79.99810384183057,39.98329065404613],[-79.99906489186087,39.98443005829661],[-80.00736729958312,39.9844760013514],[-80.01047526744692,39.98340202584014],[-80.01601988587448,39.97822101295851],[-80.01789021063537,39.97752113648386],[-80.02881112476584,39.9832368736904],[-80.03324416696252,39.98391670099529],[-80.03426690430338,39.98262226321982],[-80.03219287397542,39.97767327427666],[-80.03993192752174,39.974168496928975],[-80.04335462284027,39.97674938906337],[-80.04804133669678,39.9783356579442],[-80.04884629636163,39.97945252336992],[-80.04840588561548,39.98084045342709],[-80.04463813931149,39.9845964857439],[-80.04846944321848,39.98510465641871],[-80.05060398496231,39.989733902358886],[-80.0389343879246,39.99655821093186],[-80.04434290799337,39.99848407459584],[-80.04444024584429,40.000680701616204],[-80.0491391085167,40.00673589642422],[-80.05664338287195,40.00367841675408],[-80.05874629673127,40.00379873378218],[-80.05968402559847,40.00559337287557],[-80.05766907207683,40.00817963793266],[-80.05968478377658,40.009614947098044],[-80.06634678245008,40.00581180629127],[-80.06806147318967,40.002977098669234],[-80.08601122292139,39.99039752288792],[-80.09084182892009,39.991776115659086],[-80.09775859879132,39.991951182462536],[-80.10244196552507,39.990470512734454],[-80.10589266761922,39.99092352058828],[-80.11099434115324,39.988147551895054],[-80.11838399856308,39.99124694968425],[-80.12949829482139,39.98800778155214],[-80.13150193675698,39.99087259005477],[-80.1356403279472,39.992087319833644],[-80.14110538797995,39.99238533411348],[-80.14549730350629,39.99397674911238],[-80.14987860903082,39.9938372522176],[-80.15484661235223,39.99726803337355],[-80.16057046444192,40.003319042935686],[-80.16945914865121,40.006215944938404],[-80.17184150683585,40.0054588753215],[-80.17594906784554,40.00808631052651],[-80.18112457481105,40.006723166914476],[-80.18271821756612,40.00306585776026],[-80.19047201336458,40.0017582362984],[-80.19400259185716,40.004990918597194],[-80.19728501973565,40.00480080135941],[-80.20011230359904,40.003086035457024],[-80.20444387210124,40.00335271313046],[-80.20836578008779,40.005077405034015],[-80.214695210765,40.00280087931387],[-80.22281599800144,40.00459593066307],[-80.2263904798569,40.00778158933016],[-80.23189810655937,40.00764327866169],[-80.241453364964,40.00960853995267],[-80.24434602731544,40.00709418091935],[-80.25152827001438,40.00795551419207],[-80.25304063320256,40.005140875187905],[-80.25661192783537,40.0030544996748],[-80.2593287305969,40.00426214547778],[-80.2652323203036,40.00131989430278],[-80.27129607423555,40.00322359567748],[-80.2734710428621,40.002433570237365],[-80.2761939613541,40.00552743013353],[-80.27187886885253,40.00789964501036],[-80.27333408840883,40.01325870375228],[-80.27958663407752,40.0128023234631],[-80.2808165759235,40.01348000229704],[-80.2838571593612,40.01303709900998],[-80.28478774841854,40.012058752381485],[-80.28555083670967,40.01612980687803],[-80.2874950613774,40.01916774745289],[-80.29195137622817,40.02075550992286],[-80.29449931817416,40.018650700300974],[-80.30121635123524,40.02063580959676],[-80.31038604822834,40.01651019374635],[-80.31130591589275,40.013354314487884],[-80.30952002378542,40.011773169984316],[-80.31038393988237,40.0085059900783],[-80.30920175786677,40.007017654913206],[-80.31325806909119,40.003357906339055],[-80.3227224916509,40.00571377873318],[-80.3312035814697,40.0050333529693],[-80.33438198623492,40.0033001500207],[-80.34187164140722,40.00204619059917],[-80.34396649558181,40.000402287510035],[-80.34785708919587,40.001140624283664],[-80.35093902118778,40.00053638351544],[-80.35605683475251,39.99671373004242],[-80.35803303585111,39.997452421195696],[-80.36346430844938,39.99651822467028],[-80.36903448933667,39.99714466033701],[-80.373299822358,39.99610458942389],[-80.37516044441553,39.99472197269763],[-80.37911062058743,39.994479082162016],[-80.3863074995373,39.98967515100282],[-80.39109856259552,39.988140112396486],[-80.3934267388938,39.98502208313987],[-80.39557177924834,39.98423929393378],[-80.39568191809207,39.97943642546373],[-80.39662660710609,39.9775528582157],[-80.40026069487561,39.977739738168204],[-80.4016003578487,39.978735243220726],[-80.40642737956945,39.9764500117158],[-80.41329553800738,39.977041130268915],[-80.41679775129656,39.97491087803833],[-80.42023549249778,39.97540533559578],[-80.42078181192097,39.97389040707283],[-80.42541767394589,39.97187165237298],[-80.43316340107647,39.97743618877743],[-80.4391305286232,39.97703467188038],[-80.44052754184065,39.975137200217226],[-80.4444330636581,39.97594656168305],[-80.44560613855334,39.97553667477764],[-80.44398085084576,39.974462717778806],[-80.44389330373312,39.97296239870399],[-80.44726458667131,39.97099792502166],[-80.44869443510905,39.96648851874549],[-80.45097925961001,39.9674779810646],[-80.45121227181492,39.971346736850236],[-80.45261926172195,39.973088430039205],[-80.4540361986741,39.97324014124234],[-80.45667141015332,39.96912061599889],[-80.46202762581466,39.96673505449489],[-80.46139164284803,39.965312046062344],[-80.45868643284523,39.96382656258649],[-80.45958925677375,39.962535171748634],[-80.46446546035799,39.96063520851323],[-80.4704214191508,39.9615737997302],[-80.47029325920413,39.959786915972664],[-80.46601420082358,39.9563773905673],[-80.46635528395042,39.95478356490844],[-80.47186859878528,39.95470118705372],[-80.47485343367478,39.95200158030987],[-80.48078267387608,39.95263409016301],[-80.4828288240909,39.954019698793246],[-80.48633577419656,39.95465822630552],[-80.49078595894383,39.95459440419008],[-80.49043061775677,39.95745098031248],[-80.48671671826752,39.95993847629625],[-80.48837915221041,39.96148431608647],[-80.4898075049532,39.961430371222626],[-80.49298777282432,39.95871722437436],[-80.4996222507108,39.957788015714385],[-80.5012727720947,39.95637988394755],[-80.49989384555715,39.95433631042683],[-80.50034761784482,39.953669812459694],[-80.50380479050398,39.95589591239256],[-80.50732860198751,39.95678844658348],[-80.50962022943014,39.95943161058439],[-80.51469081137387,39.96037395163325],[-80.5186324212112,39.963381794274675],[-80.5192669722633,39.721342223391204],[-79.91605217383506,39.720732749956085]]]}},{"type":"Feature","properties":{"NAME":"Huntingdon","FULLNAME":"Huntingdon County","STATE":"Pennsylvania","FIPS_STATE":"42","FIPS_COUNTY":"061","GEOID":"42061"},"geometry":{"type":"Polygon","coordinates":[[[-78.13485065389438,40.16525983108415],[-78.07810102761616,40.13317671665602],[-77.92055966828161,40.10136486009914],[-77.86394665060529,40.06133405438882],[-77.85936757917433,40.065188394234205],[-77.82806967190606,40.11666584879952],[-77.81586623843435,40.13244213376673],[-77.8051216725773,40.152993799428884],[-77.79659038400213,40.16654276424013],[-77.76832848954338,40.204124604230465],[-77.73763193608588,40.23740490933938],[-77.72422706071887,40.250107928963914],[-77.71366160455646,40.25636367728364],[-77.70838935262809,40.26134750983915],[-77.70287730621439,40.26364277316028],[-77.75234256302397,40.37905666674125],[-77.76189882215182,40.36872483614482],[-77.81042218370789,40.36863590881448],[-77.81458323579947,40.36271642242213],[-77.8186635859409,40.36058234839502],[-77.82188627405635,40.360745282919844],[-77.82976323516849,40.36385012431629],[-77.83337907456131,40.36667155889061],[-77.83879280935031,40.36906878808507],[-77.84461575819223,40.369038955766435],[-77.85109513386006,40.36540159509747],[-77.85596157994367,40.36488121651471],[-77.8592419650532,40.36646972885161],[-77.86131140948166,40.370186897123055],[-77.86557960004392,40.37178003680729],[-77.87206873321236,40.380228375718794],[-77.87299541549652,40.383480396343685],[-77.87005672346992,40.39013582536405],[-77.87067413286974,40.392654405558986],[-77.87646275798299,40.39403688009181],[-77.88785525799321,40.39134226814639],[-77.88786129916352,40.392283074093676],[-77.88914420298367,40.392182836188624],[-77.8891625762262,40.39899103093879],[-77.91368163376545,40.39868308211732],[-77.91217025153759,40.40826091759342],[-77.90742574546557,40.41413675282628],[-77.8963907902098,40.41773257596869],[-77.89112136258468,40.426065646079344],[-77.87135603501875,40.444297866940815],[-77.83626959083755,40.48368896606038],[-77.81641224973541,40.49948995208571],[-77.8420304148894,40.54988071564143],[-77.8171525962768,40.58292177978671],[-77.77243293339903,40.62660722014878],[-77.75838364796971,40.62995003053734],[-77.75154691529536,40.63260749261139],[-77.72053246153351,40.6547065414137],[-77.720761497795,40.65795197443215],[-77.71025927584205,40.662502840827315],[-77.68731358428528,40.676818420392216],[-77.68274512914434,40.68292637446166],[-77.68233365223519,40.685208034185344],[-77.6852755072299,40.68499656916352],[-77.70384996068154,40.68000277664333],[-77.7084062741931,40.69057733918115],[-77.70792428582234,40.691541072414765],[-77.70063789065273,40.694927172406985],[-77.69933201062253,40.69813602832868],[-77.70127067471866,40.70525152368091],[-77.67670626752891,40.71642665075018],[-77.68137975548947,40.72967906488014],[-77.71054846598987,40.71456389860072],[-77.7186154917515,40.72735268943569],[-77.76855850227356,40.71947462108028],[-77.8248892432365,40.74352696985173],[-77.85921720748398,40.73081814712473],[-77.89429151362908,40.71620151269529],[-77.94425347411207,40.691558127911236],[-78.11589521864252,40.73925548123848],[-78.13894609483425,40.72422069115417],[-78.15587041856743,40.71766357863205],[-78.15553611861928,40.714083086449214],[-78.15674474793515,40.71294608870644],[-78.16135739659481,40.71173576470802],[-78.16410130691835,40.71345447419561],[-78.17004321246684,40.712619130647006],[-78.18259691164424,40.70594370075944],[-78.19559802483374,40.69714448216969],[-78.19744093480877,40.69661244908703],[-78.20003298493356,40.69896260246057],[-78.20133395746736,40.698441173013386],[-78.20876627137848,40.692286990200834],[-78.2230475709844,40.67765319170798],[-78.20732674539018,40.6561529749519],[-78.19860926480268,40.64865806517769],[-78.19602111426455,40.64234665620605],[-78.19705050363011,40.638843721692],[-78.19107002083005,40.638037162521194],[-78.18921681616185,40.632846534083505],[-78.18447947864581,40.63115896366191],[-78.17916917228538,40.62702419077789],[-78.17329169750232,40.628178012917886],[-78.16992201895523,40.621210034080484],[-78.16629126932531,40.618031992564035],[-78.16972892338995,40.61343088161561],[-78.1716645430956,40.612260790047934],[-78.1842053119228,40.595306735527124],[-78.18149975876355,40.59477236818889],[-78.17899697063531,40.59243537690011],[-78.17780250236159,40.58774159362101],[-78.17814154990602,40.58439353852732],[-78.19703311134789,40.558603572861465],[-78.18893656784435,40.55137248009278],[-78.1863656308237,40.547728407919855],[-78.18683050538998,40.545980342907875],[-78.18543176920379,40.543710341750284],[-78.18280960305911,40.54257669946745],[-78.18010698289929,40.53872414161746],[-78.17842176588415,40.53798629251941],[-78.1768967481286,40.53469860079832],[-78.17362459338369,40.5349290227502],[-78.1660131715746,40.53158706253668],[-78.16285272862349,40.536654079349766],[-78.1579831168768,40.537827659407846],[-78.15556897000924,40.54046102951504],[-78.14952304224578,40.54179930135141],[-78.14979248023714,40.546137940300895],[-78.14644651451862,40.54737374199094],[-78.14519416509619,40.548853732380245],[-78.14521509943556,40.553619538088334],[-78.14020959234934,40.55788327061142],[-78.13566146428667,40.56952905039631],[-78.1331892664888,40.5703899861538],[-78.12850684657934,40.56787610965733],[-78.13229321136592,40.56448287858462],[-78.14711370675485,40.53353297313692],[-78.15397714993587,40.49248651208317],[-78.15385637414087,40.489242109843815],[-78.15205785800885,40.48714913067199],[-78.13533522042998,40.498929949565316],[-78.13132640223634,40.49599046847658],[-78.13001399414897,40.4929682582714],[-78.12948806917765,40.48671609385707],[-78.13075353849482,40.48081149593813],[-78.1351478776758,40.471567728575614],[-78.15565108500935,40.43815787407639],[-78.17853230178325,40.40796093829231],[-78.1847518900608,40.401614851444975],[-78.19502718409822,40.385841912130054],[-78.20397904592313,40.37509518360675],[-78.21417218273965,40.356332481074496],[-78.23522887715404,40.334544528059624],[-78.24859172573876,40.31469727651069],[-78.25728755782623,40.29782329665276],[-78.23630241422423,40.22455869965557],[-78.13485065389438,40.16525983108415]]]}},{"type":"Feature","properties":{"NAME":"Indiana","FULLNAME":"Indiana County","STATE":"Pennsylvania","FIPS_STATE":"42","FIPS_COUNTY":"063","GEOID":"42063"},"geometry":{"type":"Polygon","coordinates":[[[-79.26307593686153,40.41686134763398],[-79.25446530458886,40.42180546719702],[-79.24992267691066,40.4299003123514],[-79.24698520120296,40.432218552673966],[-79.24048142549539,40.42989959504778],[-79.23204703639328,40.430548568472915],[-79.21531290756529,40.42470087088547],[-79.21129742117729,40.42182738280786],[-79.20721737646306,40.41562385769199],[-79.20045131155716,40.41069426261642],[-79.19819200909173,40.411027311575495],[-79.19416933618146,40.41428010065901],[-79.19134838454252,40.41518672044276],[-79.17286460254407,40.41050272315092],[-79.16504253837728,40.41010693662407],[-79.15836089534514,40.41172829107554],[-79.15494871301037,40.411470468922275],[-79.1529170993335,40.41031897591429],[-79.15170906560064,40.408061542598745],[-79.15407679022931,40.40149968630542],[-79.15320543159022,40.399286173889315],[-79.14801398851155,40.39751001942411],[-79.13476971305275,40.39830045078723],[-79.1245874467495,40.39525706597013],[-79.11760668089742,40.39451657726573],[-79.1160364626117,40.39329485363894],[-79.11528167565211,40.389518622631705],[-79.12243145144005,40.38965840481201],[-79.12716007978939,40.386977186023366],[-79.12861251007675,40.38515812654451],[-79.12842781196277,40.37953614420097],[-79.12712039671172,40.3750822643611],[-79.12335350380724,40.371716157353305],[-79.12042771877464,40.37051057443592],[-79.10968934859812,40.3732891635954],[-79.10557935225569,40.370199182180144],[-79.10132160371029,40.368794933638846],[-79.09835033697486,40.36948717079534],[-79.09607976514418,40.371320784768436],[-79.09527968243302,40.37573003918503],[-79.09052015922441,40.380399210220624],[-79.08814824036172,40.38738220469674],[-79.0870294039467,40.388442989807785],[-79.08275785099032,40.389561571038165],[-79.07896514499615,40.38872315771661],[-79.07463130016302,40.38596082291883],[-79.07022559459875,40.38057943697533],[-79.06326106040555,40.37911910628386],[-79.05862254565561,40.38077560394397],[-79.05691765912903,40.384809949338276],[-79.05177750715814,40.38949786375787],[-79.04172822834784,40.39203790119712],[-79.04077774430192,40.395732096793346],[-79.03533558861398,40.39677653092974],[-79.0331629933364,40.39911022499233],[-79.03224918570689,40.40218384297183],[-79.0279465411602,40.40544993254946],[-79.02862461738442,40.40727616589147],[-79.03379199729159,40.40902058319708],[-79.03445499349715,40.41114637077489],[-79.03295263664296,40.417482349225686],[-79.02800790328065,40.41977183348646],[-79.01885466791512,40.42039133715742],[-79.0126792147658,40.41975869575565],[-78.99871022614649,40.41383188272132],[-78.98916117240553,40.411913838804566],[-78.98309089670462,40.40664313576711],[-78.9741557372558,40.394580635559755],[-78.92192302168581,40.483512216475546],[-78.88594647821206,40.55406692661888],[-78.85067103747822,40.62633611669835],[-78.80886224580271,40.721062345169514],[-78.79922338478785,40.71709150892218],[-78.80346636143673,40.72868955272704],[-78.80631075012144,40.729703437414614],[-78.80618929969165,40.83642656958082],[-78.80694457263982,40.856038088698355],[-78.80520964645014,40.90555532075],[-78.84660320086873,40.90667410623218],[-78.87713413283564,40.90567994168293],[-78.91213923456786,40.90770207263283],[-78.94048170341601,40.90797101162245],[-78.94852118144114,40.90937754055696],[-79.00287346294084,40.908898065429995],[-79.1069927776934,40.910124389130225],[-79.1419933977307,40.91162763990119],[-79.21545783815998,40.91189482025865],[-79.21533310438782,40.77592844224705],[-79.38016186770004,40.60199101914395],[-79.39814093484935,40.5842110235121],[-79.4054200024612,40.57463637029752],[-79.42428905122374,40.55676004781217],[-79.44996177196326,40.53010823575916],[-79.44910203932059,40.528579626686614],[-79.44959189244163,40.526794435292274],[-79.4569076364699,40.52293676833175],[-79.45983058911442,40.518237563154386],[-79.45855830068594,40.513306281905855],[-79.45410608664446,40.50692162445877],[-79.45551604099191,40.4971705294291],[-79.45237939531098,40.49007346550333],[-79.45387345802017,40.484557688673185],[-79.45092127509463,40.48200174691699],[-79.4478880551473,40.480813929780155],[-79.44590991458601,40.4810509112336],[-79.43763803341375,40.48673675919547],[-79.43018643177517,40.488715972697584],[-79.4289119685254,40.48697809984251],[-79.4281720989894,40.48222024731919],[-79.42322433471134,40.47245634293706],[-79.42119465241232,40.470386851811355],[-79.41685343690229,40.47018604612778],[-79.41100642578714,40.473282510722285],[-79.40640254288805,40.47409507245217],[-79.40402153666791,40.4722234655166],[-79.40208498451102,40.46689425186703],[-79.39779117579349,40.46250307190966],[-79.39499602556613,40.45636039224646],[-79.39150949596349,40.45438141560886],[-79.38377787148457,40.45277847094104],[-79.37843856391349,40.45261678987545],[-79.37002595177049,40.45615117137818],[-79.3665010982412,40.4650001053028],[-79.36642421323269,40.47665477148873],[-79.3627780431226,40.478585018249035],[-79.35915580323336,40.47815256575741],[-79.35756203740911,40.47596169905214],[-79.35852414924808,40.46952872636849],[-79.36249952765527,40.46070896141525],[-79.36015292780885,40.45394439696534],[-79.35814322404174,40.45261118531314],[-79.35175446143663,40.45183053815197],[-79.34701018263841,40.45299396169533],[-79.34577983116064,40.45590900699103],[-79.3450064032606,40.46792458902624],[-79.34318425874166,40.46966217950907],[-79.34003061603724,40.47053999359804],[-79.33258343141492,40.463449774952835],[-79.33050897708213,40.458850070504774],[-79.33002361823243,40.453842214594786],[-79.32874670348025,40.45284092960386],[-79.32558190819157,40.45272606610127],[-79.3224263933981,40.45645745321759],[-79.3187824906358,40.458491736198084],[-79.30099296980806,40.46099768434946],[-79.29935762546087,40.45939493853614],[-79.29801137873505,40.45585628469901],[-79.30168194349498,40.45096817120745],[-79.30138539075509,40.44757349618648],[-79.29972570565697,40.44439916892608],[-79.30170865759492,40.43963901525917],[-79.30119266170244,40.43520224920618],[-79.29845416732175,40.43458915603347],[-79.28977553527704,40.43661951864254],[-79.28531772473134,40.44178120830039],[-79.2834745740078,40.44263124626728],[-79.27374372371123,40.43980586074213],[-79.27076343339874,40.43523800078523],[-79.26933162932865,40.42884410485527],[-79.27378145654642,40.422218251718846],[-79.27360089337768,40.419313807317224],[-79.27246647478574,40.41793242909572],[-79.2685322239472,40.41674587892653],[-79.26307593686153,40.41686134763398]]]}},{"type":"Feature","properties":{"NAME":"Jefferson","FULLNAME":"Jefferson County","STATE":"Pennsylvania","FIPS_STATE":"42","FIPS_COUNTY":"065","GEOID":"42065"},"geometry":{"type":"Polygon","coordinates":[[[-78.94852118144114,40.90937754055696],[-78.94048170341601,40.90797101162245],[-78.91213923456786,40.90770207263283],[-78.87713413283564,40.90567994168293],[-78.84660320086873,40.90667410623218],[-78.80520964645014,40.90555532075],[-78.80462353704976,41.048778246245604],[-78.80376695749374,41.0623297741767],[-78.80453167173553,41.1321948570521],[-78.76650702151628,41.20238269457084],[-78.70996386132802,41.20188353412067],[-78.70999906001579,41.23103401258813],[-78.73915126756611,41.23078738568639],[-78.7395233802995,41.25386221695623],[-78.73528458979986,41.26291616244928],[-78.95926613626868,41.362168818354455],[-78.95930605111172,41.371320438832214],[-78.96362624963736,41.369550465748574],[-78.96624382898418,41.37025277044129],[-78.96972447282506,41.37537249481206],[-78.97184728975779,41.376336251154925],[-78.97495068699344,41.374761452916296],[-78.97859091025634,41.36976120325529],[-78.98257771343731,41.36694018503599],[-78.9929224930603,41.36820677958243],[-78.99814662403554,41.364568896188146],[-78.99995529292691,41.3612871941005],[-79.00241388663812,41.35922344789789],[-79.00985360805706,41.35890509108046],[-79.01334595964104,41.35770568093207],[-79.0144203950265,41.35674722357603],[-79.01589691543482,41.35122211017787],[-79.01735817795803,41.3499193862301],[-79.02132361470998,41.35066042491436],[-79.02245296770204,41.35252757819798],[-79.02884677883904,41.357283645709906],[-79.03814693277096,41.3570499193027],[-79.04879549297863,41.35168599562853],[-79.06359199167137,41.34989388548181],[-79.06781824797787,41.35062809331245],[-79.07443116360255,41.35379138648747],[-79.0785356892049,41.35358669645942],[-79.08229903106907,41.35149699961468],[-79.08922466102395,41.342700522374045],[-79.09192608822107,41.34054533820763],[-79.0946451825849,41.340285540002185],[-79.0992755550051,41.34229979304083],[-79.10461272997568,41.34128441573451],[-79.10678948445305,41.3359433975205],[-79.10406296102182,41.33170356713889],[-79.1049996720978,41.327526490206296],[-79.10595428929236,41.326154325724616],[-79.1111138394835,41.32486855728661],[-79.11473221482036,41.32520378526318],[-79.11828116745377,41.32797425937024],[-79.12301513898242,41.329830835061394],[-79.13303403048161,41.33915459052095],[-79.1379590512133,41.34144673143376],[-79.13990362981725,41.340878899217145],[-79.14849855145391,41.331308599585675],[-79.15413838142013,41.3285785178891],[-79.15822424452243,41.32871003179151],[-79.16203568039028,41.33099216431463],[-79.1634323028406,41.332948378094024],[-79.16317739150568,41.33553729667729],[-79.16053396223823,41.340900210449114],[-79.1625328907135,41.34285661159324],[-79.16530766265866,41.34356353482687],[-79.16742942407093,41.343310621714075],[-79.16888611506768,41.340616132057605],[-79.16632155159397,41.33108312074195],[-79.16917969977389,41.327335577719886],[-79.17271352567623,41.325152211892444],[-79.17484614592367,41.32542070747707],[-79.17623992071452,41.3276943643715],[-79.17685673902291,41.33067326605709],[-79.17566931264268,41.336026033159],[-79.18017908264272,41.33899444629282],[-79.18475865892687,41.33873333949702],[-79.1864691653139,41.3375778955189],[-79.18568421741861,41.32879435899365],[-79.19178081824893,41.324113551177305],[-79.19550595296744,41.324271038904065],[-79.20270072446964,41.32662264511029],[-79.20652647588986,41.330838653807206],[-79.20890050938675,41.33171652714928],[-79.21129780565623,41.078826935354144],[-79.21451436187158,41.078867050722174],[-79.21499031625856,41.05079451428773],[-79.21495744330906,41.04913582764954],[-79.21016146916116,41.0489831974317],[-79.21277727523363,40.961060618788714],[-79.2154994337509,40.939217296804756],[-79.21545783815998,40.91189482025865],[-79.1419933977307,40.91162763990119],[-79.1069927776934,40.910124389130225],[-78.94852118144114,40.90937754055696]]]}},{"type":"Feature","properties":{"NAME":"Juniata","FULLNAME":"Juniata County","STATE":"Pennsylvania","FIPS_STATE":"42","FIPS_COUNTY":"067","GEOID":"42067"},"geometry":{"type":"Polygon","coordinates":[[[-77.72191793589116,40.4086378861337],[-77.75234256302397,40.37905666674125],[-77.70287730621439,40.26364277316028],[-77.69895373993785,40.2657748500066],[-77.68063586509429,40.28018554177058],[-77.64759492434088,40.31334543498939],[-77.62018013041529,40.33421157132126],[-77.5993599273809,40.34832404919564],[-77.56338095126935,40.36834839152709],[-77.5461876126513,40.37461168062107],[-77.53791074403256,40.37605489500478],[-77.53224807619688,40.37591784250869],[-77.54021909541082,40.39923740786315],[-77.51602849338049,40.4123413505181],[-77.50897244152108,40.41525194708354],[-77.50115688295357,40.42023400163019],[-77.46629488554102,40.43764241836258],[-77.41160663412505,40.46131304255547],[-77.3063449453004,40.5100240548553],[-77.2655138251829,40.526988965245],[-77.19862526014421,40.55213118049275],[-77.18344858094851,40.55655867820556],[-77.173128628065,40.55750206287133],[-77.16769096305518,40.55944387315031],[-77.18295750432202,40.582136107096474],[-77.1645797998839,40.58674488806852],[-77.15207540114761,40.58724825922349],[-77.1475480196764,40.58848492494852],[-77.12019872820639,40.59140964408886],[-77.11818546441582,40.59269440693723],[-77.10686040542556,40.59275870128796],[-77.1032768667554,40.59583818735985],[-77.10097427627305,40.59642717911941],[-77.07057628778166,40.598449734229746],[-77.04208658505846,40.60422808288442],[-77.03267725168352,40.603538771411905],[-77.0226861378896,40.60447883594187],[-76.99732570657713,40.612285544461876],[-76.95618384482981,40.62793734368726],[-76.94820332593171,40.6285857827549],[-76.93918772953572,40.63856124447091],[-76.9403591362595,40.64542105112163],[-76.94552341697892,40.65029510537576],[-76.95865610910302,40.6470872941498],[-76.96145404410775,40.645644461953765],[-76.96552753381533,40.647048988416785],[-76.96787731190125,40.644758190501776],[-76.96753473307943,40.64128180510065],[-76.97603400210463,40.64235413030889],[-76.97688349305474,40.645443965874016],[-76.98467422398443,40.6435817415323],[-76.98716735252843,40.64383335909139],[-76.99744829068081,40.635784893796746],[-76.99922904801798,40.637852525341245],[-77.00338153557165,40.63888936551966],[-77.00604760328257,40.64248654073498],[-77.00411317923457,40.646281499139015],[-77.00812365032836,40.6513131612024],[-77.00888800434574,40.655497318737446],[-77.00736150616656,40.65613074332426],[-77.00742174988449,40.65712817025553],[-77.00845817934689,40.65971522941497],[-77.01046351370847,40.66149488087266],[-77.014116745475,40.66211732586002],[-77.01812719590752,40.65953648070784],[-77.02239281189819,40.6609116743989],[-77.0252937531233,40.65895645862542],[-77.02620006071848,40.656066565149196],[-77.02906650573837,40.65571501829163],[-77.03091320390897,40.65619659722473],[-77.03316025874382,40.65948381767547],[-77.03426707929358,40.65977310607533],[-77.03239954829324,40.66481233372846],[-77.03547580832245,40.66848585690348],[-77.03625406915874,40.67117537271282],[-77.0351919182348,40.67173087299115],[-77.03518945415597,40.673536558443644],[-77.0363821132227,40.675078134479435],[-77.03535545743057,40.67671259358412],[-77.03785034667253,40.679574114903794],[-77.04130028969027,40.67924526399663],[-77.04559897895474,40.67572935514121],[-77.04732515824851,40.6763769838385],[-77.05306067765711,40.675206423525545],[-77.05878443991526,40.67698121969012],[-77.06078578575698,40.679998244980986],[-77.06439606996808,40.678203511487176],[-77.06999950828383,40.67983531680091],[-77.07398200404302,40.67839265326958],[-77.07779763863651,40.6790035948716],[-77.08328482058145,40.677188050889505],[-77.08839519340067,40.67823546423898],[-77.09002533650236,40.67701618291665],[-77.09411569387602,40.67626635939334],[-77.09763690024525,40.67866176720194],[-77.0973993245987,40.6818721503185],[-77.10044715744074,40.6862768414854],[-77.1001572387592,40.68792915868482],[-77.10948084500824,40.691575736480765],[-77.12532002364115,40.685718488332235],[-77.13983032447429,40.6835900207321],[-77.14886328620302,40.680560093822976],[-77.1503002546877,40.67704448594848],[-77.28805161063379,40.6936157877158],[-77.32309504168258,40.6830708334348],[-77.3606986012225,40.67000828998815],[-77.40748211471944,40.652228029241506],[-77.47926838631533,40.61998465028726],[-77.49782705636743,40.60944354075784],[-77.4976736950838,40.581723678489624],[-77.52677263792765,40.56279104696255],[-77.57763608654435,40.53554387430377],[-77.61264070049138,40.5141246947434],[-77.612494576934,40.49088459907219],[-77.62837437468913,40.481438406870744],[-77.65002148412907,40.465208539996986],[-77.68607901072569,40.43593301473412],[-77.72191793589116,40.4086378861337]]]}},{"type":"Feature","properties":{"NAME":"Lackawanna","FULLNAME":"Lackawanna County","STATE":"Pennsylvania","FIPS_STATE":"42","FIPS_COUNTY":"069","GEOID":"42069"},"geometry":{"type":"Polygon","coordinates":[[[-75.68725524038334,41.339449639370095],[-75.686480432671,41.317141907623345],[-75.69458457502353,41.316862970719804],[-75.69397055317064,41.30387876601543],[-75.69058916867708,41.30388888984306],[-75.68972559393994,41.28774621176881],[-75.679482508997,41.288060652470165],[-75.67815292332475,41.26430038472409],[-75.65265772226181,41.258336662506885],[-75.64915201183123,41.187267116895626],[-75.64668436040701,41.18730060777449],[-75.64678515767011,41.18607880494258],[-75.6438052599214,41.18249096030982],[-75.64448791665527,41.179610795096664],[-75.6437865686753,41.176621504328885],[-75.64249931880576,41.17578431516102],[-75.63930922246712,41.176245463988046],[-75.63780091696908,41.17468341061645],[-75.63699263713096,41.17163955026679],[-75.6344958201044,41.17042445133248],[-75.63022559126476,41.169527606621415],[-75.62416995091647,41.16972716842895],[-75.62288423357279,41.1708869199783],[-75.61904348118564,41.17095233277031],[-75.6160749174809,41.1726406418224],[-75.61432154887844,41.17146587045047],[-75.61487061624808,41.17094042613906],[-75.6138204075275,41.1688963876634],[-75.61506462360336,41.168150822944995],[-75.61176634854493,41.16419678414233],[-75.60434359809834,41.16344359495922],[-75.60260063558012,41.161674958639495],[-75.60066977245391,41.16157501879202],[-75.59716387876703,41.16330965693378],[-75.59628563903289,41.166134747168506],[-75.59794702374353,41.16821168741404],[-75.59835793740899,41.172427650957154],[-75.59484916911319,41.171535184336776],[-75.58856834537767,41.17250865987924],[-75.58270363745144,41.17682431233706],[-75.57676310452871,41.17784915705537],[-75.57549275376628,41.18079358571402],[-75.57635963250705,41.18671009224726],[-75.57364276955839,41.189571506295785],[-75.57017184998045,41.19122008980156],[-75.5704778143696,41.19271209977724],[-75.56909136264491,41.193565579802836],[-75.57089719465661,41.19528831704954],[-75.56969926876735,41.1989217053588],[-75.56697596220316,41.19953358037174],[-75.56702807257447,41.20079865046904],[-75.56576768951847,41.20123620278517],[-75.56271203594355,41.20542643789608],[-75.56008705807204,41.20514722551278],[-75.55929615614306,41.20699901395202],[-75.55474474922961,41.207790459561025],[-75.55515382853527,41.209011368569456],[-75.55403017445539,41.21187445620941],[-75.55220688188952,41.21272281402941],[-75.55093656705971,41.21542003424202],[-75.54448292273491,41.22181072806227],[-75.54367892696236,41.22376822427991],[-75.53958886333777,41.22557744927647],[-75.53510129160671,41.225113610214486],[-75.52936130846946,41.2267095931854],[-75.52671175898,41.22521300380402],[-75.52558217601924,41.22315790492162],[-75.51651831763459,41.2193950985727],[-75.50938098800492,41.2273764790617],[-75.50889386935559,41.23254356667938],[-75.50732636937192,41.231636791935586],[-75.50602741984412,41.232188052606624],[-75.50468860757559,41.235164140572174],[-75.50058906852139,41.23670195182823],[-75.49617960350768,41.24301028531058],[-75.49283018107192,41.24331817949895],[-75.49119743555084,41.241894591130865],[-75.48510790715677,41.24259447262584],[-75.48403341607576,41.244448026999756],[-75.48466668253698,41.24599053830895],[-75.47758591982074,41.2471499533417],[-75.4767642856276,41.24513431629818],[-75.47060644574604,41.24334756260211],[-75.46886397730123,41.2442155871807],[-75.4677280710992,41.2480181827157],[-75.46265658275536,41.24699004642931],[-75.46045297853249,41.24768377842393],[-75.45614765071807,41.25420076798899],[-75.45396262185864,41.25444973305461],[-75.45356940230931,41.25243684572087],[-75.45195434192125,41.25239712957814],[-75.44654966843854,41.25447150003729],[-75.44446561111535,41.25660723791998],[-75.44017506238397,41.257752423527506],[-75.44149669616932,41.260551046157666],[-75.44851783051362,41.38877347520549],[-75.44964819680533,41.42531254314534],[-75.45896993905015,41.57330874198761],[-75.46223829302309,41.64158312915728],[-75.71994664396476,41.6422633097993],[-75.72065724189721,41.639369249873575],[-75.71862150585147,41.637800185304116],[-75.71877617598048,41.6361210746193],[-75.72169952478201,41.63458654156052],[-75.72857792131926,41.63564227989506],[-75.77429652606432,41.574053398182954],[-75.76929904362854,41.56847483039352],[-75.7875104537379,41.54353271417939],[-75.80323242198918,41.52423490811692],[-75.77162847038169,41.50580114939124],[-75.83455749431164,41.42691985605788],[-75.83298736136588,41.42483167641117],[-75.83109236796898,41.41746876552071],[-75.83263634646525,41.40002043188662],[-75.83069898043469,41.39519681534381],[-75.82866137858812,41.392989762690576],[-75.8189385825864,41.38730958779074],[-75.8005789989642,41.383277002856516],[-75.79601484944841,41.38012637380134],[-75.7949673760979,41.376893129773244],[-75.76767268333252,41.36566464087806],[-75.74214285131706,41.34827922438633],[-75.68725524038334,41.339449639370095]]]}},{"type":"Feature","properties":{"NAME":"Lancaster","FULLNAME":"Lancaster County","STATE":"Pennsylvania","FIPS_STATE":"42","FIPS_COUNTY":"071","GEOID":"42071"},"geometry":{"type":"Polygon","coordinates":[[[-76.37918819885367,39.888323384153665],[-76.37905181393229,39.8834307503956],[-76.38109232632038,39.879173074593986],[-76.38024985390759,39.87418483264514],[-76.3773541920814,39.866506457082146],[-76.36938134749079,39.860281951266266],[-76.35726011615579,39.853940529029025],[-76.35239513073283,39.84935608624068],[-76.35065374206299,39.84627838681734],[-76.35141702349192,39.84170770170587],[-76.35044205047303,39.83741361060731],[-76.34230011958975,39.82881357322278],[-76.33812795982968,39.822736625922694],[-76.32993905873515,39.816284425281005],[-76.31603438589691,39.810478037747124],[-76.31304782624207,39.80819230215408],[-76.31035719859128,39.803570586873924],[-76.30008378382942,39.79385789063185],[-76.29805017948584,39.789135481085694],[-76.29231497628423,39.782248212553654],[-76.28639057351073,39.77964945635141],[-76.28190150159315,39.77971920872725],[-76.27826753868946,39.77753885659786],[-76.26720997373629,39.75824100096444],[-76.25750302221955,39.750626482642176],[-76.2530547239344,39.74323677412669],[-76.24613700274726,39.73716376576272],[-76.24210283768956,39.73214848593866],[-76.2397086343196,39.725738208579706],[-76.24079759276826,39.72129146967036],[-76.13553393932808,39.7215023797927],[-76.13636708273665,39.72565376674343],[-76.13416896183028,39.727089840790505],[-76.12822966409105,39.727626552623796],[-76.12492025171973,39.726746845913574],[-76.12246382115171,39.72342148253832],[-76.11997490031652,39.723306784123665],[-76.11890503645755,39.72356704587334],[-76.1181239459281,39.725345353041476],[-76.12047486667105,39.730601098727504],[-76.11972883918378,39.73202200659642],[-76.1205123210285,39.73544994231046],[-76.1192899061663,39.73657507734065],[-76.11420654928092,39.73713389180687],[-76.10861655515171,39.73475239794612],[-76.11103662191704,39.72793279918338],[-76.10609377501682,39.7241427372228],[-76.10179062202369,39.72414090835352],[-76.10067649098414,39.72661798135821],[-76.09596596278946,39.72962247376247],[-76.09246267421689,39.73390734477193],[-76.09615050998647,39.73728199731115],[-76.10185686828433,39.73939824306365],[-76.10038142046446,39.745612543791076],[-76.09860256935234,39.745450298749795],[-76.09678520746395,39.743074995951794],[-76.09359695716321,39.74267529248109],[-76.08678374328129,39.745734537620564],[-76.08445533342105,39.748021516904835],[-76.08412784090613,39.75064123850792],[-76.08257544878892,39.753009736724366],[-76.08579148487972,39.755972911909446],[-76.08169683445729,39.76137968135229],[-76.07675278291629,39.76188193254001],[-76.06701381364617,39.75976509220884],[-76.06245309838974,39.76479584662186],[-76.06483306525908,39.77058969553565],[-76.06043885633383,39.7750503559802],[-76.05863251497736,39.7796476462143],[-76.05078652957286,39.78256584574845],[-76.04959643968783,39.78399736081247],[-76.04845831464705,39.78920893887427],[-76.04338929577192,39.79137625105752],[-76.04505768913842,39.79315252175433],[-76.04231281312592,39.79600124303467],[-76.04515080131424,39.800394977910784],[-76.0495215947533,39.80226668615981],[-76.04971925286189,39.80320898457957],[-76.04615107448478,39.80393810436699],[-76.03886762219604,39.80132449008166],[-76.03522778341208,39.80775513113617],[-76.03545145223973,39.81129608213682],[-76.03431221238966,39.81222773165843],[-76.03089994202,39.812072858643084],[-76.03015128606222,39.813067979015116],[-76.0320080741101,39.81927306391119],[-76.03685227790727,39.82425478926284],[-76.03643143336632,39.8265552152994],[-76.03427444901176,39.82723812856443],[-76.03031816070266,39.824338346481966],[-76.02761452724319,39.82419864583579],[-76.02376151375073,39.82704408297377],[-76.02280089221681,39.830739833903124],[-76.01765232213339,39.83055786996036],[-76.01651068378153,39.831255061214236],[-76.01705430376728,39.835875224763754],[-76.01810828810699,39.83666536824175],[-76.01767715605942,39.83806526828926],[-76.01995041564942,39.839882518538936],[-76.01874101827399,39.84041398308125],[-76.01953902138527,39.84345062055185],[-76.02075942761452,39.84410301826048],[-76.02033095727514,39.84787258718073],[-76.02106463472388,39.84956271584207],[-76.0226992873683,39.848465729541026],[-76.02239308941718,39.85041631628619],[-76.0188311731959,39.85400899231809],[-76.00854710082149,39.85190857121233],[-76.00688906503025,39.85318039207988],[-76.00752808969244,39.856812752119566],[-76.00579462685835,39.862824634400035],[-76.00598428097776,39.866587080819535],[-76.0044271610272,39.86871718739124],[-76.00438162632378,39.872393203204105],[-76.00236659015714,39.87437828794279],[-76.00034676686835,39.8748200470203],[-75.99772750497698,39.87375074410122],[-75.99708168725462,39.87308239011464],[-75.99851386322725,39.8731223561755],[-75.99822477099579,39.87190125461376],[-75.99131462170818,39.86864220258644],[-75.9898698172193,39.87160282215532],[-75.9875764165023,39.872183373034005],[-75.98780805877641,39.873133800653044],[-75.98654946875772,39.873713176210984],[-75.98835753757446,39.87833762182872],[-75.99236271220133,39.882244663772326],[-75.99055171397842,39.88439190157966],[-75.99133166185081,39.88734654071766],[-75.98942383602007,39.89052789036771],[-75.98652852813012,39.89263996752463],[-75.98773555125825,39.89348476072916],[-75.9879839354343,39.895081448260434],[-75.99316673761827,39.89890871881464],[-75.99446065747878,39.89816475538536],[-75.99507948082686,39.89877430076399],[-75.99450451862084,39.90235111257385],[-75.99597857584865,39.90370607087884],[-75.99745581131594,39.90998618741828],[-75.9952366401875,39.911537164045804],[-75.99607297081872,39.91460732648544],[-75.9948907753284,39.91681061103479],[-75.99705506208791,39.92187895008885],[-75.99582400273772,39.92453250964778],[-75.99738414911248,39.92807761105137],[-75.9962835817354,39.92856962149505],[-75.99345704257537,39.926722085653395],[-75.99141355137381,39.926752875467166],[-75.99179877861202,39.92878279987065],[-75.98690489528471,39.929924993204764],[-75.98501520643956,39.93208871703823],[-75.98170066289133,39.92943551993025],[-75.98091190524094,39.93334338036772],[-75.98441821305119,39.93772066788224],[-75.98817392642196,39.93963132079196],[-75.98955746491016,39.944691745922334],[-75.99233573220008,39.94601968590127],[-75.99103397453871,39.94769073876069],[-75.99462763901874,39.952457022011984],[-75.9914312365068,39.95599141269865],[-75.98857286374805,39.96175043941901],[-75.98624432632704,39.96355748740197],[-75.98673723821166,39.96733916466756],[-75.93457784762674,40.03913626327221],[-75.93659233761768,40.080585964122285],[-75.94288819286285,40.10890586698853],[-75.87315879736629,40.137145505749594],[-76.15175933244774,40.315830078678225],[-76.3077445303341,40.25515434190839],[-76.43531376011411,40.238239233400925],[-76.56637123797388,40.196772403892695],[-76.56746045154408,40.19537036904976],[-76.57217799019125,40.19431468241138],[-76.57273512353383,40.19501212839262],[-76.57510464389475,40.194149082599054],[-76.5804159985891,40.1944945860408],[-76.5827230231557,40.190591524836165],[-76.58383843159957,40.19082625038471],[-76.58599150468939,40.18940720431913],[-76.58807214032966,40.190597941724455],[-76.59433224442316,40.18910284113144],[-76.5957009157934,40.189734248221406],[-76.59614565372426,40.18885981569377],[-76.5999981372107,40.188277845354804],[-76.60709789121037,40.19052493217163],[-76.60824985210317,40.18921299421391],[-76.607880398383,40.18835606800368],[-76.60985331524091,40.18810343788068],[-76.61289321236576,40.18552667725303],[-76.61229009606039,40.183896101347045],[-76.61477585213088,40.18244992744551],[-76.61451096320809,40.18156869227296],[-76.61593560141716,40.18034417450875],[-76.62619820405628,40.17814555685089],[-76.63197736631632,40.17078443692618],[-76.63380533371495,40.17003557789379],[-76.63420224803502,40.17105403675789],[-76.63653373193017,40.169776698884185],[-76.63719612536616,40.169050122337964],[-76.63650969750474,40.168136601605276],[-76.63840012566338,40.166744648033294],[-76.64072247009881,40.16723855926019],[-76.64459456650286,40.164671217682184],[-76.65309617384274,40.16604516090332],[-76.65494604576122,40.16391043406763],[-76.66077862005145,40.16514221686436],[-76.66203695584692,40.16335747403954],[-76.6661858348681,40.16304448271781],[-76.66873628311376,40.15950109655031],[-76.67302073677592,40.157390947408786],[-76.670434002881,40.154586498628554],[-76.67228209703354,40.153800239121324],[-76.67433333081456,40.15436938373203],[-76.67639039556008,40.153165241762295],[-76.67708504929456,40.148911885594025],[-76.68050506314198,40.14907370735306],[-76.68123694036689,40.15139459627758],[-76.68316597901473,40.15174714861097],[-76.6902537665565,40.14817497476418],[-76.68975548364482,40.151853848233365],[-76.69174427822537,40.15415082904159],[-76.69085333631311,40.15649802478119],[-76.692660750258,40.15736767162549],[-76.69755333551976,40.156511132081754],[-76.69594383300836,40.15442185026517],[-76.69562156599343,40.15161814400576],[-76.69628270897456,40.15010039690367],[-76.6988900753749,40.1484412860624],[-76.69924522791577,40.145448128419915],[-76.70495144787303,40.14370447297853],[-76.70996172860669,40.1374942902928],[-76.70989635101694,40.13670254960799],[-76.70713958400503,40.13607680604923],[-76.70672261120298,40.13517427803541],[-76.71570869524696,40.13187034181115],[-76.721368457931,40.12083691744061],[-76.710738809955,40.11422068580917],[-76.69232174313778,40.0985614411191],[-76.68058193826904,40.08433618518846],[-76.67536513215663,40.073524446739455],[-76.66955165964262,40.0681352450967],[-76.66380194505591,40.06375554061279],[-76.64672990235741,40.05854584635153],[-76.64483391991536,40.0585418268812],[-76.64348753305235,40.06038660613873],[-76.64064148967088,40.060221512344974],[-76.6226211700871,40.05572731094585],[-76.59764341479749,40.05259424241765],[-76.57255749066954,40.046407679556054],[-76.55632618663533,40.04702718838307],[-76.53986772920847,40.05222148446064],[-76.53390042020207,40.052020952023746],[-76.5316236014869,40.049605913581296],[-76.53058860214242,40.04653495621882],[-76.53098123599017,40.03677610291787],[-76.52605476807256,40.02679718258693],[-76.51962087320923,40.02049668155808],[-76.5135080254487,40.01668962360829],[-76.5101306061188,40.01153292917052],[-76.49990789227157,40.0011476673751],[-76.49713423154242,39.9964487420849],[-76.49511579615076,39.980935158961955],[-76.49334329343273,39.975009560424326],[-76.48596445173891,39.962112288951936],[-76.478017901735,39.95530510676814],[-76.47271193872896,39.947998484099365],[-76.46792270374233,39.94426213014345],[-76.45904910673825,39.94202567734523],[-76.44462727828251,39.93351360222367],[-76.42838031212132,39.929301686689755],[-76.42055211246112,39.9260272744674],[-76.40467153047678,39.91643721553193],[-76.3912218525333,39.9130204626052],[-76.38505809455066,39.90592214290314],[-76.38316278045521,39.89351086086081],[-76.37918819885367,39.888323384153665]]]}},{"type":"Feature","properties":{"NAME":"Lawrence","FULLNAME":"Lawrence County","STATE":"Pennsylvania","FIPS_STATE":"42","FIPS_COUNTY":"073","GEOID":"42073"},"geometry":{"type":"Polygon","coordinates":[[[-80.51905295942663,40.851296146182804],[-80.15857488668266,40.85509359861308],[-80.16647183441154,41.00092758102704],[-80.09782937345932,41.071509535136066],[-80.14730307802581,41.1139173478871],[-80.25795018853832,41.11723079040815],[-80.25795907107985,41.12808427290786],[-80.51903358366427,41.124544660299804],[-80.51905295942663,40.851296146182804]]]}},{"type":"Feature","properties":{"NAME":"Lebanon","FULLNAME":"Lebanon County","STATE":"Pennsylvania","FIPS_STATE":"42","FIPS_COUNTY":"075","GEOID":"42075"},"geometry":{"type":"Polygon","coordinates":[[[-76.43531376011411,40.238239233400925],[-76.3077445303341,40.25515434190839],[-76.15175933244774,40.315830078678225],[-76.20545624264201,40.36064185485565],[-76.23164430530046,40.366121680245016],[-76.53540272225904,40.5551086461372],[-76.67909120651291,40.47414059366414],[-76.61134514922989,40.304361486947734],[-76.56945890391225,40.1957813937004],[-76.43531376011411,40.238239233400925]]]}},{"type":"Feature","properties":{"NAME":"Lehigh","FULLNAME":"Lehigh County","STATE":"Pennsylvania","FIPS_STATE":"42","FIPS_COUNTY":"077","GEOID":"42077"},"geometry":{"type":"Polygon","coordinates":[[[-75.48406599976775,40.418570554185976],[-75.40973453147737,40.48798494695322],[-75.33304832819738,40.53676734441158],[-75.40441299976915,40.58115018295657],[-75.3912754675223,40.596550603902855],[-75.38858642719461,40.614217214260556],[-75.37812511631633,40.61535855914336],[-75.3795992058835,40.61669719171232],[-75.38305840873518,40.61728510298879],[-75.38413071601174,40.62042207636953],[-75.38319244815536,40.62404301864456],[-75.38880575626112,40.6287493754139],[-75.38734410656402,40.6330974285736],[-75.39289529976115,40.63438588056233],[-75.40829801754023,40.647635610829326],[-75.43012173756166,40.66842726010391],[-75.42969707967235,40.674391818193335],[-75.48170830572757,40.65565723488309],[-75.48411575834965,40.65956229293827],[-75.48406435046088,40.66863407082528],[-75.48560545434825,40.6724355640822],[-75.49135321779417,40.67707707761326],[-75.49790985845789,40.67912749383779],[-75.50237086610767,40.68889459360419],[-75.51003367783922,40.69440387853148],[-75.51721388495574,40.70430559602114],[-75.52510708670987,40.71905047266018],[-75.52623996648772,40.72647911585272],[-75.52596995986278,40.73156020646391],[-75.52808853225581,40.73501838904632],[-75.53536870569374,40.7375494713197],[-75.53872822698992,40.73716267380006],[-75.54052190030426,40.735230352133726],[-75.54177861464065,40.72771485554231],[-75.54442491672037,40.72484335104301],[-75.5525671332679,40.721312788060175],[-75.55670177039856,40.72078984173304],[-75.56194789303026,40.72195969461616],[-75.56698938393181,40.72512452744649],[-75.56870582189464,40.72682587409781],[-75.57083216830813,40.73260099469398],[-75.57266507554249,40.73406569410802],[-75.57718350889513,40.7351149762077],[-75.58755957594117,40.733714536793904],[-75.59193521129961,40.73558615389318],[-75.59624448990466,40.74325031825839],[-75.60160803042882,40.74976053274501],[-75.60357032291188,40.757126981717775],[-75.6026496117294,40.76597021764622],[-75.60661325185079,40.771687266666596],[-75.60508783883651,40.77991186028421],[-75.60908257414144,40.78745442528024],[-75.67681902843411,40.774925899007066],[-75.69462291961143,40.770136625696175],[-75.70237013435214,40.763213539734366],[-75.70242311878421,40.76219385909938],[-75.7304902081837,40.75276408763238],[-75.73930343121417,40.74410903687571],[-75.7435470330905,40.74349855145746],[-75.74485795536438,40.74026126467314],[-75.75780866228666,40.73541528741378],[-75.76517037490464,40.73127299880989],[-75.77769351429438,40.72953495816468],[-75.7797068795946,40.72494312749198],[-75.79652356629212,40.71703490690571],[-75.8077956929526,40.707492593992924],[-75.8446718713356,40.69300067880791],[-75.85481881498359,40.693191345161225],[-75.89191633825261,40.67717734734825],[-75.82255771879632,40.63189971857137],[-75.69419201753257,40.55126443948357],[-75.6753738771955,40.56895874827629],[-75.69419201663426,40.55126443948357],[-75.58984050804202,40.484664466938845],[-75.48406599976775,40.418570554185976]],[[-75.63842571770708,40.51998383086344],[-75.63471583019528,40.522476818485295],[-75.6416462166282,40.51773573258348],[-75.63842571770708,40.51998383086344]],[[-75.71482806413708,40.662509447942064],[-75.75780866228666,40.73541528741378],[-75.71482806323877,40.662509447942064],[-75.65769408737636,40.609491294913965],[-75.71482806413708,40.662509447942064]],[[-75.49554518450793,40.61739429986221],[-75.49468427507225,40.61643096792755],[-75.49468427618294,40.61643096816519],[-75.49554518450793,40.61739429986221]],[[-75.51122833588562,40.582500726815425],[-75.51181494631778,40.58240023177768],[-75.51122833565748,40.5825007270084],[-75.51122833588562,40.582500726815425]],[[-75.65746926627743,40.60928481147763],[-75.65398274898399,40.60604625618743],[-75.65373022806604,40.605810669317556],[-75.65746926627743,40.60928481147763]],[[-75.65373022806604,40.605810669317556],[-75.65339968756736,40.605506659798294],[-75.64928460357063,40.60168487623991],[-75.65373022806604,40.605810669317556]],[[-75.5406400224759,40.571965772831504],[-75.54520166120047,40.574862455841],[-75.54064002157759,40.571965772831504],[-75.5406400224759,40.571965772831504]],[[-75.52091715198527,40.57382455773452],[-75.5218810317087,40.572951320572464],[-75.5219078087124,40.57292828291339],[-75.52188103260703,40.572951320572464],[-75.52091715198527,40.57382455773452]],[[-75.51988123995245,40.574758886189734],[-75.52056892365864,40.57414281164415],[-75.51988123995245,40.57475888687207],[-75.51988123995245,40.574758886189734]],[[-75.51844894899546,40.57605384123788],[-75.51957360379856,40.5750346182824],[-75.51844894989378,40.57605384123788],[-75.51844894899546,40.57605384123788]],[[-75.51325606610038,40.58073759044948],[-75.51430153332988,40.57979644248786],[-75.51453085256067,40.57958945884924],[-75.5143015342282,40.57979644248786],[-75.51325606610038,40.58073759044948]],[[-75.6173345243925,40.5344096500414],[-75.61564870101458,40.53557191096967],[-75.6173345234942,40.5344096500414],[-75.6173345243925,40.5344096500414]],[[-75.61286006716628,40.53741564453036],[-75.60943684255926,40.539756294938535],[-75.61286006626797,40.53741564453036],[-75.61286006716628,40.53741564453036]],[[-75.59210479394226,40.551439867093876],[-75.59124776744359,40.55201474295902],[-75.59043409168197,40.5525613459092],[-75.59124776744359,40.552014742276455],[-75.59210479394226,40.551439867093876]],[[-75.58633451626251,40.55530804484382],[-75.58304877916673,40.557508032002495],[-75.57821419247905,40.56057767331311],[-75.58304877916673,40.557508031319976],[-75.58633451626251,40.55530804484382]],[[-75.57300243874576,40.56420022684584],[-75.57293145952526,40.564250356363445],[-75.57300243964407,40.56420022616346],[-75.57300243874576,40.56420022684584]],[[-75.57043060089448,40.5660165809847],[-75.56904486404919,40.566995245458735],[-75.56607999062362,40.56854868000893],[-75.56904486315086,40.566995245458735],[-75.57043060089448,40.5660165809847]],[[-75.55218202909886,40.578191666304505],[-75.55344099281673,40.57731586407421],[-75.55260140669094,40.57790829806582],[-75.55218202909886,40.578191666304505]],[[-75.67311364587206,40.571085917085],[-75.67290564149864,40.57128122379628],[-75.67427015852842,40.56999691223906],[-75.67311364587206,40.571085917085]],[[-75.67090571446447,40.573160113158764],[-75.6708802698012,40.573182851475266],[-75.67091670580454,40.573149415779795],[-75.67090571446447,40.573160113158764]],[[-75.52201990926436,40.64675271901727],[-75.52936781496707,40.65478552592894],[-75.53546152681542,40.66183328171918],[-75.54718409750544,40.69195215021323],[-75.53546152681542,40.661833282400636],[-75.52201990926436,40.64675271901727]],[[-75.5118478597688,40.63551027554238],[-75.50840668423092,40.63168567317958],[-75.5082145331336,40.63147097396311],[-75.50840668423092,40.63168567249783],[-75.5118478597688,40.63551027554238]],[[-75.50247589443573,40.62508798225707],[-75.49818359578622,40.62031545641245],[-75.49815235821967,40.62028099496587],[-75.49818359668453,40.62031545641245],[-75.50247589443573,40.62508798225707]],[[-75.49902602957144,40.612911969926515],[-75.49832526819135,40.613101478228614],[-75.49868016830558,40.612755151006276],[-75.49902602957144,40.612911969926515]],[[-75.49803064054109,40.61247172395675],[-75.49822328155882,40.612549476408276],[-75.49803064074982,40.61247172440356],[-75.49803064054109,40.61247172395675]]]}},{"type":"Feature","properties":{"NAME":"Luzerne","FULLNAME":"Luzerne County","STATE":"Pennsylvania","FIPS_STATE":"42","FIPS_COUNTY":"079","GEOID":"42079"},"geometry":{"type":"Polygon","coordinates":[[[-75.84806116010536,40.966504709488234],[-75.8496355348959,40.97165681176551],[-75.81958147898746,40.98227602041964],[-75.80194519637416,40.98302043847792],[-75.73217467869883,41.00809746660437],[-75.73548774721334,41.01388390226571],[-75.73862228095506,41.017134994871455],[-75.7392791704133,41.02165255806276],[-75.73845216070148,41.02416073517951],[-75.74002431306002,41.02968907165819],[-75.7429311544199,41.03150702919122],[-75.75763921487125,41.03158069910498],[-75.75902831752431,41.03638801759392],[-75.76094325352054,41.03809750085781],[-75.76138370918244,41.041397174464215],[-75.76579160663599,41.04423756965318],[-75.7703600186578,41.05019929538852],[-75.77146728836522,41.06085649316801],[-75.76997368020353,41.06243527365369],[-75.77003980339498,41.069603943174755],[-75.77200931114639,41.076699700296466],[-75.7657326205595,41.08429431218368],[-75.7676110984299,41.09182171530399],[-75.76710100536718,41.09335429604264],[-75.76367765427848,41.09390376671138],[-75.76070047573016,41.0916132152784],[-75.7553482791314,41.09423070696452],[-75.75334612750088,41.09626233533652],[-75.7546230611177,41.102020887852525],[-75.75200317040563,41.10396206058369],[-75.74666643560954,41.10415361394076],[-75.73843094608775,41.10221446746205],[-75.7330964364186,41.102805504062914],[-75.72880810472934,41.10833128800295],[-75.72504929486578,41.109227339374605],[-75.72102323261196,41.11285892821028],[-75.71813042114016,41.118385825298674],[-75.71539418602241,41.11882482347833],[-75.70876436140912,41.115979640294576],[-75.70831610298065,41.11796898240971],[-75.70971850608983,41.12199957559511],[-75.70767903125588,41.12259260294154],[-75.70554447334239,41.12140607730878],[-75.70399284299653,41.121639796617664],[-75.70069474580453,41.12692714391827],[-75.6927879740997,41.13089997612955],[-75.68902275385828,41.131083715127915],[-75.68516046885377,41.12982604520502],[-75.67962847894246,41.13289641345144],[-75.6739432660881,41.132615549433396],[-75.66669437109002,41.13375816404334],[-75.66517647517801,41.130373188281006],[-75.66130091487024,41.129125968256886],[-75.65710774621063,41.1243835618288],[-75.65643519462539,41.12277620414807],[-75.65818029243904,41.11856854699918],[-75.65636403368185,41.11595216737423],[-75.6547091905031,41.11658472584434],[-75.64925091724233,41.12229485020968],[-75.64930754074965,41.12461757774844],[-75.64831814348223,41.12552745323337],[-75.64040790787367,41.126814711364965],[-75.63426356248432,41.123055042968325],[-75.63329701206955,41.1275494732046],[-75.628147253515,41.128120271923606],[-75.6271779821032,41.12995444645045],[-75.62517634430904,41.130820748740454],[-75.62547068180345,41.13190620767934],[-75.62806909289876,41.132887990478096],[-75.62817508242418,41.13726129917241],[-75.62490829960467,41.13795798505806],[-75.62300291000498,41.13996119474209],[-75.61624968382111,41.14303078420941],[-75.6141959464354,41.145097647931664],[-75.61543830299861,41.15078009807439],[-75.61366510408625,41.15125117332408],[-75.60917466852607,41.14993399491175],[-75.60314221369525,41.15193778981082],[-75.60317190301538,41.15396044996412],[-75.60460834957888,41.15619971866331],[-75.60104117461994,41.15942126702397],[-75.60066977245391,41.16157501879202],[-75.60260063558012,41.161674958639495],[-75.60434359809834,41.16344359495922],[-75.61176634854493,41.16419678414233],[-75.61506462360336,41.168150822944995],[-75.6138204075275,41.1688963876634],[-75.61487061624808,41.17094042613906],[-75.61432154887844,41.17146587045047],[-75.6160749174809,41.1726406418224],[-75.61904348118564,41.17095233277031],[-75.62288423357279,41.1708869199783],[-75.62416995091647,41.16972716842895],[-75.63178664493793,41.1696770829449],[-75.63693823785229,41.17157746032799],[-75.63780091696908,41.17468341061645],[-75.63930922246712,41.176245463988046],[-75.64249931880576,41.17578431516102],[-75.6437865686753,41.176621504328885],[-75.64448791665527,41.179610795096664],[-75.6438052599214,41.18249096030982],[-75.64678515767011,41.18607880494258],[-75.64668436040701,41.18730060777449],[-75.64915201183123,41.187267116895626],[-75.65265772226181,41.258336662506885],[-75.67815292332475,41.26430038472409],[-75.679482508997,41.288060652470165],[-75.68972559393994,41.28774621176881],[-75.69058916867708,41.30388888984306],[-75.69397055317064,41.30387876601543],[-75.69458457502353,41.316862970719804],[-75.686480432671,41.317141907623345],[-75.68725524038334,41.339449639370095],[-75.74214285131706,41.34827922438633],[-75.76767268333252,41.36566464087806],[-75.7949673760979,41.376893129773244],[-75.79601484944841,41.38012637380134],[-75.8005789989642,41.383277002856516],[-75.80792063423556,41.385489452283565],[-75.81759984577634,41.38686756046168],[-75.82400492448197,41.3899313640323],[-75.82938394836837,41.39369400245663],[-75.83236761365136,41.39886811489669],[-75.83109236796898,41.41746876552071],[-75.83298736136588,41.42483167641117],[-75.83455749431164,41.42691985605788],[-75.83928727070791,41.42463277370203],[-75.98322856603558,41.39107275872386],[-76.00506990201973,41.38455118193306],[-76.28279132061131,41.37725287020698],[-76.31081618649749,41.30899288979823],[-76.31997044863738,41.21565812702065],[-76.31936708619365,41.20494080964924],[-76.27733882621276,41.131734970008196],[-76.2289423004866,41.13842615399465],[-76.22836030537022,41.055635865368366],[-76.22846431680539,41.05187226057774],[-76.23132921582467,41.05013475870883],[-76.22152650210198,41.00447237349735],[-76.20780579255583,40.94975121519724],[-76.02826982848,40.9022211699071],[-75.84806116010536,40.966504709488234]]]}},{"type":"Feature","properties":{"NAME":"Lycoming","FULLNAME":"Lycoming County","STATE":"Pennsylvania","FIPS_STATE":"42","FIPS_COUNTY":"081","GEOID":"42081"},"geometry":{"type":"Polygon","coordinates":[[[-77.16434375137332,41.06874350407473],[-77.1128057524199,41.069421910124966],[-77.06836458165326,41.085575117103915],[-76.97791594387878,41.086951708909204],[-76.96022694003975,41.148801166666445],[-76.89556189756873,41.138990280130955],[-76.88842946824892,41.15311131838917],[-76.88088383815294,41.15980404202183],[-76.87026320027924,41.16005594735039],[-76.85691656359043,41.16363921769943],[-76.82962581263253,41.16566590774463],[-76.79082649483811,41.17573228562502],[-76.72950567715063,41.17177209655698],[-76.67877826131571,41.15410546996099],[-76.59215615829238,41.157862514133136],[-76.44770193392063,41.27569489758579],[-76.5484251857079,41.293070550047354],[-76.54760677107672,41.29578760103167],[-76.59432571007777,41.30467589689518],[-76.61373728916965,41.31857408104619],[-76.6635762208829,41.351135062715656],[-76.7494404674033,41.40539911009055],[-76.81393819595772,41.59005746795372],[-76.87481180444901,41.596649284182945],[-76.87737566005028,41.591010575015474],[-76.8866334494334,41.58692106700012],[-76.89647053988536,41.58598071412338],[-76.89827596855348,41.584458896630004],[-76.90865223412717,41.58144697699963],[-76.91714857464456,41.58274372294873],[-76.91978088097216,41.580929525872264],[-76.92232044163654,41.58096691690476],[-76.92353266511188,41.57919145161576],[-76.92347508939037,41.57739890113308],[-76.92493408905739,41.576181757936915],[-76.92554119298427,41.57221370949451],[-76.926741750039,41.57100435118108],[-76.93363173484342,41.56889241185107],[-76.94080039591357,41.56951077959573],[-76.94757490318652,41.567958128217825],[-76.95275462953894,41.564760510783394],[-76.95803596343484,41.55865807973924],[-76.95953105740996,41.5578196030152],[-76.9610624154748,41.558258675451874],[-76.96272939040145,41.556678319481314],[-76.96314309603082,41.55462463594248],[-76.95970663223393,41.55417609189679],[-76.9604785563542,41.551413453241096],[-77.13285188885206,41.54666094640562],[-77.28540096070807,41.54410792641418],[-77.59927327588858,41.542264413276946],[-77.59699787202001,41.44101185968863],[-77.58467829716184,41.44132975327067],[-77.58064127007165,41.435828882921896],[-77.57506838076378,41.420302904677506],[-77.5701604720399,41.41462733333699],[-77.56415815478856,41.41243763906028],[-77.54958485420624,41.3946521979093],[-77.54203805360544,41.38177260748389],[-77.53995554767276,41.36790073523922],[-77.53799822826313,41.36536945732383],[-77.52654818487076,41.35852781738665],[-77.51694673150097,41.35595614818231],[-77.49997911436097,41.353963127581274],[-77.48605673033857,41.34564327860771],[-77.47628374546193,41.33854711843689],[-77.47463703832472,41.33546350250479],[-77.47496677572954,41.325266332483515],[-77.47155117530512,41.313622942061045],[-77.46653700935788,41.30928866837496],[-77.45560722436399,41.30399982534995],[-77.45272807447104,41.299697612999694],[-77.45066087313586,41.294120165532874],[-77.44532676411534,41.2878969739353],[-77.44197014527583,41.286045792612015],[-77.43478069808832,41.28469961168507],[-77.42991607468642,41.28266568719916],[-77.4249525620431,41.27308731736431],[-77.421110812526,41.27099219056936],[-77.41580396288276,41.269967036257896],[-77.4116716407106,41.26700265477073],[-77.39896039859194,41.25298734948064],[-77.37495738545417,41.236792625679875],[-77.37007808268221,41.232603747068694],[-77.36208023887558,41.23348642942418],[-77.35749040652583,41.23044709056822],[-77.3497843732527,41.22879659956033],[-77.34861735030753,41.22308648422047],[-77.35157238987568,41.21997196065813],[-77.33479785482623,41.22059250258072],[-77.33048502967243,41.219375006467274],[-77.32977373105406,41.2206239702767],[-77.32857451428572,41.21919884773152],[-77.32593237410072,41.2197878870129],[-77.32343744173963,41.21864340029183],[-77.3208506189115,41.21876446907255],[-77.30525306553045,41.207158695647834],[-77.29886531891992,41.2006504090678],[-77.29404065797176,41.19856276476239],[-77.29068165680012,41.19587937640456],[-77.29048907596952,41.19464276923677],[-77.2938667585058,41.190502501412105],[-77.29202344967877,41.18482200795895],[-77.28689284051113,41.18261919555835],[-77.28310067979433,41.18271458233255],[-77.27658974720889,41.17981385550538],[-77.2728249339043,41.1761611553324],[-77.2718134910815,41.172195004503855],[-77.16434375137332,41.06874350407473]]]}},{"type":"Feature","properties":{"NAME":"McKean","FULLNAME":"McKean County","STATE":"Pennsylvania","FIPS_STATE":"42","FIPS_COUNTY":"083","GEOID":"42083"},"geometry":{"type":"Polygon","coordinates":[[[-78.95397478615739,41.687417791656124],[-78.95466905720954,41.64024426276483],[-78.95548944094782,41.640214774847635],[-78.95613762573097,41.62333433255631],[-78.81497069181837,41.62267293138641],[-78.81523687431513,41.62424877372251],[-78.67606582179236,41.624971671373366],[-78.48381505826936,41.63148081182217],[-78.48290875875898,41.60232967225029],[-78.41915488556548,41.602159429724495],[-78.41934966726853,41.61691833077916],[-78.20349121401146,41.61820244382428],[-78.2049745050221,41.791252907620056],[-78.20664150060999,41.8761943770085],[-78.20703303671647,41.999515345282354],[-78.62375864576678,41.99997610903659],[-78.7592355383804,41.998202689130096],[-78.91894141444314,41.99807324256692],[-78.9184808904178,41.95291847155116],[-78.91549855643807,41.95291331069427],[-78.91705651272015,41.86182073853317],[-78.91600399083771,41.86181243190518],[-78.91564201828726,41.84093190664583],[-78.92154400090789,41.84088194685038],[-78.9214078863794,41.83090365567459],[-78.94861089169699,41.83051760789288],[-78.95397478615739,41.687417791656124]]]}},{"type":"Feature","properties":{"NAME":"Mercer","FULLNAME":"Mercer County","STATE":"Pennsylvania","FIPS_STATE":"42","FIPS_COUNTY":"085","GEOID":"42085"},"geometry":{"type":"Polygon","coordinates":[[[-80.25795907107985,41.12808427290786],[-80.25795018853832,41.11723079040815],[-80.14730307802581,41.1139173478871],[-80.09782937345932,41.071509535136066],[-79.99985144684217,41.17192455992564],[-79.9991692132148,41.19948304386627],[-80.0009965913186,41.372675842952155],[-80.00005846000613,41.40353182997496],[-79.99980211046845,41.490057781271496],[-80.12564263758705,41.486278364002196],[-80.12541847827927,41.48040800698964],[-80.43119695747849,41.48687106072268],[-80.43120060374022,41.48899784887526],[-80.43277104390982,41.4879897869152],[-80.43329905117595,41.48865481458916],[-80.43142284334827,41.48984864242821],[-80.43212772530057,41.491976919490774],[-80.44491606802343,41.49229051256384],[-80.4449664293749,41.487160592943255],[-80.51920506935707,41.489057385468335],[-80.51903358366427,41.124544660299804],[-80.25795907107985,41.12808427290786]]]}},{"type":"Feature","properties":{"NAME":"Mifflin","FULLNAME":"Mifflin County","STATE":"Pennsylvania","FIPS_STATE":"42","FIPS_COUNTY":"087","GEOID":"42087"},"geometry":{"type":"Polygon","coordinates":[[[-77.88914420298367,40.392182836188624],[-77.88786129916352,40.392283074093676],[-77.88785525799321,40.39134226814639],[-77.87646275798299,40.39403688009181],[-77.87009923264749,40.392186352878504],[-77.87005672346992,40.39013582536405],[-77.87284487761785,40.38456411013861],[-77.87206873321236,40.380228375718794],[-77.86557960004392,40.37178003680729],[-77.86131140948166,40.370186897123055],[-77.8592419650532,40.36646972885161],[-77.85596157994367,40.36488121651471],[-77.85109513386006,40.36540159509747],[-77.84461575819223,40.369038955766435],[-77.83830940792961,40.3690110719678],[-77.82976323516849,40.36385012431629],[-77.81954927720032,40.36050554107925],[-77.81478319629015,40.36252791220008],[-77.81042218370789,40.36863590881448],[-77.76189882215182,40.36872483614482],[-77.72191793589116,40.4086378861337],[-77.68607901072569,40.43593301473412],[-77.65002148412907,40.465208539996986],[-77.62837437468913,40.481438406870744],[-77.612494576934,40.49088459907219],[-77.61264070049138,40.5141246947434],[-77.57763608654435,40.53554387430377],[-77.52677263792765,40.56279104696255],[-77.4976736950838,40.581723678489624],[-77.49782705636743,40.60944354075784],[-77.47926838631533,40.61998465028726],[-77.40748211471944,40.652228029241506],[-77.3606986012225,40.67000828998815],[-77.32309504168258,40.6830708334348],[-77.28805161063379,40.6936157877158],[-77.35431593368659,40.70187300522381],[-77.35731867469464,40.844258514891216],[-77.36417097427457,40.84693950656177],[-77.37470798169026,40.84529504226159],[-77.42960396043085,40.82754141163206],[-77.4923146730855,40.80138985587349],[-77.59038064987185,40.76233315127448],[-77.65257046991742,40.74492474511365],[-77.66199176256372,40.737741519151704],[-77.68137975548947,40.72967906488014],[-77.67670626752891,40.71642665075018],[-77.70127067471866,40.70525152368091],[-77.69933201062253,40.69813602832868],[-77.70063789065273,40.694927172406985],[-77.70792428582234,40.691541072414765],[-77.7084062741931,40.69057733918115],[-77.70384996068154,40.68000277664333],[-77.68233365223519,40.685208034185344],[-77.68274512914434,40.68292637446166],[-77.68731358428528,40.676818420392216],[-77.71025927584205,40.662502840827315],[-77.720761497795,40.65795197443215],[-77.72053246153351,40.6547065414137],[-77.75154691529536,40.63260749261139],[-77.75838364796971,40.62995003053734],[-77.77243293339903,40.62660722014878],[-77.8171525962768,40.58292177978671],[-77.8420304148894,40.54988071564143],[-77.81641224973541,40.49948995208571],[-77.83626959083755,40.48368896606038],[-77.87135603501875,40.444297866940815],[-77.89112136258468,40.426065646079344],[-77.8963907902098,40.41773257596869],[-77.90742574546557,40.41413675282628],[-77.91200003516428,40.40885822437616],[-77.91368163376545,40.39868308211732],[-77.8891625762262,40.39899103093879],[-77.88914420298367,40.392182836188624]]]}},{"type":"Feature","properties":{"NAME":"Monroe","FULLNAME":"Monroe County","STATE":"Pennsylvania","FIPS_STATE":"42","FIPS_COUNTY":"089","GEOID":"42089"},"geometry":{"type":"Polygon","coordinates":[[[-75.4424504267267,40.81836692160225],[-75.42049023913889,40.82345119865255],[-75.41675952498414,40.826102184035136],[-75.38326562851167,40.83103695439308],[-75.33999193254277,40.845925131727576],[-75.32077078910463,40.85571498085257],[-75.3005939055778,40.8595627396517],[-75.28403882266404,40.86603955456788],[-75.27352974836211,40.87315016806191],[-75.26731344342693,40.88236356798767],[-75.23250216669196,40.899759109427755],[-75.24112979059822,40.90943751034554],[-75.22182071646678,40.91958075374018],[-75.21814734177664,40.92797373070062],[-75.19566882357495,40.936324313717066],[-75.1871273750539,40.93717149758416],[-75.1780725285682,40.94031958496127],[-75.17688119541481,40.945507707119425],[-75.16946257182865,40.94801471836467],[-75.15292171283909,40.94931493174108],[-75.14474320435407,40.95169905971783],[-75.12922703115125,40.958927911471534],[-75.12022008822636,40.96869726637251],[-75.12259746255779,40.970068795272134],[-75.13121568110303,40.969147591776505],[-75.13549770392405,40.973201987509675],[-75.13569916460125,40.976560119822146],[-75.13261299884938,40.980451944805026],[-75.13160846856269,40.989959161836374],[-75.12995272617036,40.99214249210041],[-75.11157244716065,41.00189046701712],[-75.10696009674167,41.005249299090906],[-75.09336396735574,41.00946450079505],[-75.08424518956791,41.01599369225182],[-75.07169945844707,41.018255549872464],[-75.04190356846983,41.03160275025636],[-75.03410809084218,41.03738082845377],[-75.02657455296824,41.03981241032513],[-75.02557144651128,41.041460144432016],[-75.02729005031223,41.0435708383143],[-75.02704487491839,41.045481727906726],[-75.01735235304004,41.05610521480281],[-75.01644939616084,41.05984513024009],[-75.01242229814949,41.06718406360669],[-75.00695032198735,41.067659443004544],[-75.00058060007302,41.07330001218726],[-74.99355333203194,41.077147648370676],[-74.9813334342377,41.0796817487937],[-74.97072500446872,41.08539061154222],[-74.96775960732535,41.08919163676379],[-74.96691970319594,41.09442606633616],[-74.96884992672167,41.09611462780043],[-74.97122530140328,41.09583493595839],[-74.98185916068132,41.08959484929037],[-74.98805144197085,41.08827049512364],[-74.9914702170415,41.08878793225339],[-74.9915808840946,41.09246163386705],[-74.99431990488807,41.093772214581364],[-74.99629972619725,41.09303608484815],[-74.99749279848902,41.089623973717664],[-74.99900846298586,41.08949720243955],[-75.00329745134358,41.09170368389489],[-75.0069609984645,41.088613024841464],[-75.0118413908929,41.0879710951586],[-75.01340043772976,41.08352827745061],[-75.02005981511924,41.084855059783706],[-75.02539979103689,41.08329269651837],[-75.02657927810662,41.08073839144716],[-75.02771742111372,41.080541099452326],[-75.02914862151596,41.08278281199137],[-75.03234719166268,41.08495905382784],[-75.03341573409988,41.08719144273328],[-75.03906910616901,41.088693917275386],[-75.07766457556419,41.140886110178656],[-75.1565072188197,41.15034069003366],[-75.13010152311402,41.252006268686074],[-75.35989456310828,41.23879051645927],[-75.36296573867298,41.23941938094568],[-75.36677589803483,41.238369668023644],[-75.50724537906252,41.23163712904951],[-75.50867731877825,41.23264875210846],[-75.50938098800492,41.2273764790617],[-75.51651831763459,41.2193950985727],[-75.52558217601924,41.22315790492162],[-75.52671175898,41.22521300380402],[-75.52936130846946,41.2267095931854],[-75.53510129160671,41.225113610214486],[-75.53958886333777,41.22557744927647],[-75.54367892696236,41.22376822427991],[-75.54448292273491,41.22181072806227],[-75.55093656705971,41.21542003424202],[-75.55220688188952,41.21272281402941],[-75.55403017445539,41.21187445620941],[-75.55515382853527,41.209011368569456],[-75.55474474922961,41.207790459561025],[-75.55929615614306,41.20699901395202],[-75.56008705807204,41.20514722551278],[-75.56271203594355,41.20542643789608],[-75.56576768951847,41.20123620278517],[-75.56702807257447,41.20079865046904],[-75.56697596220316,41.19953358037174],[-75.56969926876735,41.1989217053588],[-75.57089719465661,41.19528831704954],[-75.56909136264491,41.193565579802836],[-75.5704778143696,41.19271209977724],[-75.57017184998045,41.19122008980156],[-75.57364276955839,41.189571506295785],[-75.57635963250705,41.18671009224726],[-75.57549275376628,41.18079358571402],[-75.57685593822679,41.177761327122255],[-75.58270363745144,41.17682431233706],[-75.58856834537767,41.17250865987924],[-75.59484916911319,41.171535184336776],[-75.59853297593872,41.172249063397864],[-75.59794702374353,41.16821168741404],[-75.59628563903289,41.166134747168506],[-75.59707796928315,41.16340750441982],[-75.60055582744833,41.161898245947754],[-75.60104117461994,41.15942126702397],[-75.60460834957888,41.15619971866331],[-75.60317190301538,41.15396044996412],[-75.60330640416962,41.1517428274877],[-75.60917466852607,41.14993399491175],[-75.61366510408625,41.15125117332408],[-75.61543830299861,41.15078009807439],[-75.6141959464354,41.145097647931664],[-75.61624968382111,41.14303078420941],[-75.62300291000498,41.13996119474209],[-75.62490829960467,41.13795798505806],[-75.62817508242418,41.13726129917241],[-75.62806909289876,41.132887990478096],[-75.62547068180345,41.13190620767934],[-75.62517634430904,41.130820748740454],[-75.6271779821032,41.12995444645045],[-75.628147253515,41.128120271923606],[-75.63329701206955,41.1275494732046],[-75.63417655076758,41.12310288292255],[-75.63830661637178,41.12609359511609],[-75.64184709968866,41.126858163817694],[-75.64866979349178,41.12537984738645],[-75.64925091724233,41.12229485020968],[-75.64724363623155,41.121353752188405],[-75.64565696350478,41.118051197608814],[-75.64706516434079,41.11385497857852],[-75.64634772663575,41.113120452571856],[-75.63652321169944,41.11314673279862],[-75.63394014742246,41.111995850019674],[-75.63271160964328,41.10834479525284],[-75.62905622641165,41.10690840861052],[-75.62733210695481,41.10734923526422],[-75.62593529316335,41.11089663554874],[-75.62485147487473,41.111475700263895],[-75.62027652221937,41.10928870458534],[-75.62043985570095,41.10655808062872],[-75.61541519653288,41.104448673708724],[-75.61330752429751,41.09440910422531],[-75.6062727247811,41.094474736839686],[-75.60412700080862,41.09357566580077],[-75.60618094570515,41.08600515004694],[-75.60551621485277,41.08479133170472],[-75.60053556594711,41.084385538394386],[-75.59653325514937,41.08082057606899],[-75.59394929345541,41.08063727600503],[-75.59202382022093,41.078285723211486],[-75.58307165476546,41.072926680735726],[-75.58315748340097,41.070137850919494],[-75.58108561352124,41.06763518045351],[-75.57882154728988,41.06857716011117],[-75.57684987459862,41.06789381009093],[-75.57636240470801,41.065339825020615],[-75.57464886021872,41.063947229546464],[-75.57480713798188,41.06255384327069],[-75.57098115838959,41.05903093549849],[-75.5714499496105,41.0577820784659],[-75.56882836108257,41.05657094094356],[-75.56847877989311,41.055191270850784],[-75.57054376059291,41.0538909510692],[-75.56962122044051,41.052497118032754],[-75.57053602789496,41.05163494171187],[-75.56934628565791,41.05089286965821],[-75.56977498506771,41.050049953957796],[-75.56264997673046,41.049817463511395],[-75.49774947863696,40.98756445637854],[-75.57512282304072,40.95228164445941],[-75.52485135790805,40.88851621819408],[-75.47250626579097,40.81500381063552],[-75.4424504267267,40.81836692160225]]]}},{"type":"Feature","properties":{"NAME":"Montgomery","FULLNAME":"Montgomery County","STATE":"Pennsylvania","FIPS_STATE":"42","FIPS_COUNTY":"091","GEOID":"42091"},"geometry":{"type":"Polygon","coordinates":[[[-75.46219426299776,40.12015922316359],[-75.47025113061014,40.11576469255411],[-75.47162369707547,40.111515046325735],[-75.46864634155904,40.10655532240059],[-75.46180067783412,40.10296214387117],[-75.46297166414631,40.09743583600162],[-75.46188485446781,40.096303305439704],[-75.45700580142751,40.094975180283804],[-75.45628715009853,40.087636180449856],[-75.44100324439722,40.09424584647516],[-75.43799340580013,40.08942514390859],[-75.42009867787958,40.0972327855626],[-75.39300784519152,40.06080790763753],[-75.36675191571169,40.07241248185206],[-75.36090056214047,40.06555789269253],[-75.3591917095519,40.066306603200154],[-75.32140790125356,40.016964929051746],[-75.32068311712615,40.01620831576407],[-75.31177115127964,40.02011556154605],[-75.28257828058968,39.985474546892924],[-75.2764885985837,39.97695417120305],[-75.20582814151597,40.01157908654942],[-75.21154547183669,40.01484613311981],[-75.21737619380077,40.02039976272859],[-75.23268349522533,40.02830392220536],[-75.23998604929027,40.03341744363666],[-75.24511142217811,40.03723111512851],[-75.25042203306741,40.042890908014584],[-75.26014067256433,40.04955461905415],[-75.26438205739852,40.05407504225017],[-75.22360493052119,40.09289375862053],[-75.18847606340066,40.07274857809873],[-75.17645042718493,40.08465677218527],[-75.10905014313285,40.04557747374857],[-75.10767371660674,40.04812588104346],[-75.09473990519834,40.05614998066486],[-75.08745139090297,40.063602337871906],[-75.09669789924274,40.06898593654486],[-75.08692980120124,40.07866897939661],[-75.0812493036038,40.084065232925845],[-75.07774920405049,40.08574046500454],[-75.058020618478,40.10624170726427],[-75.02071811313587,40.132146363352895],[-75.01493147779097,40.13791120973248],[-75.12689663331928,40.2041784216304],[-75.21209843250476,40.256282371317695],[-75.29462344348475,40.30455249239487],[-75.42236598613083,40.38152151208113],[-75.43262871902566,40.388666319862956],[-75.4767434033905,40.414085148872296],[-75.52937924063917,40.44680816798128],[-75.69690061148906,40.24185483772201],[-75.69192533271216,40.238811531801716],[-75.69078450464066,40.23682701493174],[-75.68858848938531,40.23618244434055],[-75.68571244047672,40.23661286371],[-75.67907580214201,40.241157305288645],[-75.67168890166178,40.24436553005623],[-75.66401753168053,40.244961527066806],[-75.65787378816242,40.24143584680725],[-75.65077327239139,40.24195735890475],[-75.62980690807039,40.23321375773358],[-75.61982877942388,40.23043945532881],[-75.6162282122892,40.22501916707911],[-75.61167637957428,40.223142688909114],[-75.60558660953339,40.22484199468749],[-75.60305643895866,40.22751274551537],[-75.60347709934494,40.22916067624842],[-75.60698361736097,40.232610536647215],[-75.60682750094438,40.236755516516354],[-75.60304491716683,40.238082426534866],[-75.59743242113807,40.2372489947624],[-75.58800302748453,40.21502789245244],[-75.58125561160392,40.20694948487281],[-75.57951789614528,40.20157240043491],[-75.57479399293433,40.19602486847958],[-75.56938524649013,40.19400196423549],[-75.56548372127736,40.19520629513096],[-75.5623344129442,40.19873695487026],[-75.56249228466885,40.20174843366259],[-75.56494502585599,40.20574703108351],[-75.56474515429855,40.2086658477052],[-75.56196396209407,40.210024640312284],[-75.55773346933272,40.2082855790786],[-75.54869419693908,40.18870449896647],[-75.54116880768306,40.17628127422858],[-75.52955164261355,40.16929805265209],[-75.52847078247717,40.16774696141182],[-75.52664780881324,40.159997845748826],[-75.52767345579731,40.15164540689506],[-75.52645714768238,40.1489188193488],[-75.52338248126448,40.14733199758936],[-75.52021782431636,40.147359185292935],[-75.51788240490195,40.14919755666555],[-75.51619753194159,40.15411843143707],[-75.51308301535937,40.15827337190424],[-75.50885173208056,40.1600564613351],[-75.50368402518663,40.15975662257083],[-75.50088528888466,40.15696476629175],[-75.50096195560258,40.154649147100336],[-75.50249366311208,40.15194692042778],[-75.50934989910955,40.14532832713189],[-75.51082413689876,40.14079905666776],[-75.50993308539202,40.13728706304164],[-75.5065436214508,40.13321189619417],[-75.48981378387491,40.12555433903561],[-75.48143641892872,40.12670186401298],[-75.47411875430238,40.129228426834956],[-75.47104471760349,40.12898690480424],[-75.4622516060556,40.12529046645],[-75.46131469106203,40.12340301939847],[-75.46219426299776,40.12015922316359]]]}},{"type":"Feature","properties":{"NAME":"Montour","FULLNAME":"Montour County","STATE":"Pennsylvania","FIPS_STATE":"42","FIPS_COUNTY":"093","GEOID":"42093"},"geometry":{"type":"Polygon","coordinates":[[[-76.77368533216837,41.0023317769542],[-76.78469945908599,40.967107760990324],[-76.7868972296494,40.96398402367338],[-76.78687332997126,40.960482647124905],[-76.78550099437297,40.95905037286411],[-76.79160414751495,40.95555516604289],[-76.7911662448651,40.95351133632183],[-76.78930707448508,40.9523445605304],[-76.79434131598231,40.94922799902175],[-76.79302155787926,40.94825960542046],[-76.79295166715355,40.946625456128],[-76.74647969568532,40.953900675827654],[-76.73230940628893,40.954844593696755],[-76.7015889315937,40.96039634575269],[-76.68004248736452,40.96546072003287],[-76.66144124794772,40.96798794180514],[-76.65272469442161,40.961566540637996],[-76.64498918832231,40.964660524139376],[-76.63564885723935,40.964700564621474],[-76.62238933737015,40.95840207614908],[-76.60057277781986,40.94182097239214],[-76.59211808858895,40.94037266216198],[-76.5843193132459,40.940618791532295],[-76.57740324406058,40.939379712846275],[-76.55684835036053,40.93841951753583],[-76.5588686551463,40.93336355117035],[-76.5584964301235,40.93051035936785],[-76.56002533848256,40.9290066020711],[-76.56172215274799,40.92470445706283],[-76.56620016730275,40.920169711204366],[-76.56831106089673,40.91472691359467],[-76.5658383950766,40.909999388925634],[-76.56619092004522,40.90737904309722],[-76.56486550525084,40.90433482800658],[-76.56027008987162,40.89873811043809],[-76.56017890368373,40.89534855850544],[-76.55878732707039,40.89179528847826],[-76.55692216043586,40.88842415355183],[-76.55065318547892,40.882639909755355],[-76.5280883149239,40.88262155646348],[-76.52465284376541,40.91550185849077],[-76.52832444158793,40.91869501640543],[-76.52705589643925,40.92046501099487],[-76.5219226013089,40.9231000484754],[-76.5200894685974,40.9267945629856],[-76.5218972337836,40.931659116783756],[-76.5237106475763,40.933969753037026],[-76.52634094616921,40.93482336461243],[-76.52955399266676,40.94052008217009],[-76.52494768072312,40.94149382171112],[-76.51257319005502,40.946497740319245],[-76.51586071407613,40.950255665940034],[-76.51625803533302,40.95252383850577],[-76.51457119146892,40.95659326074297],[-76.51490469640804,40.95881240539131],[-76.52088320650773,40.96373535282495],[-76.52181315955785,40.96702848739401],[-76.52496925645963,40.96766214578074],[-76.52905328160887,40.9731431411101],[-76.56524146007871,40.99988164210028],[-76.56624450994181,41.00848741610341],[-76.56371073712278,41.02040409837865],[-76.56236226167675,41.03334076921606],[-76.5699491666651,41.05386376649895],[-76.61909639650789,41.06359363606478],[-76.61609833931573,41.068437115875206],[-76.61824125964621,41.07420233425857],[-76.6153494749488,41.079487611849544],[-76.62060486549929,41.08513202703875],[-76.62124267114764,41.09166879621274],[-76.64077851329445,41.15576171725808],[-76.67877826131571,41.15410546996099],[-76.72950567715063,41.17177209655698],[-76.73376196413705,41.17204792156748],[-76.73311602783706,41.16842632373287],[-76.73155050324868,41.16584909219419],[-76.7309537074897,41.154797472267965],[-76.7334671011282,41.14820744069237],[-76.73441056753512,41.14165646112018],[-76.73596833427268,41.13938833278889],[-76.73397159319512,41.13275848467363],[-76.73557629331302,41.129881365098285],[-76.73460506626887,41.12165457064544],[-76.73532096156656,41.109717529147126],[-76.73419366930978,41.10407183756411],[-76.73499575706064,41.09128876767693],[-76.74640595927185,41.06571394457264],[-76.75734315985842,41.049021381948485],[-76.75940457065327,41.03938439045634],[-76.7638055699438,41.02977937950188],[-76.76204002467765,41.02595143509426],[-76.77055705070107,41.01882112854696],[-76.77367226347764,41.01431373773365],[-76.77329747915456,41.013125489757684],[-76.77477091025662,41.012252903230205],[-76.77589385017585,41.00851760208583],[-76.77368533216837,41.0023317769542]]]}},{"type":"Feature","properties":{"NAME":"Northampton","FULLNAME":"Northampton County","STATE":"Pennsylvania","FIPS_STATE":"42","FIPS_COUNTY":"095","GEOID":"42095"},"geometry":{"type":"Polygon","coordinates":[[[-75.25696233607108,40.582534803699915],[-75.19656708675677,40.608666852370895],[-75.20120640190562,40.61484032729098],[-75.20181459818392,40.6170867910711],[-75.19897934626395,40.61877925222885],[-75.19068195653088,40.6197430998842],[-75.18867738124572,40.62287018855907],[-75.19068721796349,40.63574149882059],[-75.19594561966682,40.64372794071486],[-75.19990638967087,40.6465827705577],[-75.20025992434587,40.648793899558186],[-75.19789690688931,40.6523527848919],[-75.1978600777593,40.654863763421346],[-75.18948593327339,40.662857481011336],[-75.18227478638187,40.66662871688739],[-75.17757237356746,40.672682658544744],[-75.17700162535844,40.67537602540648],[-75.17790613542475,40.67797583934175],[-75.18056374998885,40.679350263828546],[-75.19084329215927,40.67958552247515],[-75.19665580078099,40.68121906312778],[-75.20072119846449,40.6851453798952],[-75.20391342830193,40.69059321246555],[-75.20356556289467,40.69451469627572],[-75.20104329030794,40.69825422733972],[-75.19873318811317,40.705581247311045],[-75.19529122393179,40.710993470706995],[-75.19467882174135,40.713836714709],[-75.1866246841091,40.71962073423782],[-75.18616584801819,40.72535707561569],[-75.1820806451776,40.73073388105432],[-75.18255379951584,40.73316216508437],[-75.18524288655593,40.736799007193994],[-75.19465302032977,40.74451097657131],[-75.19680351615304,40.74919644402386],[-75.19568081338905,40.75263826029796],[-75.19193990784743,40.75586360251494],[-75.18280195102825,40.75934893530067],[-75.17850714697738,40.76231675416904],[-75.17568883009716,40.77257706971428],[-75.17153498429079,40.77752765603539],[-75.16498668717942,40.7784109464621],[-75.15090991150579,40.7748286206797],[-75.13483402589719,40.77346678465312],[-75.1314354548356,40.77557167265828],[-75.12656640633261,40.783353746553566],[-75.12274379632096,40.78652231638266],[-75.11661978519639,40.78923626660003],[-75.10848277348761,40.790917500676365],[-75.10699328230488,40.793461658410145],[-75.10066628157053,40.79926299290521],[-75.1007747549377,40.80565429007623],[-75.09898059832976,40.80918983053624],[-75.09620758348932,40.81221214596544],[-75.08958630275269,40.8163722066504],[-75.08368677792267,40.8248724740805],[-75.08363102308626,40.826873108219196],[-75.08517648380273,40.82964216777147],[-75.09642420233862,40.83820551198858],[-75.09736320681354,40.842392194830715],[-75.09623351695326,40.84651699836966],[-75.09201767571417,40.84902674129252],[-75.07705002101034,40.84989449604191],[-75.0745062858748,40.849476670189105],[-75.07115491050163,40.847229632435585],[-75.0654307916123,40.8476920069217],[-75.06363365978413,40.850465645882736],[-75.06439639234242,40.85425421096073],[-75.06370371310494,40.85582737115465],[-75.05876590305853,40.86043334169685],[-75.05119075252567,40.86469743253687],[-75.05084995236813,40.86780742455903],[-75.05219635090923,40.871956070118024],[-75.05910717303496,40.87814197106494],[-75.06465240860513,40.88475188983928],[-75.07196297294746,40.8903552621444],[-75.07547678438526,40.89426870036636],[-75.07493223104993,40.89990209250294],[-75.07591759128844,40.90721658437746],[-75.07876165208808,40.91312286631301],[-75.09710637847381,40.92545774538998],[-75.10481730487027,40.935043973564085],[-75.10628416659267,40.93989773105414],[-75.11092048496172,40.94739466880589],[-75.1177469094682,40.95318964400332],[-75.12080905696432,40.962958346370634],[-75.12022008822636,40.96869726637251],[-75.12922703115125,40.958927911471534],[-75.14474320435407,40.95169905971783],[-75.15292171283909,40.94931493174108],[-75.16946257182865,40.94801471836467],[-75.17688119541481,40.945507707119425],[-75.1780725285682,40.94031958496127],[-75.1871273750539,40.93717149758416],[-75.19566882357495,40.936324313717066],[-75.21814734177664,40.92797373070062],[-75.22182071646678,40.91958075374018],[-75.24112979059822,40.90943751034554],[-75.23250216669196,40.899759109427755],[-75.26731344342693,40.88236356798767],[-75.27352974836211,40.87315016806191],[-75.28403882266404,40.86603955456788],[-75.3005939055778,40.8595627396517],[-75.32077078910463,40.85571498085257],[-75.33999193254277,40.845925131727576],[-75.38326562851167,40.83103695439308],[-75.41675952498414,40.826102184035136],[-75.42049023913889,40.82345119865255],[-75.4424504267267,40.81836692160225],[-75.47250626579097,40.81500381063552],[-75.49873718168172,40.8105290653671],[-75.54243037471862,40.80675337543436],[-75.56024816463004,40.80118000569336],[-75.57929782776529,40.79896274704129],[-75.59412412267771,40.79390712491795],[-75.59946740709054,40.78989044212628],[-75.60429413955374,40.78796103213514],[-75.60908257414144,40.78745442528024],[-75.60508783883651,40.77991186028421],[-75.60661325185079,40.771687266666596],[-75.6026496117294,40.76597021764622],[-75.60357032291188,40.757126981717775],[-75.60160803042882,40.74976053274501],[-75.59624448990466,40.74325031825839],[-75.59193521129961,40.73558615389318],[-75.58755957594117,40.733714536793904],[-75.57718350889513,40.7351149762077],[-75.57266507554249,40.73406569410802],[-75.57083216830813,40.73260099469398],[-75.56870582189464,40.72682587409781],[-75.56698938393181,40.72512452744649],[-75.56194789303026,40.72195969461616],[-75.55670177129687,40.72078984241383],[-75.5525671332679,40.721312788060175],[-75.54442491672037,40.72484335104301],[-75.54177861464065,40.72771485554231],[-75.54052190030426,40.735230352133726],[-75.53872822698992,40.73716267380006],[-75.53536870569374,40.73754947063904],[-75.52808853225581,40.73501838904632],[-75.52596995986278,40.73156020646391],[-75.52623996648772,40.72647911585272],[-75.52510708670987,40.71905047266018],[-75.51721388495574,40.70430559602114],[-75.51003367783922,40.69440387853148],[-75.50237086610767,40.68889459360419],[-75.49790985845789,40.67912749383779],[-75.49135321779417,40.67707707761326],[-75.48560545434825,40.6724355640822],[-75.48406435046088,40.66863407082528],[-75.48411575834965,40.65956229293827],[-75.48170830572757,40.65565723488309],[-75.42969707967235,40.674391818193335],[-75.43012173756166,40.66842726010391],[-75.40829801754023,40.647635610829326],[-75.39289529976115,40.63438588056233],[-75.38734410656402,40.6330974285736],[-75.38880575626112,40.6287493754139],[-75.38319244815536,40.62404301864456],[-75.38413071601174,40.62042207636953],[-75.38305840873518,40.61728510298879],[-75.3795992058835,40.61669719171232],[-75.37812511631633,40.61535855914336],[-75.38858642719461,40.614217214260556],[-75.3912754675223,40.596550603902855],[-75.40441299976915,40.58115018295657],[-75.33304832819738,40.53676734441158],[-75.29363381894358,40.561915490841315],[-75.25696233607108,40.582534803699915]]]}},{"type":"Feature","properties":{"NAME":"Northumberland","FULLNAME":"Northumberland County","STATE":"Pennsylvania","FIPS_STATE":"42","FIPS_COUNTY":"097","GEOID":"42097"},"geometry":{"type":"Polygon","coordinates":[[[-76.94820332593171,40.6285857827549],[-76.93672097283353,40.61277225529422],[-76.92636028943674,40.60933822630114],[-76.9204150655116,40.60404633335506],[-76.9183608286626,40.60360408860691],[-76.91822490727189,40.6053991785301],[-76.9209994842826,40.608721387288064],[-76.92005013211394,40.610126119700084],[-76.90330990911507,40.6118617414917],[-76.8991941132492,40.61054854248519],[-76.8908727492778,40.61018960007391],[-76.88942587147723,40.61231897859081],[-76.89151687816745,40.61487127115818],[-76.88697685470525,40.617683312485475],[-76.87206713954062,40.6165912831645],[-76.86958024260974,40.61831312332719],[-76.86914401172463,40.624144268785],[-76.86515978940345,40.62735320235062],[-76.85543270125129,40.62578550397047],[-76.84095839770823,40.62533695934077],[-76.83358616761491,40.62746350293826],[-76.82761093007781,40.63386300111071],[-76.82519890592923,40.63449153388582],[-76.81543107648399,40.63323270629304],[-76.81075252202521,40.633926500514804],[-76.80962883021608,40.642601612955986],[-76.80404934278245,40.64705683754621],[-76.80237331912595,40.64721887387861],[-76.80135765871287,40.64550039560785],[-76.79776250213116,40.644524021571286],[-76.79451548314623,40.64160155450334],[-76.79457680214752,40.64068409161392],[-76.79131241513485,40.640675409440625],[-76.78655159296237,40.64153548034291],[-76.77806334087582,40.646036011533404],[-76.75621642545543,40.648097901601304],[-76.74983326204949,40.653055053467064],[-76.74471783980006,40.654723380074884],[-76.73417278527604,40.65489089412675],[-76.72771562045362,40.65326551914584],[-76.7222389425093,40.65330875824731],[-76.71815092165369,40.6584419553972],[-76.71354619793149,40.659523364700036],[-76.70324402719903,40.65525217920565],[-76.7016783795415,40.65646307751233],[-76.70034264939272,40.663285316685744],[-76.69650547409702,40.66377247967039],[-76.69446912719691,40.662915184589615],[-76.65161168088626,40.67745076638922],[-76.38024634778303,40.7754277177561],[-76.41147612143027,40.8334785335144],[-76.42133741249599,40.8336953583221],[-76.42968575287534,40.83214633323487],[-76.43772068632346,40.83250996409274],[-76.4414339749583,40.83138275808493],[-76.45251061653484,40.83082755685717],[-76.45362490477956,40.830042458385165],[-76.45440619563331,40.83079438048146],[-76.46588053216591,40.82807514043883],[-76.47033705362918,40.828727148907184],[-76.47346941165125,40.8272716794909],[-76.48827188234402,40.82618153084635],[-76.49587082924873,40.8239792414359],[-76.50138678153728,40.824750086974035],[-76.50257985293074,40.83165723069465],[-76.50506956069015,40.83543142786062],[-76.5052492138655,40.83825079223351],[-76.50704793122013,40.83946641099659],[-76.50819645875193,40.8420749362611],[-76.5074592446359,40.84439557925746],[-76.508130758667,40.846698940442835],[-76.50549921051748,40.848918021766416],[-76.49937394714141,40.85021357698534],[-76.49866753715482,40.85148070273184],[-76.49930776645779,40.85256618522724],[-76.4979557498529,40.85384391800776],[-76.50005361248537,40.85629538617369],[-76.50142450538932,40.86081358149094],[-76.50719253303143,40.86320983801988],[-76.5084191133816,40.86963758392709],[-76.50990166418043,40.870809330073016],[-76.5092381056295,40.87414373195261],[-76.50387273883037,40.878379911940016],[-76.50417550521709,40.88094263830965],[-76.50614019440532,40.88258185199277],[-76.55065318547892,40.882639909755355],[-76.55692216043586,40.88842415355183],[-76.55878732707039,40.89179528847826],[-76.56017890368373,40.89534855850544],[-76.56027008987162,40.89873811043809],[-76.56486550525084,40.90433482800658],[-76.56619092004522,40.90737904309722],[-76.5658383950766,40.909999388925634],[-76.56831106089673,40.91472691359467],[-76.56620016730275,40.920169711204366],[-76.56172215274799,40.92470445706283],[-76.56002533848256,40.9290066020711],[-76.5584964301235,40.93051035936785],[-76.5588686551463,40.93336355117035],[-76.55684835036053,40.93841951753583],[-76.57740324406058,40.939379712846275],[-76.5843193132459,40.940618791532295],[-76.59211808858895,40.94037266216198],[-76.60057277781986,40.94182097239214],[-76.60438951105293,40.94400210696512],[-76.61679787719041,40.95471045070964],[-76.63079420334047,40.96296503013333],[-76.63564885723935,40.964700564621474],[-76.64378658041383,40.964843758596636],[-76.65272469442161,40.961566540637996],[-76.66144124794772,40.96798794180514],[-76.68004248736452,40.96546072003287],[-76.7015889315937,40.96039634575269],[-76.73230940628893,40.954844593696755],[-76.74647969568532,40.953900675827654],[-76.79295166715355,40.946625456128],[-76.79302155787926,40.94825960542046],[-76.79434131598231,40.94922799902175],[-76.78930707448508,40.9523445605304],[-76.7911662448651,40.95351133632183],[-76.79160414751495,40.95555516604289],[-76.78550099437297,40.95905037286411],[-76.78687332997126,40.960482647124905],[-76.7868972296494,40.96398402367338],[-76.78469945908599,40.967107760990324],[-76.77368533216837,41.0023317769542],[-76.77589385017585,41.00851760208583],[-76.77477091025662,41.012252903230205],[-76.77329747915456,41.013125489757684],[-76.77367226347764,41.01431373773365],[-76.77055705070107,41.01882112854696],[-76.76204002467765,41.02595143509426],[-76.7638055699438,41.02977937950188],[-76.75940457065327,41.03938439045634],[-76.75734315985842,41.049021381948485],[-76.74640595927185,41.06571394457264],[-76.73499575706064,41.09128876767693],[-76.73419366930978,41.10407183756411],[-76.73532096156656,41.109717529147126],[-76.73460506626887,41.12165457064544],[-76.73557629331302,41.129881365098285],[-76.73397159319512,41.13275848467363],[-76.73596833427268,41.13938833278889],[-76.73441056753512,41.14165646112018],[-76.7334671011282,41.14820744069237],[-76.7309537074897,41.154797472267965],[-76.73155050324868,41.16584909219419],[-76.73311602783706,41.16842632373287],[-76.73376196413705,41.17204792156748],[-76.79082649483811,41.17573228562502],[-76.82962581263253,41.16566590774463],[-76.85691656359043,41.16363921769943],[-76.87026320027924,41.16005594735039],[-76.88088383815294,41.15980404202183],[-76.88842946824892,41.15311131838917],[-76.89702897398847,41.13638189572957],[-76.89758025121371,41.13261542967502],[-76.89548608335201,41.124144340662774],[-76.89558167577634,41.119574732827886],[-76.88937847097294,41.10097434465981],[-76.88370402442725,41.093063287752514],[-76.87176172222549,41.08225959778172],[-76.8642338419412,41.07985688379911],[-76.85792140110095,41.073079048170804],[-76.85666805454855,41.06647615573482],[-76.85764492930089,41.06193254859278],[-76.85731222925227,41.05510833479012],[-76.85592782568644,41.04918099128155],[-76.85787556546188,41.04242377682346],[-76.86127891915403,41.03633804782185],[-76.86087361906078,41.029089955698645],[-76.86501368830396,41.0184194007905],[-76.86707679062651,41.00861387311071],[-76.86808243572246,40.99550258098445],[-76.87576493583008,40.98409458256549],[-76.88152459297037,40.973412468272784],[-76.88200932659262,40.96873709277928],[-76.87714538321539,40.9603720714787],[-76.87710832860823,40.95464579535463],[-76.87530907316274,40.9497204425595],[-76.87253779566406,40.94488239370405],[-76.8683296440038,40.94026615689142],[-76.86116645816531,40.92681675575513],[-76.85945034179936,40.92626657200926],[-76.85846185991522,40.92245413150118],[-76.85402845839242,40.91565182192213],[-76.85221280509973,40.91398193429483],[-76.85017118778383,40.91406588369309],[-76.84930544810686,40.91142437616314],[-76.82411793979166,40.89067988376607],[-76.80440790353148,40.88531998449909],[-76.79996200015486,40.88200333219661],[-76.79845872162919,40.878206109010094],[-76.80024306054939,40.872932833822716],[-76.81000234252471,40.85437985666457],[-76.8123794617346,40.847164201227024],[-76.81772228710832,40.84325434568155],[-76.82940328466529,40.8310481497665],[-76.83937278050192,40.82244480743388],[-76.84947218261011,40.80912544218585],[-76.84876544384012,40.80591026274984],[-76.85510295576162,40.79360123800169],[-76.85903707005626,40.777378178324874],[-76.85660180379635,40.76448370351802],[-76.85601582105842,40.75530331636409],[-76.85724749844952,40.74963357480074],[-76.85492675750686,40.731026562713986],[-76.85625409200101,40.72279601502914],[-76.86082439946806,40.71158813212351],[-76.86995100337863,40.69787294826449],[-76.8793518099449,40.687502793742915],[-76.88644228255104,40.68270254349977],[-76.89199395365189,40.68058894988125],[-76.90274052724358,40.67451348696517],[-76.90985376226074,40.66928375868726],[-76.9158642038755,40.66324147622415],[-76.92313075705712,40.65094793386638],[-76.92793851440659,40.64519579716695],[-76.93462393665114,40.640493656809426],[-76.93951293583827,40.638356951324475],[-76.94820332593171,40.6285857827549]]]}},{"type":"Feature","properties":{"NAME":"Perry","FULLNAME":"Perry County","STATE":"Pennsylvania","FIPS_STATE":"42","FIPS_COUNTY":"099","GEOID":"42099"},"geometry":{"type":"Polygon","coordinates":[[[-77.66508158895034,40.27956043816497],[-77.65640862437678,40.2703940901749],[-77.67028374354048,40.259416594249195],[-77.67114624299423,40.25756816685362],[-77.66770714084532,40.252001297138904],[-77.6654924073944,40.25204913713644],[-77.65345088806613,40.25741228774658],[-77.6494992287757,40.257554572460805],[-77.64569422484529,40.25603347290943],[-77.645018142881,40.25393201436586],[-77.64998556409411,40.247957439771774],[-77.64539850843691,40.23892856501548],[-77.64887744637706,40.23331913392426],[-77.65015469709918,40.227537032871666],[-77.6476374676544,40.22247973759146],[-77.64588451676856,40.22381453245835],[-77.64531610507758,40.22248517748081],[-77.64339274557895,40.22317330727241],[-77.64283037415996,40.21814088444413],[-77.63989377520797,40.217683708790695],[-77.61616719973426,40.23262089976301],[-77.60916836427025,40.23275546444765],[-77.60660707605406,40.2297147836431],[-77.60271488703206,40.22820295241119],[-77.60488840757438,40.22492239328062],[-77.60476765783054,40.206033355551895],[-77.6146897181286,40.198615623509994],[-77.60544773819616,40.18535911381654],[-77.59326016717573,40.1920981332872],[-77.59043719612404,40.195892150745266],[-77.58015053839823,40.20394336220477],[-77.57805225625253,40.20671335245057],[-77.55910368412947,40.218053103187984],[-77.55557721812424,40.2192770724907],[-77.53739692655465,40.21902824722649],[-77.52909620137693,40.222822625357736],[-77.52616038395924,40.2259396693562],[-77.49838643459991,40.2395629188457],[-77.47330536047617,40.25430309916133],[-77.4575344564998,40.26621209757474],[-77.42690600522228,40.286421567407906],[-77.41460718593876,40.29349983043056],[-77.38431673027847,40.307658680422875],[-77.3657784744412,40.31372336275575],[-77.35979107910504,40.31416153180816],[-77.35734341519588,40.312561857083516],[-77.35833989747593,40.309093005219516],[-77.36094439465728,40.30527995999251],[-77.40312001697232,40.27986659699065],[-77.40965007469016,40.274098989748445],[-77.41094902511627,40.26928022463367],[-77.41647005019122,40.2667644814719],[-77.41950448915237,40.26415692415519],[-77.42299373705707,40.258548588906464],[-77.42118122966448,40.25587900527066],[-77.41356774352688,40.25530254715157],[-77.4021661004637,40.25704117544064],[-77.38482517942423,40.26281106203807],[-77.36042619519742,40.274787937637754],[-77.3353083620123,40.2896144802835],[-77.32670898024026,40.2926577077624],[-77.32289940657998,40.29255941429149],[-77.3226237971626,40.29131660081188],[-77.32363218930671,40.28869200562338],[-77.33040415704235,40.28067519867255],[-77.33091789457019,40.27650560938594],[-77.31699612230051,40.26767745486387],[-77.31194298384298,40.267827204395935],[-77.26976424617052,40.27873994771579],[-77.24322724282145,40.282521196447924],[-77.2388698693144,40.28418996844329],[-77.2306087427727,40.283658948701394],[-77.20420216761636,40.287168495942666],[-77.18209450450667,40.28784208326053],[-77.16033567608642,40.28978464397028],[-77.12515213749771,40.296665646943765],[-77.10274712394414,40.29852191937128],[-77.09512082333902,40.30040639073533],[-77.07436304513203,40.302324829210356],[-77.06341722521032,40.30204957059729],[-77.05936078642515,40.30338176330357],[-77.04150702257988,40.304491730044],[-77.01806024626603,40.304309842061016],[-76.974228780049,40.310257733256506],[-76.94898180416031,40.31695090065345],[-76.91394406663382,40.32882571430837],[-76.9169882639939,40.33404827549511],[-76.92517009624547,40.34162372008138],[-76.93036611624052,40.35391399554675],[-76.93228741769883,40.35632080410432],[-76.93506716451401,40.35778265291222],[-76.93872824396284,40.35850676572217],[-76.94476763199103,40.35791498207481],[-76.95183633751954,40.35910686447829],[-76.96202481387634,40.358830013116965],[-76.97149871725557,40.35715043212838],[-76.98156665766756,40.35809228305853],[-76.99613659495745,40.356661369933796],[-77.00926762250333,40.35894868818887],[-77.01965834915647,40.366977260610234],[-77.02113512468634,40.3748182110807],[-77.02573706452948,40.380660798001244],[-77.02837430350631,40.387479755938806],[-77.02630629189072,40.392736205608415],[-77.02063214628066,40.39720481950382],[-77.01487490381186,40.3994855577747],[-77.0116529451284,40.40560512533358],[-77.01230683241697,40.40987346554482],[-77.0163204574957,40.41809700858958],[-77.01687373796402,40.42332258287803],[-77.01619902682886,40.42520043134884],[-77.00331531626048,40.42674739827156],[-76.99665617153462,40.43524293125793],[-76.98856459840955,40.438030673142194],[-76.97883042793968,40.44662410289625],[-76.95570216458121,40.45795464878041],[-76.95101344837992,40.46280485289424],[-76.9477104661494,40.46977056215306],[-76.94735709227284,40.48209665544329],[-76.9504879510067,40.49037090189099],[-76.95250450083459,40.49211871301284],[-76.96266436854455,40.49627109979023],[-76.96796627565709,40.49982897469298],[-76.9769436056186,40.50856298902851],[-76.98187185220051,40.51602096684082],[-76.98277043787753,40.52179669706499],[-76.97944323616863,40.531160909464695],[-76.97891577328159,40.5364524704112],[-76.97963462313824,40.54164598836433],[-76.98193890335162,40.54906542058143],[-76.99043272409462,40.56570717672672],[-76.9891868578136,40.56997446222762],[-76.98376829188501,40.57607739182113],[-76.96346649761794,40.586559928317534],[-76.95489293971538,40.59382763986975],[-76.95119281678933,40.604547840574966],[-76.95051331224381,40.625830571739726],[-76.94820332593171,40.6285857827549],[-76.95618384482981,40.62793734368726],[-76.99732570657713,40.612285544461876],[-77.0226861378896,40.60447883594187],[-77.03267725168352,40.603538771411905],[-77.04208658505846,40.60422808288442],[-77.07057628778166,40.598449734229746],[-77.10097427627305,40.59642717911941],[-77.1032768667554,40.59583818735985],[-77.10686040542556,40.59275870128796],[-77.11818546441582,40.59269440693723],[-77.12019872820639,40.59140964408886],[-77.1475480196764,40.58848492494852],[-77.15207540114761,40.58724825922349],[-77.1645797998839,40.58674488806852],[-77.18295750432202,40.582136107096474],[-77.16769096305518,40.55944387315031],[-77.173128628065,40.55750206287133],[-77.18344858094851,40.55655867820556],[-77.19862526014421,40.55213118049275],[-77.2655138251829,40.526988965245],[-77.3063449453004,40.5100240548553],[-77.41160663412505,40.46131304255547],[-77.46629488554102,40.43764241836258],[-77.50115688295357,40.42023400163019],[-77.50897244152108,40.41525194708354],[-77.51602849338049,40.4123413505181],[-77.54021909541082,40.39923740786315],[-77.53224807619688,40.37591784250869],[-77.53791074403256,40.37605489500478],[-77.5461876126513,40.37461168062107],[-77.56338095126935,40.36834839152709],[-77.5993599273809,40.34832404919564],[-77.62018013041529,40.33421157132126],[-77.65023853327138,40.31108614129576],[-77.67178445198614,40.28986570547103],[-77.66419091024447,40.28048877901146],[-77.66508158895034,40.27956043816497]]]}},{"type":"Feature","properties":{"NAME":"Philadelphia","FULLNAME":"Philadelphia County","STATE":"Pennsylvania","FIPS_STATE":"42","FIPS_COUNTY":"101","GEOID":"42101"},"geometry":{"type":"Polygon","coordinates":[[[-75.23738354726716,39.932603144810834],[-75.2420602763493,39.93342468665194],[-75.2443195725265,39.93039491822958],[-75.24438480997908,39.926274729694306],[-75.24748204567018,39.9217278882827],[-75.24711276262992,39.913723603028345],[-75.25116383937117,39.91027045608482],[-75.24987855771043,39.90933412604495],[-75.25025147802927,39.90771468026803],[-75.25322149430983,39.905476606724775],[-75.25131352834191,39.9044335595109],[-75.25551684347268,39.89948888552669],[-75.25535158220649,39.89832740109607],[-75.25737661033403,39.89579820666645],[-75.25686705446384,39.89455837226195],[-75.25896205955539,39.89243269570379],[-75.2617474217394,39.89163470068208],[-75.26216481764797,39.8885766869083],[-75.26504252125329,39.88760728648975],[-75.2641683517857,39.8858204137066],[-75.26251174521406,39.885782830370474],[-75.26478505870297,39.884306456339196],[-75.26167738458828,39.88292718515155],[-75.26505297854152,39.88185143303599],[-75.263182817274,39.87995005759813],[-75.26349683236472,39.87863577543157],[-75.26226921625701,39.87656103309735],[-75.25228657806777,39.87579969553563],[-75.24872954868167,39.87641382847655],[-75.24037091271082,39.87233531556484],[-75.23394121208158,39.87712647892339],[-75.22136875158947,39.875479471476744],[-75.21563384213695,39.876123264428806],[-75.21590869068127,39.87186702190604],[-75.21160165876276,39.867366800938605],[-75.19259037794465,39.87891139918831],[-75.17936585464231,39.881768921905255],[-75.16781475976363,39.88280054310022],[-75.150988852758,39.88275648875099],[-75.1401800600531,39.88587567200906],[-75.13353049496145,39.89543493127514],[-75.12916141281299,39.9085716364694],[-75.12983789003601,39.91535067179715],[-75.13664736782465,39.93078138701301],[-75.13608071683164,39.94508840735105],[-75.13433804536757,39.95233700018608],[-75.13187587995479,39.957574436736756],[-75.12487444296971,39.96292642739121],[-75.10711232614804,39.97070092102082],[-75.09502618480465,39.97419368032768],[-75.07934673291746,39.97703067582962],[-75.07248731059566,39.97951224859246],[-75.06192566957823,39.98858275048345],[-75.05679106111096,40.00002919402338],[-75.05003309900891,40.008373373239834],[-75.03598081500319,40.01494786482085],[-75.0187923183045,40.01788734571984],[-75.01379574137052,40.019782809876176],[-74.99873799103358,40.03024317063932],[-74.97885905622863,40.04673592909328],[-74.97339069219228,40.049109307990335],[-74.97966013696809,40.05350015530491],[-74.98329105098969,40.054267010059014],[-74.98518969513991,40.057078672368036],[-74.98046150516842,40.06008711560009],[-74.98092917529188,40.06597576741813],[-74.97244327679135,40.07223771700517],[-74.9710399582989,40.07383409716711],[-74.97127127717951,40.07585115895743],[-74.96339637410772,40.077108486152405],[-74.95837094059186,40.08408086697089],[-74.95757262935841,40.08717069879281],[-74.9579863358861,40.090434577041705],[-74.95571961513306,40.09500069225707],[-74.96173351077012,40.09773848199999],[-74.96101611887916,40.103246925911904],[-74.96392932120956,40.1055761938261],[-74.96325995055875,40.10680861670847],[-74.96561960472289,40.10808471285097],[-74.96368596939574,40.10984427893425],[-74.96416536433026,40.113460599814296],[-74.96308338040146,40.11464433764719],[-74.96322973033428,40.11678584351041],[-74.96509631900192,40.11864434062563],[-74.97000480085092,40.11691917071856],[-74.97257108370007,40.11974655003012],[-74.97576128514163,40.12043740595825],[-74.97903927534263,40.11932598413795],[-74.98236863570314,40.119925317292854],[-74.9833180345842,40.12358256011598],[-74.98645839659545,40.123063504481],[-74.98828957277627,40.12406128954111],[-74.9891071681439,40.1261449440984],[-74.99454047991787,40.12627243855631],[-74.99274162062942,40.130512047570114],[-74.99390589562813,40.13197541124288],[-74.99794374647344,40.12783097552579],[-75.01493147779097,40.13791120973248],[-75.02071811313587,40.132146363352895],[-75.058020618478,40.10624170726427],[-75.07774920405049,40.08574046500454],[-75.0812493036038,40.084065232925845],[-75.08692980120124,40.07866897939661],[-75.09669789924274,40.06898593654486],[-75.08745139090297,40.063602337871906],[-75.09473990519834,40.05614998066486],[-75.10767371660674,40.04812588104346],[-75.10905014313285,40.04557747374857],[-75.17645042718493,40.08465677218527],[-75.18847606340066,40.07274857809873],[-75.22360493052119,40.09289375862053],[-75.26438205739852,40.05407504225017],[-75.26014067256433,40.04955461905415],[-75.25042203306741,40.042890908014584],[-75.24511142217811,40.03723111512851],[-75.23998604929027,40.03341744363666],[-75.23268349522533,40.02830392220536],[-75.21737619380077,40.02039976272859],[-75.21154547183669,40.01484613311981],[-75.20582814151597,40.01157908654942],[-75.2802787803119,39.97499578344934],[-75.27524702984299,39.96935495998976],[-75.2705580477404,39.96866990900559],[-75.26991291453426,39.96735812949297],[-75.26541082243494,39.965248919635464],[-75.26056372516425,39.966294599210194],[-75.2588474974072,39.965620836428684],[-75.2578621677114,39.963580890764334],[-75.25411763567095,39.96541350318351],[-75.24780923365621,39.963919074687304],[-75.24793702888685,39.96102671532909],[-75.25085527974917,39.95900375163244],[-75.24894895949485,39.95661278632973],[-75.25157930839345,39.95210240917864],[-75.2515132498807,39.949144191214366],[-75.24662240555398,39.942736799091755],[-75.24016209123818,39.942071877562284],[-75.23938403162451,39.94091099122953],[-75.24079515288352,39.93901115389157],[-75.24006788042276,39.93823647908095],[-75.23504175071257,39.93820010918187],[-75.23491996251623,39.936439505100914],[-75.23738354726716,39.932603144810834]]]}},{"type":"Feature","properties":{"NAME":"Pike","FULLNAME":"Pike County","STATE":"Pennsylvania","FIPS_STATE":"42","FIPS_COUNTY":"103","GEOID":"42103"},"geometry":{"type":"Polygon","coordinates":[[[-74.9915808840946,41.09246163386705],[-74.98929398179038,41.09548208400507],[-74.98216910460718,41.10821399221679],[-74.97951548574946,41.110814588040355],[-74.97376183384685,41.113091373756],[-74.96329439286507,41.11463809237117],[-74.94764080527153,41.12352025486297],[-74.94686048729326,41.12453175727893],[-74.94754624321484,41.1267429974325],[-74.94601167367286,41.12855992020153],[-74.93141908985467,41.13351253183946],[-74.92305919714074,41.13848282580639],[-74.92042499177464,41.14230293506104],[-74.90465746815867,41.15628682336452],[-74.89967771666996,41.16674140634501],[-74.88966307060883,41.17346729842189],[-74.8823579132262,41.18065579960501],[-74.8787902352107,41.18694472946611],[-74.87813507321275,41.19063071894379],[-74.87504240275992,41.19683565655463],[-74.85944058597451,41.2185815650682],[-74.86015573297557,41.22178108257287],[-74.86543049210191,41.2250184277841],[-74.8677050856901,41.2281880675172],[-74.86649181837242,41.23228582690467],[-74.86200599835615,41.238051251703844],[-74.8614508700533,41.243070583050276],[-74.85629507122678,41.24979855120025],[-74.84902611505179,41.25125771032098],[-74.84713556382395,41.252836148737096],[-74.84488387907213,41.2574869826393],[-74.84646275352392,41.26194288964434],[-74.84607749574296,41.263369376938684],[-74.84055543850377,41.27155741050189],[-74.83805243657648,41.27771284023641],[-74.8351564801029,41.2800890272592],[-74.82953605105186,41.28791065747869],[-74.82125067538739,41.29434086349126],[-74.81513802525622,41.29629600152924],[-74.80653730140114,41.3034454873953],[-74.79206675101935,41.31114822376731],[-74.79232868178988,41.31404027943241],[-74.79621329531909,41.31867954218692],[-74.7933387618684,41.322212019722706],[-74.78466805206617,41.32425463819475],[-74.77406102277071,41.32443732935565],[-74.76697208179212,41.327758587567935],[-74.76290834329696,41.33214892174986],[-74.76064761071358,41.33984601237138],[-74.75478612953583,41.346024605239734],[-74.73623784670337,41.34664681244153],[-74.72872478592633,41.34581964531039],[-74.72064866472246,41.34729396180601],[-74.70843849119117,41.3527935772106],[-74.69829720782779,41.35543048904467],[-74.68995185524507,41.36149294475749],[-74.68968345211292,41.36364639051929],[-74.6903596391801,41.36611229886132],[-74.69379836762982,41.36986509705263],[-74.7084750041142,41.379196783349585],[-74.71252102244209,41.388759386224265],[-74.71635781595377,41.39302021595356],[-74.72012609945031,41.39465698321394],[-74.72902817035396,41.39533125883875],[-74.73457084213231,41.39740166500036],[-74.73681225914044,41.39931917975313],[-74.74176310553825,41.40695426120548],[-74.74106931867802,41.41127826340015],[-74.73818119910698,41.41426813923421],[-74.73466367403378,41.42299335507325],[-74.73513078720175,41.42680045987861],[-74.73873234158492,41.43078071642028],[-74.74477558877555,41.430376111275],[-74.75825054531113,41.42336364284175],[-74.76240134582869,41.42332778203775],[-74.77270690770132,41.42634164719168],[-74.78909668802638,41.42140862555867],[-74.79509123844379,41.423713097721624],[-74.79925626108893,41.43080585880477],[-74.80113234045753,41.43830319998955],[-74.80515756188827,41.441853123499676],[-74.80824191753482,41.44291975336999],[-74.81150517536514,41.44305461460019],[-74.81750460992276,41.44075879342252],[-74.82258404027202,41.43701443718774],[-74.8263406708227,41.43164623791034],[-74.83203208025591,41.43039096982433],[-74.83747654820739,41.43189734545878],[-74.84786881726788,41.439619425079954],[-74.85390857630028,41.44314633626486],[-74.85765297359343,41.44415623635768],[-74.86314206625495,41.44438669559993],[-74.8786891612665,41.439883313649766],[-74.88901005827935,41.43816483507654],[-74.89192234702313,41.43850475187143],[-74.89565953623443,41.439687979064566],[-74.89643755272895,41.44190911349379],[-74.8945066392971,41.446635352079234],[-74.8892896454368,41.45079656860958],[-74.89030805649126,41.45580882465561],[-74.89476809396054,41.458145352894356],[-74.90655251006461,41.46087574541372],[-74.90807092699946,41.46432917256147],[-74.90913151215987,41.47231907769865],[-74.91303476034133,41.476016652913906],[-74.91796569468255,41.47717286816355],[-74.92426080971592,41.47718350212304],[-74.93312457915081,41.48257737673251],[-74.94341516610766,41.48368129168562],[-74.9460414097054,41.483086785097456],[-74.94813281973917,41.48061675029791],[-74.95743313536784,41.47664441202109],[-74.96698369558352,41.47703685764848],[-74.98247576069907,41.4802530770626],[-74.98471609703392,41.48293065089147],[-74.9856452613632,41.48586476983728],[-74.98226973208867,41.49868501039196],[-74.9842403465645,41.50650870993104],[-74.9880043424022,41.50887911742095],[-74.99379537859367,41.50888557069045],[-75.00025477033967,41.507375022574564],[-75.00357812097094,41.50827741869154],[-75.00366799112692,41.51180829680216],[-75.00074912132537,41.51859726448986],[-75.00321188501613,41.52348082504266],[-75.01066925653377,41.52908861412468],[-75.01679731097543,41.53219540082369],[-75.02321704749154,41.53317085330246],[-75.02454272279735,41.53459289221353],[-75.02470043013031,41.54013103306975],[-75.022226413244,41.541756317572585],[-75.0175034065517,41.542642244372836],[-75.01597638106146,41.544204810526594],[-75.01612766005026,41.546592365024864],[-75.01880401796278,41.552436282005964],[-75.02805516160942,41.56433895049822],[-75.03359222700207,41.56523839537426],[-75.04045752610247,41.569616747033855],[-75.04390407618337,41.57470220750271],[-75.04682486568468,41.58322488054003],[-75.05293444088264,41.58789405641439],[-75.06022578936273,41.59102826017381],[-75.06981760919942,41.60207150009715],[-75.16646641277666,41.47708909605783],[-75.16963835236679,41.475067044623565],[-75.16999193195758,41.47341873721554],[-75.1780932994142,41.46526669742703],[-75.1785162990135,41.46201579740873],[-75.18188376950164,41.46159386973192],[-75.1824175161041,41.460446312789664],[-75.1851714381515,41.4598538577733],[-75.18814521657647,41.457675619013635],[-75.18851154056618,41.45620263452799],[-75.18695139419142,41.45317419628626],[-75.18740212478355,41.450932005305944],[-75.18924817167556,41.45070787822882],[-75.18927006182241,41.44714838807959],[-75.18846300189642,41.446145068818616],[-75.18669688530176,41.44627013274608],[-75.18614362100311,41.443052539213284],[-75.19085807573389,41.44106378503075],[-75.19152602614825,41.438441983485774],[-75.19373128686449,41.4386783394163],[-75.1965869071852,41.437386001317876],[-75.19912918704999,41.43790152676161],[-75.20010047607788,41.43463080861526],[-75.19957822970768,41.43369275471747],[-75.20146032599206,41.43178749798061],[-75.20331684454534,41.4324309764183],[-75.20694483634735,41.43093309744083],[-75.21030984545159,41.43106736596714],[-75.21211311007819,41.4279590324355],[-75.21511788666866,41.42754468430886],[-75.21493611526587,41.42608951117346],[-75.21721286750571,41.42446303853467],[-75.22805102164568,41.424790904005434],[-75.22896797876857,41.427320722971],[-75.22981655523373,41.424681663523316],[-75.23369823935678,41.42457204901977],[-75.2348445821858,41.42320652417109],[-75.23372272204155,41.42056747601628],[-75.24571418454723,41.421077246261156],[-75.24644978978057,41.4208003867938],[-75.24608045733297,41.41989512408746],[-75.25004364111018,41.418669561448574],[-75.24628491029837,41.41703809370308],[-75.2499907626793,41.414000501192575],[-75.25185082508638,41.41104508536755],[-75.25126082238756,41.409799869985484],[-75.2486875757983,41.4087911958654],[-75.24931459717169,41.40726775548698],[-75.24722082097546,41.40584020759666],[-75.24696269367182,41.40238017763422],[-75.25250375207592,41.40102542157495],[-75.25536171969446,41.398019926809],[-75.2564967266829,41.39390083399042],[-75.25341150326378,41.3926190092939],[-75.25324209178098,41.38992354834243],[-75.25546977175178,41.38598309846521],[-75.2616384884348,41.382536330835904],[-75.26264229557768,41.37510159978333],[-75.26361756324397,41.37383875807791],[-75.27128149337804,41.37216509972351],[-75.27990557882039,41.37295854579776],[-75.28231617464765,41.37147650122808],[-75.28776619239098,41.370681025443155],[-75.29694306871983,41.36746212011514],[-75.29934862320171,41.368110797181174],[-75.3048258464234,41.37277973209488],[-75.30760408047566,41.373980115553664],[-75.30945732017814,41.37330656562036],[-75.31387605041571,41.36853701278431],[-75.32107816384875,41.36770823881955],[-75.32333395479974,41.366075852949976],[-75.33034400213681,41.36951825678733],[-75.33540664926161,41.375708704506046],[-75.33705676191207,41.37626480319137],[-75.33908113876103,41.37576519508156],[-75.34490062190261,41.370961417251536],[-75.3484631094524,41.37063832337016],[-75.34858782705487,41.36919294990177],[-75.35086632651793,41.367677285601566],[-75.3497538133442,41.365898916150606],[-75.35140821545014,41.36351733860061],[-75.34796341169414,41.363909173282835],[-75.34864247606518,41.36097108316061],[-75.34652665341525,41.35713542958748],[-75.34363861289593,41.355078571888825],[-75.34183043628134,41.355029759163536],[-75.34238138831645,41.35183386608754],[-75.33916620203193,41.35058296256385],[-75.33795973316431,41.34868183954574],[-75.33915725301506,41.347057480409894],[-75.33674668323893,41.34545622014184],[-75.3445421797312,41.340826053428785],[-75.34443010591636,41.33757770868709],[-75.34316511001137,41.336909071313194],[-75.34340917508754,41.336094748395865],[-75.33511188955902,41.3363471256536],[-75.33053802206851,41.334814400221795],[-75.32897976574912,41.33601371140776],[-75.32702976671074,41.339951468760766],[-75.32490015132792,41.34055622454174],[-75.32240792109921,41.33986276392154],[-75.31901193269408,41.33709484042839],[-75.31748603009797,41.33444690094273],[-75.31124336230414,41.33161684029921],[-75.31134296660451,41.32871315102566],[-75.31041302074094,41.32715607065917],[-75.31254884258404,41.324258632625636],[-75.31207951776385,41.321062758700805],[-75.3161295362897,41.31900260657053],[-75.3164770693203,41.31641615209954],[-75.31363635564341,41.31285770482566],[-75.31403493274509,41.31053761401982],[-75.32148526416583,41.30053580798917],[-75.32339226174987,41.29943820193648],[-75.32567919729178,41.300047161639135],[-75.32806031130973,41.29873730646117],[-75.32786009120593,41.29476393562304],[-75.32580805972096,41.29293546463981],[-75.32449698832673,41.28907307251929],[-75.32944527991587,41.28580913007248],[-75.32984991615413,41.28302088140077],[-75.333634640617,41.2795676164938],[-75.33392550432622,41.27822928157651],[-75.33176317050413,41.27476334675813],[-75.33409713015621,41.270647541290955],[-75.33765839420056,41.2681846841175],[-75.34062523673323,41.26730724822405],[-75.34379535364165,41.26805094958555],[-75.34754653231687,41.26598151279248],[-75.34730184650483,41.26333868272364],[-75.35021771683165,41.2600425825683],[-75.34762084994033,41.25777296642538],[-75.34464460294497,41.25811327121646],[-75.34480052981702,41.2563104506007],[-75.34159373469555,41.25536634697189],[-75.34134712109892,41.254055829172685],[-75.34238684198854,41.253966811589535],[-75.3423604854181,41.25254470193777],[-75.34459686916571,41.25098797532051],[-75.34547532449551,41.24805907200478],[-75.35940389701189,41.23912606733063],[-75.13010152311402,41.252006268686074],[-75.1565072188197,41.15034069003366],[-75.07766457556419,41.140886110178656],[-75.03906910616901,41.088693917275386],[-75.03341573409988,41.08719144273328],[-75.03234719166268,41.08495905382784],[-75.02914862151596,41.08278281199137],[-75.02785095837567,41.08058260664622],[-75.02657927810662,41.08073839144716],[-75.02539979103689,41.08329269651837],[-75.02005981511924,41.084855059783706],[-75.01340043772976,41.08352827745061],[-75.0118413908929,41.0879710951586],[-75.0069609984645,41.088613024841464],[-75.00329745134358,41.09170368389489],[-74.9983273585408,41.08943124799462],[-74.99668983398242,41.09046260774662],[-74.99604711185452,41.09324216141156],[-74.99357056890561,41.09383901565884],[-74.9915808840946,41.09246163386705]]]}},{"type":"Feature","properties":{"NAME":"Potter","FULLNAME":"Potter County","STATE":"Pennsylvania","FIPS_STATE":"42","FIPS_COUNTY":"105","GEOID":"42105"},"geometry":{"type":"Polygon","coordinates":[[[-78.04988486369358,41.475055609378444],[-77.59783608821499,41.47834781119942],[-77.60977059304008,41.999383915324564],[-77.89435138454614,41.99820651913515],[-78.12143088086671,42.000362904907895],[-78.20703303671647,41.999515345282354],[-78.20631406019736,41.91302144714052],[-78.14959792940112,41.913271986702625],[-78.20631405840072,41.91302144714052],[-78.20664150060999,41.8761943770085],[-78.2049745050221,41.791252907620056],[-78.20349121401146,41.61820244382428],[-78.04988486369358,41.475055609378444]]]}},{"type":"Feature","properties":{"NAME":"Schuylkill","FULLNAME":"Schuylkill County","STATE":"Pennsylvania","FIPS_STATE":"42","FIPS_COUNTY":"107","GEOID":"42107"},"geometry":{"type":"Polygon","coordinates":[[[-76.25586748203962,40.517041525306404],[-76.2343417197232,40.52207294434561],[-76.23127169759533,40.52423487473529],[-76.21803931942416,40.52903802516605],[-76.19653251964507,40.53123968228473],[-76.1854895765698,40.535565392340104],[-76.17162901280864,40.534917483954615],[-76.15517215707793,40.54530523580283],[-76.11728199902974,40.55863909972423],[-76.09920753618715,40.563138320925596],[-76.07957473078689,40.56609830844749],[-76.06555886538109,40.57962330027516],[-76.05793021388487,40.579590437229086],[-76.05780405987625,40.57599986304602],[-76.05329656081724,40.573928233228685],[-76.05001805228832,40.57585746960734],[-76.04786366406495,40.578631248359194],[-76.04700250310097,40.582854986484826],[-76.04242325290527,40.58389163792217],[-76.03893987549097,40.5828091576845],[-76.0358814497151,40.57866264701563],[-76.03346643956651,40.57724736761945],[-76.02647742358687,40.578600454873396],[-76.02156410520837,40.57382563240744],[-76.01730729180919,40.574120979166736],[-76.0159947256183,40.57666842577707],[-76.01223438682213,40.57767367573384],[-75.99321899710993,40.63960157601518],[-75.89371125663193,40.6764614420206],[-75.85481881498359,40.693191345161225],[-75.8446718713356,40.69300067880791],[-75.8077956929526,40.707492593992924],[-75.79652356629212,40.71703490690571],[-75.7797068795946,40.72494312749198],[-75.77769351429438,40.72953495816468],[-75.76517037490464,40.73127299880989],[-75.75780866228666,40.73541528741378],[-75.88644831018617,40.8167357295699],[-75.99772249237772,40.91327460628263],[-76.02826982848,40.9022211699071],[-76.20780579255583,40.94975121519724],[-76.2830002804245,40.88859041052448],[-76.30692513294602,40.802537092223915],[-76.3562914609883,40.783925052619765],[-76.65161168088626,40.67745076638922],[-76.69446912719691,40.662915184589615],[-76.69667676216045,40.663765786822566],[-76.70034264939272,40.663285316685744],[-76.70091389886167,40.662463760984],[-76.70157672438732,40.65787927140541],[-76.44005803442077,40.49584542992554],[-76.42154561143612,40.495318491320035],[-76.41435306416257,40.49646001425521],[-76.3862456457967,40.50517993710109],[-76.37676006252215,40.50648320738479],[-76.3702574222851,40.50927763445703],[-76.3514211359793,40.51154461694037],[-76.33698651192066,40.515639552249205],[-76.31956493833835,40.514780661307036],[-76.31338684953198,40.51597399687402],[-76.30119465128955,40.51471977295274],[-76.27696236204014,40.51675023455779],[-76.25586748203962,40.517041525306404]]]}},{"type":"Feature","properties":{"NAME":"Snyder","FULLNAME":"Snyder County","STATE":"Pennsylvania","FIPS_STATE":"42","FIPS_COUNTY":"109","GEOID":"42109"},"geometry":{"type":"Polygon","coordinates":[[[-77.0297956871191,40.65571956864177],[-77.02650995074542,40.655949640673825],[-77.0252937531233,40.65895645862542],[-77.02239281189819,40.6609116743989],[-77.01812719590752,40.65953648070784],[-77.014116745475,40.66211732586002],[-77.01046351370847,40.66149488087266],[-77.00845817934689,40.65971522941497],[-77.00742174988449,40.65712817025553],[-77.00736150616656,40.65613074332426],[-77.00888800434574,40.655497318737446],[-77.00812365032836,40.6513131612024],[-77.00411317923457,40.646281499139015],[-77.00604760328257,40.64248654073498],[-77.00338153557165,40.63888936551966],[-76.99922904801798,40.637852525341245],[-76.99744829068081,40.635784893796746],[-76.98750743044049,40.64375555035445],[-76.98467422398443,40.6435817415323],[-76.97688349305474,40.645443965874016],[-76.97603400210463,40.64235413030889],[-76.96753473307943,40.64128180510065],[-76.96787731190125,40.644758190501776],[-76.96552753381533,40.647048988416785],[-76.96145404410775,40.645644461953765],[-76.95865610910302,40.6470872941498],[-76.94552341697892,40.65029510537576],[-76.94050698278558,40.6458173193472],[-76.93918772953572,40.63856124447091],[-76.93462393665114,40.640493656809426],[-76.92793851440659,40.64519579716695],[-76.92313075705712,40.65094793386638],[-76.9158642038755,40.66324147622415],[-76.90827368406644,40.6705782472169],[-76.89623562145539,40.67835113563392],[-76.88644228255104,40.68270254349977],[-76.8793518099449,40.687502793742915],[-76.86523322757625,40.70423787261555],[-76.86082439946806,40.71158813212351],[-76.85593246368826,40.72403602090651],[-76.85492675750686,40.731026562713986],[-76.85724749844952,40.74963357480074],[-76.85604824574858,40.75587087335993],[-76.85688943446885,40.76704528543986],[-76.85781857903521,40.76836105432204],[-76.85903707005626,40.777378178324874],[-76.85510295576162,40.79360123800169],[-76.84876544384012,40.80591026274984],[-76.84947218261011,40.80912544218585],[-76.83937278050192,40.82244480743388],[-76.82940328466529,40.8310481497665],[-76.81772228710832,40.84325434568155],[-76.8123794617346,40.847164201227024],[-76.81000234252471,40.85437985666457],[-76.80024306054939,40.872932833822716],[-76.79845872162919,40.878206109010094],[-76.79944504755663,40.88083306172823],[-76.79920368640947,40.87848032045595],[-76.80208655083611,40.879452506505125],[-76.8082309393446,40.87867422942901],[-76.82480904338412,40.8879208252787],[-76.82941640006845,40.88761677430685],[-76.83453831983232,40.889673500147055],[-76.8361312645964,40.88832066811228],[-76.84066293013319,40.88701650259281],[-76.84983171803123,40.88647178401668],[-76.85189658823823,40.888694920320326],[-76.858268131936,40.889310298429365],[-76.87748675380314,40.88440314544414],[-76.89080647876267,40.8887164162098],[-76.90457553923066,40.88505835204628],[-76.91283574320256,40.884542751679774],[-76.92755610159014,40.88737671041775],[-76.94221683340241,40.88801640913021],[-76.9467188060258,40.88586178274689],[-76.96977134769406,40.880267150207594],[-76.97117316420335,40.87801950503902],[-76.97381272173192,40.87689225869396],[-76.99412414683714,40.87485250956035],[-76.99536174861755,40.87258683120437],[-76.99687168545613,40.8718451656052],[-77.0049258536311,40.87203047053256],[-77.01080303735999,40.86910221502494],[-77.01484260308919,40.863643785622514],[-77.01493620574516,40.8610677650977],[-77.02016004386961,40.857637166855106],[-77.02500829996701,40.85751618890288],[-77.03209867825007,40.864049174696135],[-77.03605355710248,40.86447317098003],[-77.03876936812397,40.8626714387589],[-77.04206293241702,40.86305026755311],[-77.04496357989304,40.86577603069369],[-77.04830449528305,40.86645149682629],[-77.05012673951498,40.868232720098085],[-77.05533867765688,40.87048515510005],[-77.09838801848522,40.862259292271716],[-77.15303349482231,40.84915572110412],[-77.3075158372895,40.820238599223735],[-77.35663693783563,40.80746829658246],[-77.35431593368659,40.70187300522381],[-77.1503002546877,40.67704448594848],[-77.14886328620302,40.680560093822976],[-77.13983032447429,40.6835900207321],[-77.12532002364115,40.685718488332235],[-77.10948084500824,40.691575736480765],[-77.1001572387592,40.68792915868482],[-77.10044715744074,40.6862768414854],[-77.0973993245987,40.6818721503185],[-77.09763690024525,40.67866176720194],[-77.09411569387602,40.67626635939334],[-77.09002533650236,40.67701618291665],[-77.08839519340067,40.67823546423898],[-77.08328482058145,40.677188050889505],[-77.07779763863651,40.6790035948716],[-77.07398200404302,40.67839265326958],[-77.06999950828383,40.67983531680091],[-77.06439606996808,40.678203511487176],[-77.06078578575698,40.679998244980986],[-77.05878443991526,40.67698121969012],[-77.05306067765711,40.675206423525545],[-77.04732515824851,40.6763769838385],[-77.04559897895474,40.67572935514121],[-77.04130028969027,40.67924526399663],[-77.03785034667253,40.679574114903794],[-77.03535545743057,40.67671259358412],[-77.0363821132227,40.675078134479435],[-77.03518945415597,40.673536558443644],[-77.0351919182348,40.67173087299115],[-77.03625406915874,40.67117537271282],[-77.03547580832245,40.66848585690348],[-77.03239954829324,40.66481233372846],[-77.03435642124018,40.659944322048496],[-77.0297956871191,40.65571956864177]]]}},{"type":"Feature","properties":{"NAME":"Somerset","FULLNAME":"Somerset County","STATE":"Pennsylvania","FIPS_STATE":"42","FIPS_COUNTY":"111","GEOID":"42111"},"geometry":{"type":"Polygon","coordinates":[[[-78.80828779294144,39.72296972489097],[-78.80339318647032,39.7325008838786],[-78.7929036505258,39.74843176917079],[-78.77168504645957,39.78916472436193],[-78.76702643909167,39.79556127095389],[-78.75774627447146,39.82365217693199],[-78.75998690275875,39.95209782289001],[-78.7636962594676,40.06054012412809],[-78.75231442425644,40.07614506258458],[-78.73732015606399,40.071716585371185],[-78.71934284062948,40.11062076567144],[-78.70753244524741,40.142555534776825],[-78.67680412736145,40.21109358522673],[-78.66172493873026,40.23056136547852],[-78.65830575402784,40.24323594777021],[-78.82570695005565,40.24450528050526],[-78.84795534233943,40.244920519609344],[-78.85116416226354,40.24598015528104],[-78.8588078785071,40.242526554630984],[-78.86006311152158,40.24289915152288],[-78.86114350812728,40.24550451321408],[-78.86444782076272,40.24440292157319],[-78.86902576390969,40.24903193631255],[-78.87984499144493,40.247227697297085],[-78.88080120135247,40.245139316728036],[-78.88466943050922,40.24457578061742],[-78.89105630934716,40.249996177921815],[-78.89402894960669,40.26108376270025],[-78.89717752671122,40.26352649284026],[-78.89440995386478,40.268504929107145],[-78.89623059729888,40.27158866712041],[-78.90337444420594,40.275170485969916],[-78.92479441911786,40.27848839333623],[-78.92745396236488,40.281906756463535],[-78.92710962554007,40.28473346554837],[-78.98175334746739,40.285439510011614],[-79.05634723611011,40.284857385119054],[-79.05680526641224,40.27868704690548],[-79.05987625243243,40.27581464278719],[-79.06745022527396,40.273088558483444],[-79.07357323926855,40.2661719008684],[-79.07620428615813,40.26078521304652],[-79.07956984323471,40.25792790996589],[-79.07805879518013,40.25255992356891],[-79.07989349096022,40.2507967756677],[-79.08247182740386,40.25007407224065],[-79.08447310587192,40.24661913636571],[-79.08673402799981,40.24534197519876],[-79.0863428952369,40.24239051865082],[-79.09169383958415,40.24033186641932],[-79.09201111555934,40.2390671204819],[-79.09475707583837,40.23687270072152],[-79.09502959235624,40.233633693798495],[-79.09594598982869,40.23260970340079],[-79.10244634295503,40.23216445619335],[-79.10015283174526,40.23114891681636],[-79.0983419521,40.227345286521654],[-79.09934384044143,40.22526791958595],[-79.10463829063877,40.224480402858696],[-79.10103820410276,40.22361902649316],[-79.10028635463416,40.2223438026329],[-79.10353420725569,40.22014153997067],[-79.10318198501929,40.217909085735776],[-79.1055453806666,40.217011252247566],[-79.10907176582344,40.21832419572703],[-79.10695779729623,40.215789549617156],[-79.10698082471023,40.214305550133986],[-79.11003146299092,40.21162872811248],[-79.11407486272975,40.21062934676545],[-79.11460042657829,40.205038467159206],[-79.11623870392488,40.20375275728826],[-79.12194257838097,40.20313803077481],[-79.1227952852998,40.20142262301359],[-79.12615735421812,40.20039071978111],[-79.12373893047148,40.19301758067754],[-79.12578368650097,40.19124497449769],[-79.12771107045207,40.187349470004925],[-79.12596274948316,40.18499890898291],[-79.12674368909565,40.18328120236252],[-79.13439277456965,40.17872190921773],[-79.14330647865621,40.179888730864846],[-79.14116872633356,40.17399382861986],[-79.14138640968648,40.17037233068767],[-79.14002515031565,40.1638988707494],[-79.1497681557163,40.16037314966839],[-79.16126293251489,40.160869017853265],[-79.16049351289763,40.15688360053335],[-79.16275389783299,40.15406232022698],[-79.16231566460308,40.14946612574923],[-79.16323090324885,40.145870164239156],[-79.16220188219258,40.14277040138639],[-79.16582467634234,40.138690372249904],[-79.16762536639735,40.12878410583181],[-79.17230329562868,40.126111131221585],[-79.17424784728317,40.120604026439715],[-79.18035800818271,40.11639896642669],[-79.1836192412104,40.11068588815416],[-79.18702577673528,40.10954976367606],[-79.19216112631267,40.11026682785854],[-79.19619778868686,40.114635331859645],[-79.19713104484227,40.118704506625875],[-79.20219120992196,40.11764065131234],[-79.20295023513307,40.11492533355693],[-79.21015539565154,40.11886967021131],[-79.21379118303355,40.11799065363328],[-79.21716584543385,40.1145752921007],[-79.22086387618361,40.11273723299237],[-79.22261982205262,40.10417149187705],[-79.22667208187511,40.098249651330796],[-79.23400770651892,40.096219271087556],[-79.23746048372138,40.09622866001039],[-79.24008149014102,40.0947069263738],[-79.24059338971578,40.09233358204368],[-79.24741831942562,40.09348387011396],[-79.2561348118663,40.088340211516496],[-79.25914793290747,40.07953923452708],[-79.2646221018572,40.07847085906371],[-79.26773427832809,40.074267193785204],[-79.26715928737597,40.06600948850351],[-79.27134644450973,40.064237684449985],[-79.27874610196531,40.05553795321429],[-79.27821019940615,40.05033447406391],[-79.28431153166306,40.048248711508116],[-79.28565656566325,40.04707777375646],[-79.28560111894896,40.04507014033901],[-79.28857112534806,40.04176826406399],[-79.29324681418109,40.04062345778386],[-79.39886510812238,39.90066922194222],[-79.41740913563535,39.8535991349639],[-79.39557356773365,39.84401842567395],[-79.38958414310325,39.83974721293555],[-79.3819721589488,39.83652706742195],[-79.3814983551286,39.834779582194585],[-79.38330834184849,39.82997483319252],[-79.38305924081683,39.82773976731191],[-79.37374920811173,39.82801180877209],[-79.37113214080462,39.82688160763292],[-79.36569699377252,39.82089676494572],[-79.36571075416605,39.8129310949343],[-79.36407244537843,39.80752877318992],[-79.3663801400882,39.80336162015821],[-79.36937818200902,39.801089527570255],[-79.36808923432359,39.794872660645616],[-79.36574750424431,39.79065451495583],[-79.36344589292564,39.788575556749926],[-79.35236766672094,39.78817777607491],[-79.35128206886975,39.78678585901194],[-79.35343840104741,39.78346146635906],[-79.35830272620865,39.781017513582114],[-79.37957253155113,39.79002381952144],[-79.38095947375596,39.7890047783644],[-79.38204980393206,39.783855750204204],[-79.38361291295062,39.782363823521436],[-79.39127561598602,39.784245839483404],[-79.39498445436695,39.78335029811501],[-79.395059323556,39.78170449737321],[-79.39289590906063,39.77878490817926],[-79.37954841627734,39.77223089724691],[-79.37873231570634,39.768710151556725],[-79.38617495126006,39.761915551629066],[-79.3909188770204,39.76139811760752],[-79.39796535283887,39.75878547812252],[-79.39989781227132,39.75466863530627],[-79.39415883075563,39.7479351988424],[-79.39354117162415,39.74423846304566],[-79.39718332177333,39.742764632881894],[-79.40376813809594,39.74297029129381],[-79.4077463991969,39.742045837270695],[-79.40897865420472,39.740773082761805],[-79.40969042174368,39.73541844421178],[-79.40672613132473,39.73362888631044],[-79.40168000870958,39.73403751033726],[-79.39834944011501,39.733101123954974],[-79.39652571276454,39.73401138204853],[-79.39261732172807,39.732508805714865],[-79.38931361455712,39.72704926745506],[-79.38982317761383,39.724429538153494],[-79.39245791118934,39.721437809291295],[-78.80828779294144,39.72296972489097]],[[-79.04323586909256,39.96305078346726],[-79.04348146579629,39.963099415800514],[-79.04205378499334,39.96288244935296],[-79.04323586909256,39.96305078346726]],[[-78.89565139773964,39.90480676892808],[-78.8962818560673,39.90434195240033],[-78.89465526400592,39.90558346761634],[-78.89565139773964,39.90480676892808]]]}},{"type":"Feature","properties":{"NAME":"Sullivan","FULLNAME":"Sullivan County","STATE":"Pennsylvania","FIPS_STATE":"42","FIPS_COUNTY":"113","GEOID":"42113"},"geometry":{"type":"Polygon","coordinates":[[[-76.59432571007777,41.30467589689518],[-76.54760677107672,41.29578760103167],[-76.5484251857079,41.293070550047354],[-76.44770193392063,41.27569489758579],[-76.40540350741468,41.30835573607247],[-76.31081618649749,41.30899288979823],[-76.2281305962706,41.51113692868438],[-76.22387981146527,41.524496167707134],[-76.22007475004268,41.54128639635945],[-76.81393819595772,41.59005746795372],[-76.7494404674033,41.40539911009055],[-76.6635762208829,41.351135062715656],[-76.59432571007777,41.30467589689518]]]}},{"type":"Feature","properties":{"NAME":"Susquehanna","FULLNAME":"Susquehanna County","STATE":"Pennsylvania","FIPS_STATE":"42","FIPS_COUNTY":"115","GEOID":"42115"},"geometry":{"type":"Polygon","coordinates":[[[-75.79217983010942,41.64203435627422],[-75.7679243535459,41.643409262161505],[-75.71994664396476,41.6422633097993],[-75.46223829302309,41.64158312915728],[-75.48317062377124,41.99925057646632],[-75.76470575725654,41.99785622125712],[-75.96986042457719,41.99901092791761],[-76.14568980863672,41.998858739535315],[-76.12561066720271,41.78031416759856],[-76.12589926805572,41.77061354856174],[-76.12461573810977,41.76690875514176],[-76.1208669884791,41.726890167309],[-76.11429173202772,41.64338178692745],[-76.08775994339886,41.644724524591915],[-75.9863043796021,41.64480187625999],[-75.87896393980266,41.64346417365872],[-75.86872414538861,41.64435627720562],[-75.79217983010942,41.64203435627422]]]}},{"type":"Feature","properties":{"NAME":"Tioga","FULLNAME":"Tioga County","STATE":"Pennsylvania","FIPS_STATE":"42","FIPS_COUNTY":"117","GEOID":"42117"},"geometry":{"type":"Polygon","coordinates":[[[-77.28540096070807,41.54410792641418],[-77.13285188885206,41.54666094640562],[-76.9604785563542,41.551413453241096],[-76.95970663223393,41.55417609189679],[-76.96304757637004,41.55456275977745],[-76.9631220116728,41.556057651616506],[-76.96117040015848,41.55820932572802],[-76.95953105740996,41.5578196030152],[-76.95803596343484,41.55865807973924],[-76.95245157569131,41.565011646496735],[-76.9440084001674,41.56915484596247],[-76.93481226845044,41.56875289954014],[-76.92661195605687,41.57105907836377],[-76.92232044163654,41.58096691690476],[-76.91978088097216,41.580929525872264],[-76.91714857464456,41.58274372294873],[-76.90810180401326,41.581546537295495],[-76.89827596855348,41.584458896630004],[-76.89647053988536,41.58598071412338],[-76.8866334494334,41.58692106700012],[-76.87707097935366,41.591311986611906],[-76.8768263034231,41.59363708338446],[-76.87468647958542,41.5966795377168],[-76.87871637764553,41.620460032401006],[-76.88126814731295,41.64843814367805],[-76.89861566557987,41.79452725408287],[-76.89907856564913,41.80801226264282],[-76.90774090674617,41.86379392884005],[-76.91680526369579,41.93424768795838],[-76.92688198873294,42.00157694106119],[-77.1614185349743,41.999605270043304],[-77.47235324149644,42.00015295036352],[-77.6097705939384,41.999383915324564],[-77.59927327588858,41.542264413276946],[-77.28540096070807,41.54410792641418]]]}},{"type":"Feature","properties":{"NAME":"Union","FULLNAME":"Union County","STATE":"Pennsylvania","FIPS_STATE":"42","FIPS_COUNTY":"119","GEOID":"42119"},"geometry":{"type":"Polygon","coordinates":[[[-76.97220087282099,40.877459773514445],[-76.96977134769406,40.880267150207594],[-76.9467188060258,40.88586178274689],[-76.9419268446523,40.88805165125608],[-76.92755610159014,40.88737671041775],[-76.91283574320256,40.884542751679774],[-76.90457553923066,40.88505835204628],[-76.89080647876267,40.8887164162098],[-76.87748675380314,40.88440314544414],[-76.858268131936,40.889310298429365],[-76.85189658823823,40.888694920320326],[-76.84983171803123,40.88647178401668],[-76.84066293013319,40.88701650259281],[-76.8361312645964,40.88832066811228],[-76.83453831983232,40.889673500147055],[-76.82941640006845,40.88761677430685],[-76.82480904338412,40.8879208252787],[-76.80844084508375,40.878731321382304],[-76.80208655083611,40.879452506505125],[-76.79920368640947,40.87848032045595],[-76.79996200015486,40.88200333219661],[-76.80440790353148,40.88531998449909],[-76.82411793979166,40.89067988376607],[-76.84930544810686,40.91142437616314],[-76.85017118778383,40.91406588369309],[-76.85264748549267,40.91431776722715],[-76.85828406804913,40.92211436368292],[-76.85945034179936,40.92626657200926],[-76.86116645816531,40.92681675575513],[-76.8683296440038,40.94026615689142],[-76.87253779566406,40.94488239370405],[-76.87640602751574,40.95217322750049],[-76.87708246790785,40.96017934768584],[-76.88200932659262,40.96873709277928],[-76.88216270404591,40.971466351047496],[-76.87576493583008,40.98409458256549],[-76.86808243572246,40.99550258098445],[-76.86707679062651,41.00861387311071],[-76.86501368830396,41.0184194007905],[-76.86087361906078,41.029089955698645],[-76.86127891915403,41.03633804782185],[-76.85606819283949,41.047783335732525],[-76.85764492930089,41.06193254859278],[-76.85666805454855,41.06647615573482],[-76.8578136356062,41.0728558059302],[-76.8598593618162,41.07595301090858],[-76.86439340788847,41.07996481183335],[-76.87210010052503,41.08251654886913],[-76.88370402442725,41.093063287752514],[-76.88937847097294,41.10097434465981],[-76.8956517560466,41.119928041386245],[-76.89548608335201,41.124144340662774],[-76.89760848975466,41.13330455727986],[-76.89556189756873,41.138990280130955],[-76.96022694003975,41.148801166666445],[-76.97791594387878,41.086951708909204],[-77.06836458165326,41.085575117103915],[-77.1128057524199,41.069421910124966],[-77.14411851872129,41.068940903946064],[-77.14415924833628,41.04433993552686],[-77.14346139480276,41.04297100313418],[-77.2030890364017,40.993707979817],[-77.27922296083494,40.90971694138835],[-77.36417097427457,40.84693950656177],[-77.35731867469464,40.844258514891216],[-77.35663693783563,40.80746829658246],[-77.3075158372895,40.820238599223735],[-77.15303349482231,40.84915572110412],[-77.09838801848522,40.862259292271716],[-77.05533867765688,40.87048515510005],[-77.05012673951498,40.868232720098085],[-77.04830449528305,40.86645149682629],[-77.04496357989304,40.86577603069369],[-77.04206293241702,40.86305026755311],[-77.03876936812397,40.8626714387589],[-77.03605355710248,40.86447317098003],[-77.03209867825007,40.864049174696135],[-77.02500829996701,40.85751618890288],[-77.02016004386961,40.857637166855106],[-77.01493620574516,40.8610677650977],[-77.01484260308919,40.863643785622514],[-77.01080303735999,40.86910221502494],[-77.0049258536311,40.87203047053256],[-76.99687168545613,40.8718451656052],[-76.99536174861755,40.87258683120437],[-76.99412414683714,40.87485250956035],[-76.97220087282099,40.877459773514445]]]}},{"type":"Feature","properties":{"NAME":"Venango","FULLNAME":"Venango County","STATE":"Pennsylvania","FIPS_STATE":"42","FIPS_COUNTY":"121","GEOID":"42121"},"geometry":{"type":"Polygon","coordinates":[[[-79.9991692132148,41.19948304386627],[-79.99985144684217,41.17192455992564],[-79.6952883675611,41.172946634563345],[-79.69466739723948,41.173551208218235],[-79.7000283847516,41.1757213738126],[-79.69937154020913,41.1787707733092],[-79.70040896949648,41.181408299404126],[-79.69787887707515,41.18404587004612],[-79.69367890277893,41.18388758010491],[-79.69044779295767,41.181390328046575],[-79.6867946644974,41.18211987763333],[-79.68390698060927,41.18421987550086],[-79.67960685763359,41.18350794824759],[-79.67614812819407,41.1848944128645],[-79.67309188532431,41.184745774426915],[-79.67291529270915,41.18305000108939],[-79.67006034253164,41.183128505520166],[-79.67015749353298,41.18465399741424],[-79.66532042864736,41.189185216170216],[-79.67065485567149,41.19327499220337],[-79.66587092523663,41.19685149784716],[-79.66876998449122,41.19919299014706],[-79.64973434585418,41.21790890330775],[-79.65003456282214,41.25380745421225],[-79.63281425767754,41.25359572561962],[-79.6327072144283,41.267011196219606],[-79.62760905510368,41.26690752456156],[-79.62761144013075,41.2771697563943],[-79.60468376608362,41.27718363324275],[-79.60426618422379,41.321543641565185],[-79.54145975248235,41.320982503829185],[-79.54136808749244,41.33593342301399],[-79.47815278575281,41.33568190009719],[-79.47815632511502,41.44017732118747],[-79.52164108564982,41.44057667657663],[-79.52198235921952,41.46529174432557],[-79.51098011791143,41.46529006075531],[-79.5105995160986,41.472727716264146],[-79.51173946741436,41.47703007747461],[-79.51222743586996,41.624624243854264],[-79.61316633812264,41.62371823682585],[-79.61318280334348,41.61687075855674],[-79.76836684233697,41.61762336411365],[-79.76835136077136,41.62085544116991],[-79.82903726897901,41.62204424637431],[-79.8296461192308,41.601968421317224],[-79.84958117268987,41.59763539939433],[-79.84983331362044,41.587135755774746],[-79.87303223217097,41.58125997462978],[-79.87039116187947,41.574251056911365],[-79.89270573574517,41.574085856478035],[-79.89295503620282,41.56212048369081],[-79.90868356395231,41.56208778749095],[-79.90934883559048,41.5507008400938],[-79.92550769948018,41.54980222482858],[-79.92354908200497,41.53753964115107],[-79.94346752381779,41.53765725062286],[-79.9425077664632,41.5252916133491],[-79.95922925509682,41.525451115046884],[-79.95828548595762,41.51353017632929],[-79.9815858512532,41.51291127035669],[-79.98171859620103,41.500155619506906],[-79.99858612934028,41.50090587436968],[-79.99873130158178,41.49009418591342],[-79.99980211046845,41.490057781271496],[-80.00005846000613,41.40353182997496],[-80.0009965913186,41.372675842952155],[-79.9991692132148,41.19948304386627]]]}},{"type":"Feature","properties":{"NAME":"Warren","FULLNAME":"Warren County","STATE":"Pennsylvania","FIPS_STATE":"42","FIPS_COUNTY":"123","GEOID":"42123"},"geometry":{"type":"Polygon","coordinates":[[[-79.61261569151473,41.7750229802595],[-79.61316633812264,41.62371823682585],[-79.4024668870844,41.62610852971455],[-79.15306967189628,41.626719065280255],[-79.03474765024366,41.625428472020324],[-78.95613762573097,41.62333433255631],[-78.95548944094782,41.640214774847635],[-78.95466905720954,41.64024426276483],[-78.95397478615739,41.687417791656124],[-78.94861089169699,41.83051760789288],[-78.9214078863794,41.83090365567459],[-78.92154400090789,41.84088194685038],[-78.91564201828726,41.84093190664583],[-78.91600399083771,41.86181243190518],[-78.91705651272015,41.86182073853317],[-78.91549855643807,41.95291331069427],[-78.9184808904178,41.95291847155116],[-78.91894141444314,41.99807324256692],[-79.15843635562562,41.999670145677214],[-79.4117305245,41.99840426645051],[-79.6098964929463,41.998754343676985],[-79.61261569151473,41.7750229802595]]]}},{"type":"Feature","properties":{"NAME":"Washington","FULLNAME":"Washington County","STATE":"Pennsylvania","FIPS_STATE":"42","FIPS_COUNTY":"125","GEOID":"42125"},"geometry":{"type":"Polygon","coordinates":[[[-80.50946947865074,39.95933929966805],[-80.50723561647413,39.95673677792082],[-80.50380479050398,39.95589591239256],[-80.50034761784482,39.953669812459694],[-80.49989384555715,39.95433631042683],[-80.5012727720947,39.95637988394755],[-80.4996222507108,39.957788015714385],[-80.4928081924125,39.958777046212894],[-80.49060632283644,39.960940982151236],[-80.48853349175938,39.961520367897144],[-80.48671671826752,39.95993847629625],[-80.49043061775677,39.95745098031248],[-80.49078595894383,39.95459440419008],[-80.48633577419656,39.95465822630552],[-80.4828288240909,39.954019698793246],[-80.48078267387608,39.95263409016301],[-80.47485343367478,39.95200158030987],[-80.47186859878528,39.95470118705372],[-80.46635528395042,39.95478356490844],[-80.46601420082358,39.9563773905673],[-80.47029325920413,39.959786915972664],[-80.4704214191508,39.9615737997302],[-80.46446546035799,39.96063520851323],[-80.45958925677375,39.962535171748634],[-80.45868643284523,39.96382656258649],[-80.46139164284803,39.965312046062344],[-80.46202762581466,39.96673505449489],[-80.45667141015332,39.96912061599889],[-80.4540361986741,39.97324014124234],[-80.45261926172195,39.973088430039205],[-80.45121227181492,39.971346736850236],[-80.45097925961001,39.9674779810646],[-80.44869443510905,39.96648851874549],[-80.44726458667131,39.97099792502166],[-80.44389330373312,39.97296239870399],[-80.44398085084576,39.974462717778806],[-80.44560613855334,39.97553667477764],[-80.4444330636581,39.97594656168305],[-80.44052754184065,39.975137200217226],[-80.4391305286232,39.97703467188038],[-80.43316340107647,39.97743618877743],[-80.42541767394589,39.97187165237298],[-80.42078181192097,39.97389040707283],[-80.42023549249778,39.97540533559578],[-80.41679775129656,39.97491087803833],[-80.41329553800738,39.977041130268915],[-80.40642737956945,39.9764500117158],[-80.4016003578487,39.978735243220726],[-80.40026069487561,39.977739738168204],[-80.39662660710609,39.9775528582157],[-80.39568191809207,39.97943642546373],[-80.39557177924834,39.98423929393378],[-80.3934267388938,39.98502208313987],[-80.39109856259552,39.988140112396486],[-80.3863074995373,39.98967515100282],[-80.37911062058743,39.994479082162016],[-80.37516044441553,39.99472197269763],[-80.373299822358,39.99610458942389],[-80.36903448933667,39.99714466033701],[-80.36346430844938,39.99651822467028],[-80.35803303585111,39.997452421195696],[-80.35605683475251,39.99671373004242],[-80.35093902118778,40.00053638351544],[-80.34785708919587,40.001140624283664],[-80.34396649558181,40.000402287510035],[-80.34187164140722,40.00204619059917],[-80.33438198623492,40.0033001500207],[-80.3312035814697,40.0050333529693],[-80.3227224916509,40.00571377873318],[-80.31325806909119,40.003357906339055],[-80.30920175786677,40.007017654913206],[-80.31038393988237,40.0085059900783],[-80.30952002378542,40.011773169984316],[-80.31130591589275,40.013354314487884],[-80.31038604822834,40.01651019374635],[-80.30121635123524,40.02063580959676],[-80.29449931817416,40.018650700300974],[-80.29195137622817,40.02075550992286],[-80.2874950613774,40.01916774745289],[-80.28555083670967,40.01612980687803],[-80.28478774841854,40.012058752381485],[-80.2838571593612,40.01303709900998],[-80.2808165759235,40.01348000229704],[-80.27958663407752,40.0128023234631],[-80.27333408840883,40.01325870375228],[-80.27187886885253,40.00789964501036],[-80.2761939613541,40.00552743013353],[-80.2734710428621,40.002433570237365],[-80.27129607423555,40.00322359567748],[-80.2652323203036,40.00131989430278],[-80.2593287305969,40.00426214547778],[-80.25661192783537,40.0030544996748],[-80.25304063320256,40.005140875187905],[-80.25152827001438,40.00795551419207],[-80.24434602731544,40.00709418091935],[-80.241453364964,40.00960853995267],[-80.23189810655937,40.00764327866169],[-80.2263904798569,40.00778158933016],[-80.22281599800144,40.00459593066307],[-80.214695210765,40.00280087931387],[-80.20836578008779,40.005077405034015],[-80.20444387210124,40.00335271313046],[-80.20011230359904,40.003086035457024],[-80.19728501973565,40.00480080135941],[-80.19400259185716,40.004990918597194],[-80.19047201336458,40.0017582362984],[-80.18271821756612,40.00306585776026],[-80.18112457481105,40.006723166914476],[-80.17594906784554,40.00808631052651],[-80.17184150683585,40.0054588753215],[-80.16945914865121,40.006215944938404],[-80.16057046444192,40.003319042935686],[-80.15484661235223,39.99726803337355],[-80.14987860903082,39.9938372522176],[-80.14549730350629,39.99397674911238],[-80.14110538797995,39.99238533411348],[-80.1356403279472,39.992087319833644],[-80.13150193675698,39.99087259005477],[-80.12949829482139,39.98800778155214],[-80.11838399856308,39.99124694968425],[-80.11099434115324,39.988147551895054],[-80.10589266761922,39.99092352058828],[-80.10244196552507,39.990470512734454],[-80.09775859879132,39.991951182462536],[-80.09084182892009,39.991776115659086],[-80.08601122292139,39.99039752288792],[-80.06806147318967,40.002977098669234],[-80.06634678245008,40.00581180629127],[-80.05968478377658,40.009614947098044],[-80.05766907207683,40.00817963793266],[-80.05968402559847,40.00559337287557],[-80.05874629673127,40.00379873378218],[-80.05664338287195,40.00367841675408],[-80.0491391085167,40.00673589642422],[-80.04444024584429,40.000680701616204],[-80.04434290799337,39.99848407459584],[-80.0389343879246,39.99655821093186],[-80.04615901942687,39.99293511862055],[-80.05073648467007,39.98900205368351],[-80.0482278296447,39.98489855032194],[-80.04463813931149,39.9845964857439],[-80.0482281404618,39.98112078858819],[-80.04860749720964,39.97890363398092],[-80.04335462284027,39.97674938906337],[-80.03993192752174,39.974168496928975],[-80.03219287397542,39.97767327427666],[-80.03426690430338,39.98262226321982],[-80.0327075780905,39.98404433172277],[-80.02881112476584,39.9832368736904],[-80.01789021063537,39.97752113648386],[-80.01601988587448,39.97822101295851],[-80.011259528131,39.983088037076854],[-80.00736729958312,39.9844760013514],[-79.99950786729713,39.98453852909178],[-79.99810384183057,39.98329065404613],[-79.99221718896025,39.984459043557926],[-79.99078609545754,39.986746518073254],[-79.99094587520386,39.98866050505408],[-79.99487337520304,39.99806633050138],[-79.99572310510501,40.00601486779395],[-79.99253302583436,40.00990004519375],[-79.98502156944839,40.01304611204554],[-79.96987815396936,40.01332638520824],[-79.96371286525746,40.0087254868624],[-79.95835692897218,39.99865683606294],[-79.95450250153146,39.9951468243173],[-79.94839006250437,39.9940102938423],[-79.94188198206997,39.99559234044667],[-79.93463232709715,40.00011914400231],[-79.93239960128942,40.003475505191986],[-79.9299849010596,40.011324529103696],[-79.92539561488555,40.015907500765564],[-79.9141438889652,40.02112357001484],[-79.90904307781386,40.02225112164544],[-79.88911861549198,40.02272760788552],[-79.87991898304035,40.028295741437105],[-79.87675942403148,40.031852947937246],[-79.87629887844656,40.03466764563528],[-79.87790466103438,40.03762848506951],[-79.88799663227853,40.043154476415026],[-79.89196572247874,40.0477571414488],[-79.89060364294605,40.05143969954516],[-79.88024650789464,40.05914821142106],[-79.87926437081136,40.062019953776996],[-79.87980441370566,40.064786727213125],[-79.88460471413994,40.06847816485514],[-79.89676723833361,40.07067582387644],[-79.8999807519551,40.07217113613644],[-79.90220085733141,40.07476586176068],[-79.90012316008044,40.07835230552193],[-79.89505223767523,40.080326801299364],[-79.89110466751598,40.080485232118654],[-79.88200917226366,40.079326999260104],[-79.87080648447633,40.075741206921855],[-79.86320324901445,40.07570398086189],[-79.8464925437575,40.080682136192486],[-79.84186148592275,40.084018903979015],[-79.83908036199023,40.08827821185317],[-79.83867746668697,40.092658045752174],[-79.8494862010014,40.11421372996473],[-79.85225338397902,40.116217207039725],[-79.87290719297162,40.12514312256491],[-79.88630833583862,40.13000903098805],[-79.89326508972314,40.14064598130476],[-79.90271760870704,40.149375171878084],[-79.9049301349973,40.1557494605967],[-79.90442753657899,40.158560945845956],[-79.90129707490048,40.162344629994855],[-79.89424921118488,40.16499282442736],[-79.8854727445209,40.16476714662657],[-79.86734012834006,40.16185687278407],[-79.86115358459024,40.1624599945647],[-79.85738368232956,40.164411894648836],[-79.85237303508327,40.169532473650904],[-79.8503751001447,40.17440976213534],[-79.85096502918168,40.18126997526374],[-79.85350302228592,40.189884614858165],[-79.85595428035452,40.19245183293022],[-79.86666871761523,40.19719347363355],[-79.87765963476083,40.19710108513414],[-79.89457672885264,40.194352830976804],[-79.91342280769337,40.19791655342069],[-79.92911465004327,40.207166835661596],[-79.95627048302866,40.213578750770445],[-79.96778283806071,40.2229131762626],[-79.97070188213542,40.2269595885356],[-79.97092564528619,40.23072124439758],[-79.96982645951802,40.2333703481915],[-79.96662309146934,40.236609937576354],[-79.96234825696723,40.23884878718183],[-79.95661775734446,40.24026429197774],[-79.937372192307,40.24158737417931],[-79.93055194551471,40.243040009652],[-79.92157955089738,40.24684802564069],[-79.91452385027924,40.25204974869397],[-80.18300427528855,40.3327028865856],[-80.3607683385176,40.47751905476737],[-80.51895534669123,40.47779272386292],[-80.51908977957349,39.9622083616962],[-80.51811651515028,39.96340272040906],[-80.51469081137387,39.96037395163325],[-80.50946947865074,39.95933929966805]],[[-80.25823052758565,40.1900193296149],[-80.25872542474706,40.19071164770348],[-80.25802417917501,40.18974097330963],[-80.25823052758565,40.1900193296149]]]}},{"type":"Feature","properties":{"NAME":"Wayne","FULLNAME":"Wayne County","STATE":"Pennsylvania","FIPS_STATE":"42","FIPS_COUNTY":"127","GEOID":"42127"},"geometry":{"type":"Polygon","coordinates":[[[-75.44017506238397,41.257752423527506],[-75.44446561111535,41.25660723791998],[-75.44654966843854,41.25447150003729],[-75.45195434192125,41.25239712957814],[-75.45356940230931,41.25243684572087],[-75.45396262185864,41.25444973305461],[-75.45614765071807,41.25420076798899],[-75.46045297853249,41.24768377842393],[-75.46265658275536,41.24699004642931],[-75.4677280710992,41.2480181827157],[-75.46886397730123,41.2442155871807],[-75.47060644574604,41.24334756260211],[-75.4767642856276,41.24513431629818],[-75.47758591982074,41.2471499533417],[-75.48466668253698,41.24599053830895],[-75.48403341607576,41.244448026999756],[-75.48510790715677,41.24259447262584],[-75.49119743555084,41.241894591130865],[-75.49271167621795,41.24329138676612],[-75.49524140482156,41.24340275965201],[-75.49889920272469,41.24002194044373],[-75.50058906852139,41.23670195182823],[-75.50468860757559,41.235164140572174],[-75.50602741984412,41.232188052606624],[-75.36677589803483,41.238369668023644],[-75.36296573867298,41.23941938094568],[-75.35989456310828,41.23879051645927],[-75.34547532449551,41.24805907200478],[-75.34459686916571,41.25098797532051],[-75.34123634984122,41.254446273271355],[-75.34307098363759,41.256115086518015],[-75.34459024768374,41.256069412855965],[-75.34469478553166,41.25814335065873],[-75.34749281665614,41.25773227905569],[-75.35022724795682,41.25973321875417],[-75.34730184650483,41.26333868272364],[-75.3477268834832,41.26577346920872],[-75.34379535364165,41.26805094958555],[-75.34062523673323,41.26730724822405],[-75.33765839420056,41.2681846841175],[-75.33409713015621,41.270647541290955],[-75.33176317050413,41.27476334675813],[-75.33392550432622,41.27822928157651],[-75.333634640617,41.2795676164938],[-75.32984991615413,41.28302088140077],[-75.32944527991587,41.28580913007248],[-75.32449698832673,41.28907307251929],[-75.32580805972096,41.29293546463981],[-75.32786009120593,41.29476393562304],[-75.32806031130973,41.29873730646117],[-75.32567919729178,41.300047161639135],[-75.32339226174987,41.29943820193648],[-75.32148526416583,41.30053580798917],[-75.31403493274509,41.31053761401982],[-75.31363635564341,41.31285770482566],[-75.3164770693203,41.31641615209954],[-75.3161295362897,41.31900260657053],[-75.31207951776385,41.321062758700805],[-75.31254884258404,41.324258632625636],[-75.3104144993679,41.327231887894186],[-75.31134296660451,41.32871315102566],[-75.31124336230414,41.33161684029921],[-75.31748603009797,41.33444690094273],[-75.31901193269408,41.33709484042839],[-75.32240792109921,41.33986276392154],[-75.32490015132792,41.34055622454174],[-75.32702976671074,41.339951468760766],[-75.32897976574912,41.33601371140776],[-75.33053802206851,41.334814400221795],[-75.33511188955902,41.3363471256536],[-75.34347268418149,41.33616428374939],[-75.34316511001137,41.336909071313194],[-75.34443010591636,41.33757770868709],[-75.3445421797312,41.340826053428785],[-75.33674668323893,41.34545622014184],[-75.33915725301506,41.347057480409894],[-75.33795973316431,41.34868183954574],[-75.33916620203193,41.35058296256385],[-75.34238138831645,41.35183386608754],[-75.34183043628134,41.355029759163536],[-75.34363861289593,41.355078571888825],[-75.34652665341525,41.35713542958748],[-75.34864247606518,41.36097108316061],[-75.34796341169414,41.363909173282835],[-75.35140821545014,41.36351733860061],[-75.3497538133442,41.365898916150606],[-75.35086632651793,41.367677285601566],[-75.34858782705487,41.36919294990177],[-75.3485691331138,41.37054352430384],[-75.3451455044457,41.370841643852636],[-75.33908113876103,41.37576519508156],[-75.33651573176928,41.376228822691694],[-75.33034400213681,41.36951825678733],[-75.32333395479974,41.366075852949976],[-75.32107816384875,41.36770823881955],[-75.31387605041571,41.36853701278431],[-75.30945732017814,41.37330656562036],[-75.30760408047566,41.373980115553664],[-75.3048258464234,41.37277973209488],[-75.29934862320171,41.368110797181174],[-75.29694306871983,41.36746212011514],[-75.28776619239098,41.370681025443155],[-75.28231617464765,41.37147650122808],[-75.27990557882039,41.37295854579776],[-75.27128149337804,41.37216509972351],[-75.26361756324397,41.37383875807791],[-75.26264229557768,41.37510159978333],[-75.2616384884348,41.382536330835904],[-75.25546977175178,41.38598309846521],[-75.25324209178098,41.38992354834243],[-75.25341150326378,41.3926190092939],[-75.2564967266829,41.39390083399042],[-75.25536171969446,41.398019926809],[-75.25250375207592,41.40102542157495],[-75.24696269367182,41.40238017763422],[-75.24722082097546,41.40584020759666],[-75.24931459717169,41.40726775548698],[-75.2486875757983,41.4087911958654],[-75.25126082238756,41.409799869985484],[-75.25185082508638,41.41104508536755],[-75.2499907626793,41.414000501192575],[-75.24628491029837,41.41703809370308],[-75.25004364111018,41.418669561448574],[-75.24608045733297,41.41989512408746],[-75.24644978978057,41.4208003867938],[-75.24571418454723,41.421077246261156],[-75.23372272204155,41.42056747601628],[-75.2348445821858,41.42320652417109],[-75.23369823935678,41.42457204901977],[-75.22981655523373,41.424681663523316],[-75.22896797876857,41.427320722971],[-75.22805102164568,41.424790904005434],[-75.21721286750571,41.42446303853467],[-75.21493611526587,41.42608951117346],[-75.21511788666866,41.42754468430886],[-75.21211311007819,41.4279590324355],[-75.21030984545159,41.43106736596714],[-75.20694483634735,41.43093309744083],[-75.20331684454534,41.4324309764183],[-75.20146032599206,41.43178749798061],[-75.19957822970768,41.43369275471747],[-75.20010047607788,41.43463080861526],[-75.19912918704999,41.43790152676161],[-75.1965869071852,41.437386001317876],[-75.19373128686449,41.4386783394163],[-75.19152602614825,41.438441983485774],[-75.19085807573389,41.44106378503075],[-75.18614362100311,41.443052539213284],[-75.18669688530176,41.44627013274608],[-75.18846300189642,41.446145068818616],[-75.18927006182241,41.44714838807959],[-75.18924817167556,41.45070787822882],[-75.18740212478355,41.450932005305944],[-75.18695139419142,41.45317419628626],[-75.18851154056618,41.45620263452799],[-75.18814521657647,41.457675619013635],[-75.1851714381515,41.4598538577733],[-75.1824175161041,41.460446312789664],[-75.18188376950164,41.46159386973192],[-75.1785162990135,41.46201579740873],[-75.1780932994142,41.46526669742703],[-75.16999193195758,41.47341873721554],[-75.16963835236679,41.475067044623565],[-75.16646641277666,41.47708909605783],[-75.06981760919942,41.60207150009715],[-75.07435377978734,41.60591064770304],[-75.07447453312446,41.60812528244483],[-75.06907892274465,41.61023026258727],[-75.06369758928965,41.60927069384408],[-75.0597279160828,41.610415108327935],[-75.06156298556206,41.6161559655053],[-75.05890873339207,41.61779958245969],[-75.05301990749709,41.618514517127885],[-75.04838092202995,41.615922205333796],[-75.04577302562356,41.61585154568525],[-75.04427392606058,41.61764369402808],[-75.044477398964,41.620748589456255],[-75.04357111292838,41.62306932110495],[-75.04861666601164,41.63301252032284],[-75.0494966412909,41.64156156618115],[-75.0477028502973,41.64590558948892],[-75.0491915419794,41.65005494806734],[-75.04883905294338,41.657291188305315],[-75.04967264550959,41.660975113280585],[-75.05400189186678,41.66806789385778],[-75.05753262756453,41.668844178623026],[-75.05951597026962,41.67225498939345],[-75.05841787056464,41.67490030154694],[-75.05125200594995,41.680018253430234],[-75.0526269071367,41.6881103596949],[-75.05872300580876,41.698468685331875],[-75.06706775023206,41.705145094055446],[-75.06895718126071,41.709327297923075],[-75.0678283528848,41.71179039079441],[-75.06622182559362,41.71275962916199],[-75.05920341134797,41.7128098122506],[-75.05235902592571,41.71148422054186],[-75.04968726020095,41.71337166972282],[-75.0497186257774,41.71590926877792],[-75.05169528771172,41.71950711156441],[-75.05367482874655,41.72734616941089],[-75.05483035505272,41.73489624991869],[-75.05265296816141,41.743921765330334],[-75.05304262858557,41.75206449794313],[-75.06123652700802,41.7647898486133],[-75.0647583999272,41.76668741291244],[-75.0724643038429,41.768548020121024],[-75.0746104392438,41.77126952413895],[-75.0791564715369,41.771607072216916],[-75.09445747846627,41.76834082463699],[-75.1018950241656,41.769609013643986],[-75.10468161524491,41.77409774124435],[-75.1016916294156,41.787580329637706],[-75.09288332286467,41.79645707385311],[-75.08849679273845,41.7977068943107],[-75.08062212143199,41.79669819092272],[-75.07565225949625,41.79955545620186],[-75.07234297827897,41.80664392132772],[-75.07150872814596,41.81130366946713],[-75.07224778021504,41.814131306459075],[-75.07475959102199,41.815294029476156],[-75.07876888352612,41.81520986967421],[-75.08515465474132,41.811837359638545],[-75.08987821569416,41.81169978596663],[-75.09563750722012,41.81472854991412],[-75.10056471085797,41.81892686267535],[-75.11301941569107,41.822618836675126],[-75.11506831025908,41.82754597028592],[-75.1131445186708,41.836165340567035],[-75.11340522503761,41.84214017547488],[-75.11659520998516,41.84544865279261],[-75.12011683676593,41.84621672877862],[-75.1309908974661,41.84526080146707],[-75.14056134907713,41.85221972884534],[-75.15467981196984,41.84845511240186],[-75.16287927994706,41.85055509778153],[-75.16522675565089,41.85279314827762],[-75.16832563795391,41.85870025999649],[-75.16842436729522,41.86933487050554],[-75.17014113044816,41.87135015256733],[-75.17245951421151,41.87228261369466],[-75.17582673496801,41.87257434895434],[-75.17803237656993,41.8709097212536],[-75.18170395462951,41.863077698345215],[-75.18535776760605,41.86006317023056],[-75.18913679495338,41.86166849612171],[-75.19144680641828,41.86514056233011],[-75.19490393775492,41.86758042343604],[-75.20463655054608,41.869927858876956],[-75.21502420855423,41.86734955222323],[-75.21957585441955,41.86118807894617],[-75.2244801303564,41.8575897447176],[-75.23152669780303,41.85939699118276],[-75.24114702028537,41.86725153559624],[-75.2440380539912,41.86651171958581],[-75.25000145083455,41.86221718608563],[-75.25831559235105,41.862274482433804],[-75.26159048965253,41.86493984856462],[-75.26429544183884,41.869523340813465],[-75.26320878397561,41.871700351937555],[-75.25745850614521,41.876092822877055],[-75.25958277565377,41.88232384536859],[-75.26311457136357,41.88504892921687],[-75.27075491263659,41.886843412556594],[-75.27168516752063,41.88844654256194],[-75.27297335882459,41.89656641142362],[-75.26771558953523,41.90207394334653],[-75.26727561537031,41.90609016705035],[-75.27663278088173,41.92223634073333],[-75.27694836532925,41.93288606390497],[-75.2786414533829,41.9362640557034],[-75.2787632577489,41.93871303890064],[-75.28459967323528,41.94193543088728],[-75.28951035595674,41.94320383396263],[-75.29162267966863,41.946646520273134],[-75.29148421155409,41.95250131797368],[-75.29326929427937,41.954330605254405],[-75.29751772729527,41.95468508680814],[-75.30083575001859,41.953628905443765],[-75.30171905894589,41.95188446865963],[-75.30087357807521,41.94860294471322],[-75.3022629816639,41.94801393112275],[-75.31094139631631,41.94910338932609],[-75.31779905165197,41.95373924757668],[-75.31963843304459,41.960311667715445],[-75.32589089067838,41.964767963477016],[-75.32796875591427,41.96794315078759],[-75.3362714133682,41.97090101187244],[-75.33814263285112,41.9704178377028],[-75.3420676283473,41.97274275961454],[-75.34187845752149,41.97535052572626],[-75.33748628058541,41.98460365050516],[-75.33761685610183,41.98724134790972],[-75.34063977955937,41.99241763295715],[-75.34546236539923,41.99499046608829],[-75.3596446670676,41.999554277401465],[-75.48317062377124,41.99925057646632],[-75.46073422128501,41.617115298184004],[-75.45896993905015,41.57330874198761],[-75.44964819680533,41.42531254314534],[-75.44851783051362,41.38877347520549],[-75.44149669616932,41.260551046157666],[-75.44017506238397,41.257752423527506]]]}},{"type":"Feature","properties":{"NAME":"Westmoreland","FULLNAME":"Westmoreland County","STATE":"Pennsylvania","FIPS_STATE":"42","FIPS_COUNTY":"129","GEOID":"42129"},"geometry":{"type":"Polygon","coordinates":[[[-79.74449626782155,40.12813534355546],[-79.73421767247544,40.12087826787289],[-79.72748071927293,40.12065713041993],[-79.72564803392247,40.1228998712132],[-79.72415108851952,40.123030032151675],[-79.71845424338055,40.11702575535637],[-79.72242927054647,40.11495927840302],[-79.72284855561206,40.11330546574811],[-79.71792008445135,40.11341468796647],[-79.71553408808983,40.11123417510478],[-79.70810120644344,40.10775899117272],[-79.70482092823343,40.10781754121597],[-79.70197856345305,40.110324319768296],[-79.69638747517584,40.110237570386246],[-79.69124378384272,40.11323334792144],[-79.68530179564922,40.11375474914116],[-79.68366814282972,40.10861983140455],[-79.67720922090261,40.10692535079774],[-79.67583777373812,40.1057805488707],[-79.67110499427385,40.106217624504936],[-79.66760453898769,40.10461623826039],[-79.66622929015293,40.10156453885473],[-79.66857604001801,40.098739948665944],[-79.66815308623278,40.09707487130236],[-79.66448919685372,40.09713862691672],[-79.6634491579605,40.09483337202071],[-79.66168286619435,40.0944785494219],[-79.6600850166288,40.09718907956852],[-79.65755210170087,40.096761281867416],[-79.65429705716718,40.093705428528565],[-79.65468334890902,40.090367605745925],[-79.65329636987327,40.08908959799007],[-79.64832365668482,40.08769261660185],[-79.64402713505511,40.089514267463535],[-79.64121425028743,40.088364145283386],[-79.64104881205313,40.08686603676031],[-79.64404951927538,40.084957804204436],[-79.64232387717415,40.0836692581454],[-79.63830114048349,40.082986105373465],[-79.63549624623025,40.086004679361054],[-79.62710272957524,40.088358777797545],[-79.62555107138161,40.08993856867465],[-79.62571383533131,40.09210304063007],[-79.62189841094361,40.09446819612101],[-79.62062776373715,40.09273729324657],[-79.61668308345816,40.091595206964385],[-79.61462186220783,40.091323842394175],[-79.61273363132837,40.09345144496005],[-79.60520862385637,40.091481262139204],[-79.60274717260421,40.08986125525942],[-79.60300744688138,40.086052825503174],[-79.60054591747581,40.08426464147502],[-79.60229190372328,40.08298023847473],[-79.59313332607678,40.08212364865524],[-79.59188853507916,40.085300509361694],[-79.59323344331519,40.09103780229826],[-79.5912105693477,40.09417299718992],[-79.58457572045702,40.09783406567798],[-79.5853960089739,40.10203354731566],[-79.58471904306737,40.1028585240676],[-79.57895208082718,40.10514042022627],[-79.57527394147277,40.10340188365938],[-79.57200255478742,40.105250218968415],[-79.56642844197414,40.10607274231826],[-79.56083105650679,40.105156015763114],[-79.55917731735751,40.11136522402746],[-79.55668599263062,40.112932567380646],[-79.5532424689739,40.11262915356273],[-79.54822873781126,40.11021678750819],[-79.54632861323745,40.11202912953857],[-79.54203595705843,40.11171082048338],[-79.54013631398162,40.11416206845612],[-79.5415348624199,40.12015769541577],[-79.53862633671885,40.12411253825975],[-79.53532309218026,40.1259236225206],[-79.53471816127805,40.128438769920145],[-79.53053564663769,40.128077470387176],[-79.52714721845399,40.12294561592038],[-79.51806709517281,40.13086818706771],[-79.51775038154298,40.13326275202985],[-79.506445316356,40.138672150717774],[-79.5042227513924,40.14119702490205],[-79.4997681487306,40.14092387905123],[-79.49648966804946,40.141843931279276],[-79.49460460013813,40.1416738111466],[-79.49422867046309,40.14080481557176],[-79.48999785430823,40.14095273531881],[-79.48336306919794,40.143738003796564],[-79.47412767211989,40.14046149929891],[-79.46693545901964,40.13635534126621],[-79.45727376013531,40.13525342861392],[-79.45517408200766,40.13302372370821],[-79.44757934909993,40.1302540323269],[-79.44722164983524,40.1257534618437],[-79.44167461943115,40.11898722167803],[-79.43786893637439,40.11597074542893],[-79.42302489434522,40.11093677415517],[-79.41501670104817,40.104451666002106],[-79.40460409412967,40.10223370096866],[-79.401870226971,40.10279295846178],[-79.39705438927555,40.094605284802284],[-79.39258516293923,40.09013658279005],[-79.3733720737959,40.08164039011125],[-79.36747739447851,40.080195270563834],[-79.36057025454713,40.076045507683766],[-79.35551091951076,40.07430535618199],[-79.35163884107304,40.068620837159074],[-79.34414653587064,40.04995147501808],[-79.3428108847736,40.04444621656513],[-79.34151948648409,40.043021004687915],[-79.32485849040168,40.04058739544726],[-79.31641803317984,40.04377493427091],[-79.31236958131585,40.04436073386498],[-79.31031051692051,40.043275190803826],[-79.29324681418109,40.04062345778386],[-79.28924571880393,40.04150585394547],[-79.28560111894896,40.04507014033901],[-79.28565656566325,40.04707777375646],[-79.28431153166306,40.048248711508116],[-79.27810085916472,40.050486629791706],[-79.27874610196531,40.05553795321429],[-79.27134644450973,40.064237684449985],[-79.26724077175878,40.06586955929587],[-79.26773427832809,40.074267193785204],[-79.26438634529907,40.07866931138953],[-79.25891678830001,40.07978842560273],[-79.2561348118663,40.088340211516496],[-79.2467882671365,40.0937087944544],[-79.24059338971578,40.09233358204368],[-79.24008149014102,40.0947069263738],[-79.23746048372138,40.09622866001039],[-79.23400770651892,40.096219271087556],[-79.22667208187511,40.098249651330796],[-79.22261982205262,40.10417149187705],[-79.22086387618361,40.11273723299237],[-79.21716584543385,40.1145752921007],[-79.21448341491003,40.1175477505755],[-79.21015539565154,40.11886967021131],[-79.20295023513307,40.11492533355693],[-79.20219120992196,40.11764065131234],[-79.19713104484227,40.118704506625875],[-79.1968271762227,40.115839598211664],[-79.1939742364748,40.111894957326236],[-79.19118060080702,40.109788669113094],[-79.18702577673528,40.10954976367606],[-79.1836192412104,40.11068588815416],[-79.18035800818271,40.11639896642669],[-79.17424784728317,40.120604026439715],[-79.17230329562868,40.126111131221585],[-79.16762536639735,40.12878410583181],[-79.16582467634234,40.138690372249904],[-79.16220188219258,40.14277040138639],[-79.16323090324885,40.145870164239156],[-79.16231566460308,40.14946612574923],[-79.16275389783299,40.15406232022698],[-79.16049351289763,40.15688360053335],[-79.16126293251489,40.160869017853265],[-79.1497681557163,40.16037314966839],[-79.14002515031565,40.1638988707494],[-79.14138640968648,40.17037233068767],[-79.14116872633356,40.17399382861986],[-79.14330647865621,40.179888730864846],[-79.13439277456965,40.17872190921773],[-79.12674368909565,40.18328120236252],[-79.12596274948316,40.18499890898291],[-79.12771107045207,40.187349470004925],[-79.12578368650097,40.19124497449769],[-79.12373893047148,40.19301758067754],[-79.12615735421812,40.20039071978111],[-79.1227952852998,40.20142262301359],[-79.12194257838097,40.20313803077481],[-79.11623870392488,40.20375275728826],[-79.11460042657829,40.205038467159206],[-79.11407486272975,40.21062934676545],[-79.11003146299092,40.21162872811248],[-79.10698082471023,40.214305550133986],[-79.10695779729623,40.215789549617156],[-79.10907176582344,40.21832419572703],[-79.1055453806666,40.217011252247566],[-79.10318198501929,40.217909085735776],[-79.10353420725569,40.22014153997067],[-79.10028635463416,40.2223438026329],[-79.10103820410276,40.22361902649316],[-79.10463829063877,40.224480402858696],[-79.09934384044143,40.22526791958595],[-79.0983419521,40.227345286521654],[-79.10015283174526,40.23114891681636],[-79.10244634295503,40.23216445619335],[-79.09539737341333,40.232965494576625],[-79.0942434586848,40.23746660564013],[-79.09160971505274,40.24041196616555],[-79.0863428952369,40.24239051865082],[-79.08673402799981,40.24534197519876],[-79.08447310587192,40.24661913636571],[-79.08247182740386,40.25007407224065],[-79.078165657868,40.25235986662014],[-79.07808424624875,40.25483996154657],[-79.07956984323471,40.25792790996589],[-79.07579599826823,40.26132710156473],[-79.07270825417643,40.26736770942326],[-79.06745022527396,40.273088558483444],[-79.05987625243243,40.27581464278719],[-79.05680526641224,40.27868704690548],[-79.05670962098732,40.28310661233784],[-79.05512103754393,40.28917857632206],[-79.05163553741063,40.29009261754203],[-79.04624873680882,40.29671042904611],[-79.04504762549355,40.29964791693135],[-79.04134557927446,40.30229039848065],[-79.03984402102256,40.305269275747975],[-79.03729555356212,40.30725920220508],[-79.0363726828297,40.31074687910697],[-79.03694223268614,40.31406216338866],[-79.03120475405191,40.31810034518935],[-79.03044981617535,40.3220234995302],[-79.02465797689001,40.32691179044314],[-79.02001928337533,40.33560575049143],[-79.01536828833115,40.33918716045594],[-79.00993356799881,40.34047750599795],[-79.00938366519595,40.34478758078087],[-79.00607897616639,40.35120367806011],[-78.99817112917817,40.35616915869986],[-78.9741557372558,40.394580635559755],[-78.98309089670462,40.40664313576711],[-78.98916117240553,40.411913838804566],[-78.99871022614649,40.41383188272132],[-79.0126792147658,40.41975869575565],[-79.01885466791512,40.42039133715742],[-79.02800790328065,40.41977183348646],[-79.03295263664296,40.417482349225686],[-79.03445499349715,40.41114637077489],[-79.03379199729159,40.40902058319708],[-79.02818332808594,40.406874730125274],[-79.02821820607517,40.40501918254233],[-79.03224918570689,40.40218384297183],[-79.0331629933364,40.39911022499233],[-79.03533558861398,40.39677653092974],[-79.04077774430192,40.395732096793346],[-79.04172822834784,40.39203790119712],[-79.05177750715814,40.38949786375787],[-79.05691765912903,40.384809949338276],[-79.05964903256447,40.37998341213203],[-79.06326106040555,40.37911910628386],[-79.07022559459875,40.38057943697533],[-79.07595960304104,40.387014789450696],[-79.08021226083373,40.38920068342491],[-79.08348418291499,40.38951582695775],[-79.08814824036172,40.38738220469674],[-79.09052015922441,40.380399210220624],[-79.09527968243302,40.37573003918503],[-79.09607976514418,40.371320784768436],[-79.09835033697486,40.36948717079534],[-79.10132160371029,40.368794933638846],[-79.10489546393158,40.369913175204296],[-79.11017287847788,40.37334768497688],[-79.12090255655572,40.37048351526535],[-79.12712039671172,40.3750822643611],[-79.12873541038739,40.38467551482934],[-79.12766249045981,40.38658091768555],[-79.12243145144005,40.38965840481201],[-79.11528167565211,40.389518622631705],[-79.11504784508196,40.39109854915347],[-79.11643819190171,40.39379799968446],[-79.13476971305275,40.39830045078723],[-79.14801398851155,40.39751001942411],[-79.15320543159022,40.399286173889315],[-79.15407679022931,40.40149968630542],[-79.15170906560064,40.408061542598745],[-79.1529170993335,40.41031897591429],[-79.15494871301037,40.411470468922275],[-79.15836089534514,40.41172829107554],[-79.16504253837728,40.41010693662407],[-79.17286460254407,40.41050272315092],[-79.19134838454252,40.41518672044276],[-79.19416933618146,40.41428010065901],[-79.19819200909173,40.411027311575495],[-79.20045131155716,40.41069426261642],[-79.20721737646306,40.41562385769199],[-79.21129742117729,40.42182738280786],[-79.21531290756529,40.42470087088547],[-79.23204703639328,40.430548568472915],[-79.24048142549539,40.42989959504778],[-79.24698520120296,40.432218552673966],[-79.24992267691066,40.4299003123514],[-79.25404680375252,40.42221973572905],[-79.26124393423066,40.41767567779791],[-79.26524943943753,40.41641136113723],[-79.27246647478574,40.41793242909572],[-79.27393316043835,40.42181228684675],[-79.26933162932865,40.42884410485527],[-79.27076343339874,40.43523800078523],[-79.27338080433644,40.43959438271977],[-79.2834745740078,40.44263124626728],[-79.28531772473134,40.44178120830039],[-79.28977553527704,40.43661951864254],[-79.29845416732175,40.43458915603347],[-79.30119266170244,40.43520224920618],[-79.30170865759492,40.43963901525917],[-79.29972570565697,40.44439916892608],[-79.30138539075509,40.44757349618648],[-79.30168194349498,40.45096817120745],[-79.29801137873505,40.45585628469901],[-79.29935762546087,40.45939493853614],[-79.30099296980806,40.46099768434946],[-79.3187824906358,40.458491736198084],[-79.3224263933981,40.45645745321759],[-79.32558190819157,40.45272606610127],[-79.32874670348025,40.45284092960386],[-79.33002361823243,40.453842214594786],[-79.33050897708213,40.458850070504774],[-79.33258343141492,40.463449774952835],[-79.34003061603724,40.47053999359804],[-79.34318425874166,40.46966217950907],[-79.3450064032606,40.46792458902624],[-79.34577983116064,40.45590900699103],[-79.34701018263841,40.45299396169533],[-79.35175446143663,40.45183053815197],[-79.35814322404174,40.45261118531314],[-79.36015292780885,40.45394439696534],[-79.36249952765527,40.46070896141525],[-79.35852414924808,40.46952872636849],[-79.35756203740911,40.47596169905214],[-79.35915580323336,40.47815256575741],[-79.3627780431226,40.478585018249035],[-79.36642421323269,40.47665477148873],[-79.3665010982412,40.4650001053028],[-79.368802838019,40.45788959273742],[-79.37080265852134,40.45545528168783],[-79.37963141791465,40.452494535255255],[-79.39309953198268,40.45498232732418],[-79.3957916059211,40.45738535244124],[-79.39779117579349,40.46250307190966],[-79.40208498451102,40.46689425186703],[-79.40402153666791,40.4722234655166],[-79.40640254288805,40.47409507245217],[-79.41100642578714,40.473282510722285],[-79.41756353087987,40.47006162364843],[-79.42065706461368,40.47004334298875],[-79.4225827750034,40.47163132740471],[-79.4281720989894,40.48222024731919],[-79.4289119685254,40.48697809984251],[-79.43018643177517,40.488715972697584],[-79.43763803341375,40.48673675919547],[-79.44685295878476,40.48080044252234],[-79.45092127509463,40.48200174691699],[-79.45349944894322,40.48386947031376],[-79.453941884492,40.48498701987107],[-79.45245148690917,40.49061424348388],[-79.45551604099191,40.4971705294291],[-79.45391262366824,40.506099008500755],[-79.45855830068594,40.513306281905855],[-79.45983058911442,40.518237563154386],[-79.45783010835032,40.52212063660147],[-79.4504080433183,40.52607672770997],[-79.44910052565933,40.52780478984216],[-79.44996177196326,40.53010823575916],[-79.45285537395247,40.53300748447352],[-79.45562822440124,40.53451972985321],[-79.4673299802278,40.53405575608732],[-79.47407179511261,40.53010531278807],[-79.47670626817666,40.52992406579865],[-79.47787200563266,40.53134568778346],[-79.47678653085067,40.53587264727071],[-79.48081877800524,40.53730665770701],[-79.48409862053236,40.53541026133039],[-79.48486873724228,40.530282582118026],[-79.48696819707932,40.52712055546298],[-79.49213226849128,40.525167861854],[-79.49699515275478,40.52525014667032],[-79.49794329489278,40.52613862314867],[-79.49729652585451,40.5289952443539],[-79.49880594346685,40.53228632655523],[-79.50605465700524,40.536707932249335],[-79.51103144764677,40.54248506653488],[-79.51368091269461,40.542859776315524],[-79.52140764764346,40.541416733655986],[-79.5258161074424,40.54244908328132],[-79.5354837010716,40.550221605582685],[-79.55941726814969,40.56239907083442],[-79.56582272324943,40.57361683643919],[-79.56742330099847,40.57876652037965],[-79.56986609783542,40.5818274468098],[-79.57020121435217,40.58464474393297],[-79.56621345716033,40.59325149230196],[-79.55099278656684,40.60215127217573],[-79.55038605723743,40.60402593538613],[-79.55237598728851,40.60496965002515],[-79.5585497875377,40.60529520467164],[-79.56691564057353,40.608111029596905],[-79.57037859119659,40.606731762858125],[-79.57641810588723,40.60179027739886],[-79.58073144038578,40.60248297822541],[-79.58376594672058,40.60587665538532],[-79.58338433430306,40.61018237810607],[-79.58446415508864,40.61230984469504],[-79.58911311904195,40.61660122588506],[-79.58851680118669,40.62498860784291],[-79.58311537780867,40.63254945467806],[-79.5835768998623,40.63663080149781],[-79.58554659176833,40.63690738005833],[-79.59152790910329,40.634249043369124],[-79.5962060485404,40.628321623043504],[-79.60110701598207,40.6249017070121],[-79.60344351517143,40.624328112056766],[-79.60795149213418,40.62542834588562],[-79.60943468612675,40.626836463945565],[-79.60998399963476,40.62958641388472],[-79.6088378885711,40.63805691887437],[-79.6112456115861,40.64244573213621],[-79.61445097928458,40.64421104436872],[-79.6209203935342,40.64539568804837],[-79.62750220050062,40.64812168307805],[-79.63470505953534,40.65306972530113],[-79.63671815623927,40.65707282096299],[-79.63731455494292,40.66403916069383],[-79.63965212851738,40.66670027859921],[-79.65350383129658,40.67227459939935],[-79.66076907922609,40.677376438656616],[-79.66535753266186,40.67916766210183],[-79.66917279086124,40.6793623833493],[-79.67660247989508,40.67225398107714],[-79.69138379346627,40.668892550619724],[-79.69473593150914,40.666539767502314],[-79.69559853337083,40.6614947684355],[-79.6889894418743,40.647917811779365],[-79.69005889160994,40.640938281044676],[-79.70111515400595,40.62771924876254],[-79.71435495944789,40.61707431997188],[-79.7211057547906,40.608229183600066],[-79.73582373354098,40.60211749807644],[-79.74921848219977,40.598929157582255],[-79.76175050143611,40.594414620710374],[-79.77040006130328,40.586994876470655],[-79.77315314162925,40.5821540119911],[-79.77451216778829,40.57487579658839],[-79.77405525049882,40.568473340477496],[-79.7650577731221,40.549601513434055],[-79.76046095098113,40.551088975762305],[-79.75723573500645,40.55014251447652],[-79.75422770651464,40.55043465596609],[-79.75148635189807,40.55180633625694],[-79.74268214615641,40.54853199372898],[-79.73989021010114,40.549463314937825],[-79.73561563611047,40.548996020819644],[-79.73188821248463,40.54506544637707],[-79.72469592392586,40.54222117888095],[-79.72238321571847,40.542167294915146],[-79.71551586935755,40.53357621463424],[-79.71036903481925,40.53235633762696],[-79.70720729919243,40.529761811928154],[-79.70585161656287,40.52735452948256],[-79.70163026236288,40.52519233372098],[-79.70201182716971,40.489550987212404],[-79.70456599623726,40.42644181326268],[-79.70660103159707,40.42471829812776],[-79.7070808029257,40.42241920623474],[-79.71600957714949,40.417342726032786],[-79.71727423079636,40.41386278680475],[-79.72274641626595,40.414940717880064],[-79.72706052062068,40.41417881621957],[-79.7275288007002,40.41238229810146],[-79.72512962964672,40.41164664474182],[-79.72212995638536,40.40897706852972],[-79.73019262531786,40.408561591200275],[-79.72988553174642,40.4074841243125],[-79.73214583493507,40.40593649005847],[-79.73233899158576,40.399902463438174],[-79.73428934366207,40.39805745204539],[-79.73650914001794,40.39939751523349],[-79.73860223888444,40.39792331420787],[-79.7385746237743,40.395575200299746],[-79.74186356803185,40.39686256691459],[-79.74465222882961,40.39613256732641],[-79.74781565328915,40.390847738287164],[-79.75038507575023,40.3913269594053],[-79.75114863296194,40.38834853400317],[-79.75383553440095,40.38849685423689],[-79.76228908905965,40.39250869914587],[-79.76497765328021,40.38960508662497],[-79.76394663257413,40.38437086846659],[-79.76573586910926,40.38449987946286],[-79.76889986579566,40.38214915361485],[-79.78779741900047,40.297652045335],[-79.78436514943763,40.29614983290028],[-79.77806734484831,40.2913262820679],[-79.77528045732494,40.28837315373953],[-79.77503049570724,40.286214210511204],[-79.77987063642438,40.28218107398348],[-79.79164532018065,40.28219295018428],[-79.79597487286334,40.28076270891616],[-79.79628768151663,40.27549611807808],[-79.79479644400902,40.271704161816835],[-79.78834847524016,40.26472902742195],[-79.78751332589356,40.2619232364395],[-79.795701551455,40.25390767683076],[-79.79939816645985,40.246233101785194],[-79.80269351301047,40.242231488753205],[-79.80528613536205,40.24108158127798],[-79.80721001947683,40.236960464449155],[-79.80663347533758,40.234001356713556],[-79.80416520677075,40.232015394464035],[-79.7829638880872,40.22776735561403],[-79.87147824105254,40.19736803613303],[-79.86374428275052,40.196521014828015],[-79.85595428035452,40.19245183293022],[-79.85350302228592,40.189884614858165],[-79.85096502918168,40.18126997526374],[-79.8503751001447,40.17440976213534],[-79.85237303508327,40.169532473650904],[-79.85862105324293,40.163615400645384],[-79.86121752038396,40.162446714725604],[-79.86734012834006,40.16185687278407],[-79.8854727445209,40.16476714662657],[-79.89424921118488,40.16499282442736],[-79.90129707490048,40.162344629994855],[-79.90442753657899,40.158560945845956],[-79.90468652536698,40.1540602666234],[-79.90271760870704,40.149375171878084],[-79.89326508972314,40.14064598130476],[-79.88630833583862,40.13000903098805],[-79.87698083269787,40.126743812576606],[-79.8755715062728,40.12946849190052],[-79.86922561935789,40.12807446607477],[-79.74449626782155,40.12813534355546]],[[-79.53408812965016,40.251170184052526],[-79.53416248590116,40.251169037709985],[-79.53403518384563,40.25118498777524],[-79.53408812965016,40.251170184052526]]]}},{"type":"Feature","properties":{"NAME":"Wyoming","FULLNAME":"Wyoming County","STATE":"Pennsylvania","FIPS_STATE":"42","FIPS_COUNTY":"131","GEOID":"42131"},"geometry":{"type":"Polygon","coordinates":[[[-75.83928727070791,41.42463277370203],[-75.83455749431164,41.42691985605788],[-75.77162847038169,41.50580114939124],[-75.80323242198918,41.52423490811692],[-75.7875104537379,41.54353271417939],[-75.76929904362854,41.56847483039352],[-75.77429652606432,41.574053398182954],[-75.72857792131926,41.63564227989506],[-75.72169952478201,41.63458654156052],[-75.71877617598048,41.6361210746193],[-75.71862150585147,41.637800185304116],[-75.72065724189721,41.639369249873575],[-75.71994664396476,41.6422633097993],[-75.7679243535459,41.643409262161505],[-75.79217983010942,41.64203435627422],[-75.86872414538861,41.64435627720562],[-75.87896393980266,41.64346417365872],[-75.9863043796021,41.64480187625999],[-76.08775994339886,41.644724524591915],[-76.11429173202772,41.64338178692745],[-76.11517215826129,41.65182516205649],[-76.19800281113523,41.647821171704365],[-76.20876418536953,41.59169468605406],[-76.22387981146527,41.524496167707134],[-76.2281305962706,41.51113692868438],[-76.28279132061131,41.37725287020698],[-76.00506990201973,41.38455118193306],[-75.98322856603558,41.39107275872386],[-75.83928727070791,41.42463277370203]]]}},{"type":"Feature","properties":{"NAME":"York","FULLNAME":"York County","STATE":"Pennsylvania","FIPS_STATE":"42","FIPS_COUNTY":"133","GEOID":"42133"},"geometry":{"type":"Polygon","coordinates":[[[-76.24079759276826,39.72129146967036],[-76.2397086343196,39.725738208579706],[-76.24210283768956,39.73214848593866],[-76.24613700274726,39.73716376576272],[-76.2530547239344,39.74323677412669],[-76.25750302221955,39.750626482642176],[-76.26720997373629,39.75824100096444],[-76.27826753868946,39.77753885659786],[-76.28190150159315,39.77971920872725],[-76.28639057351073,39.77964945635141],[-76.29231497628423,39.782248212553654],[-76.29805017948584,39.789135481085694],[-76.30008378382942,39.79385789063185],[-76.31035719859128,39.803570586873924],[-76.31304782624207,39.80819230215408],[-76.31603438589691,39.810478037747124],[-76.32993905873515,39.816284425281005],[-76.33812795982968,39.822736625922694],[-76.34230011958975,39.82881357322278],[-76.35044205047303,39.83741361060731],[-76.35141702349192,39.84170770170587],[-76.35065374206299,39.84627838681734],[-76.35239513073283,39.84935608624068],[-76.35726011615579,39.853940529029025],[-76.36938134749079,39.860281951266266],[-76.3773541920814,39.866506457082146],[-76.38024985390759,39.87418483264514],[-76.38109232632038,39.879173074593986],[-76.37905181393229,39.8834307503956],[-76.37901449791538,39.887727931201795],[-76.38316278045521,39.89351086086081],[-76.38505809455066,39.90592214290314],[-76.39030939596998,39.912333156503195],[-76.39559011631653,39.91472296901181],[-76.40467153047678,39.91643721553193],[-76.42176097354235,39.92660282399164],[-76.42838031212132,39.929301686689755],[-76.44462727828251,39.93351360222367],[-76.45904910673825,39.94202567734523],[-76.46792270374233,39.94426213014345],[-76.47271193872896,39.947998484099365],[-76.478017901735,39.95530510676814],[-76.48596445173891,39.962112288951936],[-76.49414853696521,39.976646004768455],[-76.4972875425204,39.996864486586176],[-76.50017458501142,40.00145512048784],[-76.5101306061188,40.01153292917052],[-76.51256997498461,40.015734092207246],[-76.51962087320923,40.02049668155808],[-76.52605476807256,40.02679718258693],[-76.53098123599017,40.03677610291787],[-76.53058860214242,40.04653495621882],[-76.53317365169619,40.051512691509714],[-76.53986772920847,40.05222148446064],[-76.55632618663533,40.04702718838307],[-76.57255749066954,40.046407679556054],[-76.59764341479749,40.05259424241765],[-76.6226211700871,40.05572731094585],[-76.64064148967088,40.060221512344974],[-76.64348753305235,40.06038660613873],[-76.64483391991536,40.0585418268812],[-76.64672990235741,40.05854584635153],[-76.66380194505591,40.06375554061279],[-76.67536513215663,40.073524446739455],[-76.67624944180716,40.07672808671158],[-76.68076598869771,40.08460130397843],[-76.68942851035612,40.09546536721102],[-76.69738642584502,40.103378655342205],[-76.710738809955,40.11422068580917],[-76.72156394930315,40.12096680549626],[-76.73262955238145,40.12328652447069],[-76.74304816004607,40.130835514616166],[-76.74512378757863,40.139362536179746],[-76.7457429388118,40.14737130693743],[-76.7479846360943,40.15426903080098],[-76.74774342945734,40.15998485445911],[-76.74901877125947,40.17017071440939],[-76.75250664564008,40.17658270101306],[-76.76271181718646,40.179551000591744],[-76.77299573594895,40.18434308017845],[-76.78668798507027,40.19181014765957],[-76.79990128931301,40.200606488814884],[-76.81914960050031,40.20142621619905],[-76.82457874588802,40.2026568720482],[-76.82877987901094,40.205851014056094],[-76.83280254563303,40.21665689461206],[-76.8399313241995,40.2222207541807],[-76.85783988258217,40.22659706358064],[-76.86194735465864,40.222982987581865],[-76.86115262500824,40.21902079109036],[-76.86479457842638,40.21821595090623],[-76.86677600412666,40.216011854240016],[-76.87255643211294,40.215536419416445],[-76.87948187072668,40.21783369585162],[-76.88534836899527,40.214113122191144],[-76.88891032294578,40.213703075768976],[-76.8917106905883,40.2158327732485],[-76.89686508444973,40.22442417081221],[-76.90034042823042,40.223440916940056],[-76.90308306384459,40.224451912006664],[-76.90423158508817,40.22382811030745],[-76.90409087657532,40.22290787221538],[-76.89961699786413,40.217203307718336],[-76.89877509588155,40.214829702960785],[-76.90025550330009,40.2119754163996],[-76.90237154334234,40.2125424391074],[-76.9036517135891,40.21636292810932],[-76.90565926229785,40.21719359458751],[-76.90756848051728,40.21417654712927],[-76.90619995018253,40.21132843257561],[-76.90660556738106,40.20927331385494],[-76.90998101850221,40.208266613340065],[-76.91101513300612,40.205023410475356],[-76.91303827377325,40.204576151480815],[-76.91511345035153,40.20607978111117],[-76.91550157375825,40.20924808831413],[-76.91878310242315,40.21016839599461],[-76.9221389199654,40.208340599242625],[-76.92372354004176,40.20596207298837],[-76.92365780492251,40.20366595565923],[-76.92590470704378,40.20259687233543],[-76.92693544927214,40.200057475260685],[-76.9316887750036,40.19866979727453],[-76.93089732600062,40.19737737128859],[-76.92877070200771,40.19674352125653],[-76.92674780648065,40.197684211406944],[-76.91832827012344,40.19808593706451],[-76.91511401629018,40.19601832036017],[-76.91378857813959,40.19347985440449],[-76.9085394695079,40.19050955454212],[-76.90919589902872,40.18896290500302],[-76.91346547569145,40.18884586918861],[-76.911900073274,40.18491578858384],[-76.91393682711093,40.18283208419017],[-76.91614127395354,40.18279863032501],[-76.92063710479532,40.18664206643936],[-76.9256428454435,40.188480227213034],[-76.92751175086626,40.18768642441975],[-76.92846885010594,40.18444250334406],[-76.92377795189684,40.177383191206715],[-76.9076894638231,40.1694028939629],[-76.90559036690546,40.16733326816927],[-76.9060219624837,40.16575890374469],[-76.90964824748666,40.16603635963058],[-76.91102951593214,40.16492992944023],[-76.92051565526384,40.162518621069005],[-76.92947809385292,40.161322476720315],[-76.93326457362386,40.161864917372206],[-76.93925119012066,40.16434519528069],[-76.94285448633718,40.16419460933982],[-76.95037832150774,40.16588008519218],[-76.96015200078212,40.16378661501898],[-76.96451167577293,40.16485796661313],[-76.96732345651112,40.16263929136052],[-76.97304830393415,40.16298220927139],[-76.97794693845101,40.16479400264274],[-76.98185357148448,40.162989515047805],[-76.98056439472865,40.16046030809208],[-76.9776116395763,40.15890596939424],[-76.97313733416533,40.159090378653595],[-76.97129474309222,40.15714464813346],[-76.97566978646088,40.15290860129367],[-76.97884511898785,40.152033844545905],[-76.98146611822096,40.15377457274898],[-76.9867263075717,40.15516828763167],[-76.99212974317595,40.1552466466321],[-76.99689641966917,40.15333152591117],[-77.00315710048106,40.153287342391046],[-77.00559798031318,40.15113517790383],[-77.01124025729023,40.148480936033984],[-77.02006988445612,40.14816950281963],[-77.02273927683191,40.14583484361867],[-77.02878379154541,40.14788131563382],[-77.13714441836862,40.069851473056104],[-77.12756326153436,40.068584890003244],[-77.11184757250695,40.06138713794251],[-77.10680313962281,40.06002981638858],[-77.10367763125478,40.05762301622457],[-77.09206514820453,40.05368534010435],[-77.08099120876035,40.04349993782818],[-77.07843705226922,40.03763380428298],[-77.0724895798609,40.034153548331005],[-77.07017004894894,40.03001529492703],[-77.0684893908839,40.028885419402],[-77.06130520512897,40.026515979015265],[-77.05634048694655,40.0234727033958],[-77.04056941049363,40.02127590100028],[-77.03340212384586,40.018748095619586],[-77.02613643933512,40.01842736082362],[-77.01850366547005,40.013891560448286],[-77.00007062481043,39.98429398550815],[-76.96660204196434,39.93518781078397],[-76.96978549795641,39.93738586649705],[-76.97262416706769,39.934132185769485],[-76.97100669829636,39.93118000961915],[-76.9720263364495,39.928973861584666],[-76.97107250348418,39.92781034681402],[-76.9723503956034,39.92587496940091],[-76.97180675944797,39.92456249304476],[-76.96992987159562,39.923736741648156],[-76.97021424048533,39.92135407384642],[-76.96493754818451,39.922078877673684],[-76.96854850703039,39.918338139691],[-76.96706368169727,39.91639493559575],[-76.96804328912471,39.915103261147955],[-76.97175574142803,39.9146810593929],[-76.97292139444238,39.91375023012932],[-76.97252315241232,39.91181120578515],[-76.97359427840426,39.91027752438892],[-76.98156243558573,39.90533888904244],[-76.98044851924352,39.90338143446168],[-76.98404172737942,39.90156061855426],[-76.98411011881693,39.899530140089276],[-76.98233474328663,39.89863983420779],[-76.98200965376509,39.89743434422546],[-76.98395235668674,39.89356652167231],[-76.98197442363627,39.89209884524834],[-76.98015339212998,39.88655271735638],[-76.97747557535345,39.885540804607054],[-76.97831571933304,39.881984462172255],[-76.97397496915032,39.87434307198796],[-76.97253993473845,39.87292004438536],[-76.96362749637811,39.87402547263413],[-76.96224033947594,39.86484347035645],[-76.95493166878222,39.85686192747724],[-76.96491128503887,39.85056784012819],[-76.97406511239413,39.84968710337732],[-76.97855200499886,39.84766668217596],[-76.9832443755467,39.84132310320926],[-76.99064012892406,39.83437017568665],[-76.99969262541698,39.83188756595838],[-76.99924982874545,39.71997117852748],[-76.24079759276826,39.72129146967036]]]}}]}
